"","MMA007","MMA014","MMA015","MMA018","MMA022","MMA023","MMA024","MMA026","MMA030","MMA031","MMA032","MMB001","MMB002","MMB003","MMB004","MMB006","MMB007","MMB008","MMB009","MMB011","MMB012","MMB013","MMB014","MMB015","MMB016","MMB018","MMB019","MMB020","MMB021","MMB022","MMB023","MMB024","MMB025","MMB026","MMC003","MMC010","MMC011","MMC013","MMC016","MMC017","MMC018","MMC022","MMC023","MMC024","MMC026","MMC027","MMC032","MMC033"
"1",15.8922000008094,20.3538000010365,1.97808750010072,173.511923446336,8.17100000041609,4.56221250023236,0,8.46395000043103,69.4300250035357,18.1755625009253,14.5743750007426,1.03800000005229,0,1.81995000009263,12.882237500656,24.4343625012447,0,0,19.0964750009729,0,4.94828750025205,29.3640000014953,15.0465000007662,0,0,1.87020000009512,7.48860000038092,0,0,7.03092500035788,0,24.2683875012357,0,0,4.55610000023191,18.2607250009302,10.8626750005531,32.3127000016454,124.454287506334,10.2639000005226,5.96678750030378,6.66205000033922,0.939412500047861,19.8692000010116,0,0,9.20633750046908,17.0514000008685
"2",91.6440000046667,60.2539375030683,2.19301250011167,349.994260955326,50.2290625025581,5.08688750025899,6.79957200034686,19.125812500974,134.785387506864,109.00496250555,34.5489250017592,24.1288500012297,14.5376250007404,16.6290000008469,150.25141250765,90.4778500046075,5.15070000026208,15.7906666674706,43.1978250021995,39.1638750019945,34.9327125017788,79.1840000040316,45.1592875022997,0,26.8415916680339,50.4791375025707,48.3750000024635,9.90716250050477,8.64480000044021,37.9852000019348,9.94560000050644,54.6792000027844,20.0438000010207,6.01247500030606,9.9017375005042,35.8844000018273,12.4121250006319,100.263500005105,311.047062515837,64.1870625032686,12.1502500006188,22.7105125011565,24.075937501226,72.5514750036943,8.70880833377677,30.7058000015637,27.7351125014121,38.0461875019373
"3",62.3265000031744,61.1004000031114,2.48292500012647,355.141651580582,32.9833875016794,5.23570000026668,26.8455330013662,15.5954375007942,90.5351125046098,101.219037505155,34.6410250017641,20.5245000010442,12.685312500646,7.59708750038683,116.855837505952,58.5231875029801,8.62930000043964,11.4906083339186,29.8184875015189,18.5069250009421,19.2717875009813,52.6601250026818,32.7835375016694,0,23.6424666678707,27.1892000013846,35.7324000018198,13.2891500006765,10.2568250005222,22.1678750011285,7.15260000036441,59.2076625030151,21.3346625010864,3.82252500019481,8.95270000045587,36.544812501861,10.5742000005386,110.233262505614,235.488437511997,43.8855000022347,9.43775000048059,17.5239000008923,7.93003750040371,52.1158000026541,6.20930833364982,25.1255500012794,29.6501625015099,30.1538625015355
"4",91.9913125046846,92.5865375047148,2.76946250014099,338.837832829758,38.5063875019609,4.43540000022575,43.9059513772358,9.91196250050477,105.352887505365,74.9913000038189,63.9023625032541,32.1282500016364,12.9257500006582,9.92566250050553,121.685762506196,82.4704125041995,3.45373750017581,29.0448500014788,31.097950001583,39.6818750020211,18.3150000009327,59.3277750030217,46.4086750023633,0,56.3948416695385,33.2804625016947,66.6242000033927,44.8974000022865,25.7536625013115,20.0160000010193,0,67.0153875034126,23.5853875012008,6.59640000033583,12.3560000006293,50.9929000025964,12.8928000006569,177.699000009048,305.596662515557,89.5800375045618,10.2649875005228,18.5109375009427,11.7466625005982,82.0542750041781,15.7500583341352,64.9072000033056,32.6053000016604,46.0068000023427
"5",139.652937507111,84.7785125043172,2.82825000014394,342.975951579962,62.8906125032026,3.93105000020029,229.036594511664,13.6237875006938,138.097087507032,119.037262506061,68.3953000034828,68.2090000034733,13.1917375006719,13.0129000006626,169.388100008626,86.1869625043894,6.94600000035359,53.0237916693667,43.3404000022071,76.8447000039134,23.3813125011907,64.1406250032662,53.4821250027235,0,88.6922916711829,28.0124000014266,39.6684000020194,93.8663125047797,74.916212503815,30.8880000015726,5.73487500029184,104.115662505302,29.2382000014888,6.99600000035626,14.9456500007611,46.0683625023456,14.0960750007174,123.601237506294,246.79008751257,47.504562502419,16.2519125008276,20.0929875010232,16.8101000008561,107.690362505484,24.5084833345812,74.6492000038013,43.5374250022174,63.8255000032505
"6",105.562562505376,86.60423750441,4.70295000023957,377.602453144229,66.5092875033867,5.17105000026328,244.29681051244,14.6885875007479,193.380062509848,135.643687506908,59.2541375030171,51.4395625026187,14.4896625007378,9.72783750049538,179.422462509136,84.8606875043207,5.64231250028751,56.9676166695678,53.4641375027223,91.224025004645,24.4998375012475,68.5806000034919,34.8912000017768,0,115.319375005873,31.6851500016134,51.0646000026008,105.387600005367,68.9546875035113,27.2045250013856,6.67752500034011,59.234000003017,23.8405875012144,8.00820000040784,13.6104375006931,50.8903000025917,11.479500000585,152.767287507779,366.064562518638,56.1609000028599,13.0053500006623,19.775600001007,15.9141625008103,114.327300005822,20.8378416677281,80.6075375041044,39.3357125020031,48.5177875024708
"7",84.1013375042825,88.8661750045255,5.50320000028019,377.725917206738,68.6954500034982,4.99640000025439,249.525711637706,15.9122250008103,179.402300009135,151.544912507717,67.3934750034322,31.3999875016002,18.45865000094,9.2137500004691,171.266075008721,86.6669375044132,11.6812500005949,49.3450750025126,54.7489500027882,87.5136000044568,49.1465625025028,70.5108000035909,47.3212500024096,2.11960000010801,47.9465250024417,38.9685500019845,50.3640000025644,83.4284000042485,63.8652375032522,24.7402750012602,8.39260000042737,66.3124500033765,27.4612625013983,6.17767500031462,20.8384125010611,54.334937502767,19.618425000999,262.146962513349,347.036712517675,60.9193000031021,12.7993500006518,20.4277125010403,27.6024375014057,110.097062505607,17.9342833342463,71.1291125036221,45.1955500023011,66.7934250034013
"8",140.232150007141,91.0205000046353,5.42213750027612,315.231376578552,48.8952125024899,5.7833125002945,139.269513257092,18.6528875009499,182.770387509308,146.199225007445,70.7510875036033,28.6349000014574,13.3504625006798,6.93046250035302,179.725762509152,81.5390625041524,6.2201875003167,36.1692916685087,58.2442750029659,107.584800005478,37.0574875018872,72.4812000036917,42.6121250021699,1.95292500009934,44.3685500022587,35.6584375018155,35.495775001808,75.5203000038455,61.5543500031344,47.6593250024268,8.41177500042843,143.969037507331,21.8065500011105,4.72672500024052,20.4610625010421,47.1941625024039,33.376600001699,164.381812508372,301.207600015338,59.7267000030417,19.8042375010084,25.7556000013115,19.2430000009798,138.24272500704,25.285358334621,81.8676000041693,41.6146875021194,53.4232250027201
"9",153.623237507823,104.960887505345,11.7359125005976,389.395726582323,74.6961000038038,6.83430000034805,259.59178351322,21.6130500011006,159.098512508102,162.370362508268,85.2923875043428,54.7141125027862,22.7858000011604,12.2509500006237,205.586350010469,96.4378125049111,16.5935000008449,75.1234583371588,72.3551375036848,101.598000005174,63.4992500032336,119.754375006098,39.1149875019919,6.00637500030588,108.557400005529,36.3032750018487,49.9136000025414,150.22917500765,78.4994250039977,44.9788000022908,9.3341000004752,147.735512507523,45.0572125022943,13.8372750007047,26.8685250013681,73.1713875037259,22.7186000011576,151.189987507698,282.724725014397,75.0536000038216,25.0188500012741,21.2372625010814,34.9799625017814,154.183862507852,44.7039416689432,118.81751250605,57.4822500029274,63.851512503252
"10",132.381162506741,119.766412506099,13.8880625007073,407.225364083237,76.9592000039188,7.91952500040333,134.587497131852,24.0826500012264,166.621637508485,156.206550007955,81.1364625041316,48.7410750024822,23.3678750011899,11.8018375006011,211.50255001077,113.234875005767,14.3219250007295,67.6994000034476,56.3841375028708,40.7828750020775,65.3074625033256,140.092425007134,54.6996500027854,4.72207500024047,138.662650007061,27.8229000014171,44.5653000022694,141.636800007212,115.691187505891,46.1552000023499,12.7965250006517,96.7878125049282,44.2482375022533,26.2035000013345,25.6042000013038,63.5248125032345,33.5983750017106,183.543000009347,281.464962514329,75.9619375038683,27.4389000013973,30.5268000015545,33.1568875016885,134.635900006856,37.215225001895,113.724200005791,54.5083125027759,53.2312500027105
"11",129.180437506578,128.766687506557,12.058487500614,416.382904708707,67.7709375034511,11.0444625005624,135.283849006891,16.769287500854,192.709125009813,162.065887508253,104.67083750533,58.0077000029539,16.3791500008341,13.1716625006707,238.941900012169,114.663925005839,10.9868875005595,69.4438750035363,39.047262501989,67.5321250034384,43.4911750022146,85.7052000043629,60.698962503091,7.02150000035756,193.027266676496,31.4123000015996,44.2923250022562,140.060525007132,114.887012505851,62.5857750031867,7.08187500036062,115.714087505893,50.8285500025884,12.5756250006403,28.5235500014525,60.6816875030908,29.1434250014841,209.842212510686,357.704512518217,85.8129000043697,26.2988250013391,30.4366000015499,44.2913000022554,129.41503750659,37.2080916685615,95.7643875048769,49.4764000025189,73.3571125037352
"12",153.811712507833,118.436650006031,9.42558750047999,428.720893771833,82.5594125042041,10.2788125005235,76.5889468788987,22.0205125011213,249.334537512696,162.21396250826,106.964125005447,34.9536000017801,38.3575625019534,12.0806500006152,286.416987514585,107.266037505462,23.9989000012221,57.317550002919,45.8972000023372,44.9373750022881,51.9554500026457,102.987000005245,63.8633875032523,4.18471250021309,164.612908341717,33.423487501702,53.891175002744,152.76573750778,112.059037505706,50.8056250025878,15.2831250007784,134.042900006825,70.9520125036128,18.6030000009474,25.6732250013075,49.7686500025344,31.8389750016211,313.194437515949,323.161675016459,83.4706500042507,27.6920875014102,34.6826750017662,49.6483125025283,168.190150008565,36.1507416685072,89.9782125045816,55.5303625028283,67.6044375034429
"13",156.513250007971,118.472600006033,14.0551250007157,397.21695314523,81.043737504127,14.8458750007559,127.237248631479,24.7210875012589,251.250900012795,138.676250007062,130.707825006656,50.2800500025605,30.6764875015622,17.1591625008739,234.071062511919,138.950800007076,23.3295000011879,94.2403500047987,71.5942000036458,70.6452000035977,68.6992750034987,80.6373750041055,63.4657000032317,5.36110000027302,188.463700009597,28.6136375014571,57.2565000029154,175.638150008944,156.71100000798,63.8064000032493,17.9226000009128,154.877787507887,71.4078875036361,20.0885750010229,32.5565000016579,52.5034375026733,63.7884000032483,128.544600006545,310.442250015808,74.8552875038118,24.961512501271,41.5383250021152,55.5912875028309,176.842362509005,54.8668500027941,116.286625005922,57.2701375029161,78.1300000039786
"14",248.849212512672,140.911650007175,21.4907875010943,444.815282835147,95.9472750048859,20.5100625010446,224.517129511433,36.8676250018774,282.878600014404,141.817037507221,123.008975006263,57.2933125029168,30.9264250015748,24.8075875012632,268.803000013689,176.169362508971,35.3499875018002,121.849891672871,82.6731625042103,108.769425005539,94.9071250048329,113.566025005783,77.3913000039411,8.48711250043218,257.689633346454,58.1411500029607,80.8471250041173,211.418700010766,142.378562507251,73.2663750037308,20.42337500104,133.026262506774,80.3011000040893,18.6813000009514,38.3435875019526,62.9650250032059,57.4425000029253,118.738400006047,517.98237502638,90.5931125046134,32.1206375016357,51.2865375026116,76.4298500038921,244.174350012435,58.3785750029731,110.145000005609,78.1133000039778,105.092162505352
"15",261.300900013306,99.7735000050807,19.0366500009695,411.115996895935,88.2368750044935,16.8248375008567,148.213265382547,33.892587501726,199.995450010185,159.665600008131,126.959537506466,43.1021000021949,46.678237502377,22.1374125011273,267.47400001362,141.058437507183,28.5535125014539,56.5485500028802,70.1638875035729,149.074200007592,60.7052000030911,155.32877500791,89.6299125045642,7.47380000038057,166.340616675139,59.7819000030441,94.4050000048071,335.964237517108,85.3181875043446,45.6722250023251,17.5304250008927,121.487750006187,71.3059875036312,9.34750000047611,45.0135125022922,38.2789375019493,57.9681250029519,137.26270000699,410.930775020926,75.6965000038547,30.1848500015371,54.2036625027603,81.9087625041709,221.765537511293,47.035075002395,109.860412505594,54.0564000027524,83.3346000042435
"16",238.946537512168,109.711312505587,16.9689875008641,378.557390644277,106.998812505449,14.5411125007405,235.183448511975,28.3234500014423,256.855612513079,145.352912507401,104.710250005332,45.6324000023242,41.6349500021201,20.7540000010568,274.118700013961,132.840562506765,33.0322000016823,101.541491671837,62.3810000031762,162.199175008259,60.3354000030728,96.4037000049096,70.4327250035869,13.8763250007066,205.725241677142,35.1750625017914,143.94787500733,299.771062515265,115.250187505869,91.1009750046398,16.1779750008236,134.988887506874,69.4333625035361,9.47250000048219,41.9938250021385,54.6276375027823,37.7300000019211,103.668762505279,347.368462517689,124.720512506351,21.9985500011203,48.6198375024758,75.308200003835,205.175475010448,81.1175333374642,127.318162506484,69.0777000035176,95.1123375048439
"17",311.64330001587,135.684937506909,20.5941750010486,519.440970338955,132.877200006766,12.5405125006385,303.974429265481,26.2210625013352,431.865600021993,131.5713500067,117.393812505977,68.094437503467,69.2105500035243,21.9807375011194,368.054350018741,174.284637508875,40.4119000020578,88.5325166711749,62.7870000031974,196.288225009996,58.4904000029782,91.4344000046561,62.1527500031649,9.35277500047624,167.173441675179,50.8397500025889,141.756725007219,472.001312524036,213.602812510877,81.0276250041254,19.595625000998,238.135225012127,103.377737505264,20.6911250010538,40.297200002052,50.2397250025585,52.9480000026962,112.361725005722,448.625950022839,93.3171375047521,24.2550500012351,50.2632000025597,108.334087505516,222.540000011332,74.8184166704762,103.661787505279,74.2228500037798,87.0288000044312
"18",242.951900012371,138.467562507051,19.2333750009796,319.16942189125,113.764350005793,8.92087500045437,107.465185380471,20.5158000010447,232.800587511853,124.280537506329,103.649625005278,35.1353000017894,82.4870625042005,27.3794625013942,337.528537517188,181.358287509234,65.7473125033479,70.5595166702603,40.2667500020508,113.111775005759,53.6525625027324,90.0144000045828,61.4765625031305,16.4001750008351,106.855366672108,59.6529125030376,71.5464000036431,199.997937510185,112.193212505713,69.0638000035175,36.6612750018669,173.485937508833,92.5116000047112,20.6596000010519,43.5054000022154,38.1113750019401,41.3036000021038,91.7345000046697,318.481312516224,91.3467500046517,22.3329000011373,41.0473500020902,89.6973875045679,232.184037511824,67.0700166700823,69.541050003541,36.4852000018585,76.3362000038873
"19",287.531900014643,100.246500005105,18.8130250009579,314.027653140992,94.3725500048056,11.7948125006006,175.029488383915,12.1735875006199,316.815800016134,122.670725006247,133.205600006783,44.4464125022642,55.5455375028287,26.5678000013529,283.108025014418,190.778550009716,40.8280000020792,65.5415333366703,23.9381875012183,177.113225009019,27.7906125014151,69.4595000035378,59.3414000030217,12.4245000006328,123.087416672935,56.2518375028644,74.7412000038058,219.234337511164,154.102875007847,66.8230000034026,23.5901250012015,189.981250009675,67.8636500034558,11.1443750005674,45.6788000023261,34.9157625017784,80.3250000040902,87.287200004445,306.741600015618,78.8095500040131,21.5107500010954,39.7824375020259,84.9208500043244,259.61515001322,74.0824750037723,89.3012500045474,59.7299375030418,81.6529000041583
"20",342.958162517464,88.7498750045198,23.6574875012047,322.585971891426,157.057050007998,12.1853125006204,117.803817005998,30.7970000015684,428.27943752181,231.939825011812,101.377175005163,38.2016000019448,82.4765625041998,41.1203875020942,293.651325014951,249.58231251271,65.886825003355,89.9843083379155,56.5231625028783,182.82847500931,58.0987375029583,54.7261000027867,46.2122875023531,22.4202625011416,237.938541678784,77.7546000039598,114.062400005809,374.027262519046,318.607025016224,131.5620000067,42.5538750021668,176.643950008995,108.691312505535,29.2610250014901,34.7156500017678,44.9209500022875,75.0543750038215,87.8280000044714,446.073125022711,76.3461375038881,22.5956625011506,31.6628625016124,166.542212508481,286.585200014594,72.5447833370279,76.3416125038875,64.3480000032762,100.483100005117
"21",313.775887515978,78.3214625039881,26.8241500013661,292.109957827376,120.022950006111,19.2153750009785,99.3085612550567,48.2219875024556,387.104562519712,175.363612508929,134.30888750684,32.8634500016733,29.0925000014816,22.1581125011282,218.895412511147,245.527537512503,37.9143625019307,58.4602583363105,51.0132875025978,121.098400006166,28.1626875014345,66.6744000033954,35.2749750017966,11.2019000005705,122.209100006224,25.5435500013007,94.7394000048233,204.783200010429,147.001800007486,134.12000000683,28.5547250014541,165.471962508427,100.764662505131,23.0850000011757,37.8201000019261,31.3691125015967,78.2850250039868,79.848300004068,461.367112523494,58.9506500030019,22.0602750011234,37.0104000018847,132.122862506728,283.045912514414,67.5906416701082,102.985887505245,74.9095625038142,108.623187505531
"22",516.325600026293,80.6735000041085,38.6544500019684,392.607453144989,192.892687509823,23.3827625011909,246.902875387575,117.197900005968,406.480400020697,291.533987514846,208.347937510609,118.346862506027,53.8743000027434,51.9739000026467,345.635962517601,275.691375014038,43.7766375022295,234.033841678584,93.1217625047424,247.788525012618,41.3666625021065,114.065600005809,47.5958000024236,25.7543000013114,516.12691669295,53.924037502746,140.127375007135,562.915950028666,399.209400020329,167.790375008544,32.8354000016719,265.352337513513,108.412787505521,21.8950000011149,48.2302625024559,41.4458375021108,155.52937500792,68.3040000034759,631.916162532178,91.71635000467,20.1583000010266,22.9221000011673,262.775200013381,351.843787517917,120.225208339456,147.706000007521,89.0697000045363,122.032400006215
"23",453.655787523102,66.0145375033616,40.2481500020496,432.346029709518,216.139612511006,19.1065625009729,207.707929510577,144.93016250738,469.263200023899,369.824512518833,161.311562508215,128.057287506521,91.2106375046448,59.6773375030389,413.706475021068,238.476200012144,70.9584750036132,255.279625013,86.280362504393,232.09620001182,69.2631125035267,105.040000005349,43.0156375021905,31.6318625016109,374.166250019053,88.9270000045283,186.301700009488,542.864900027644,428.87958752184,222.732625011342,68.3820000034825,277.101750014111,148.935812507584,67.7396000034493,44.2681875022543,35.8443375018253,139.4156000071,66.0448250033648,527.758637526881,73.0194000037185,17.1371625008726,19.6345125009998,244.797875012466,426.308150021709,86.2912333377277,112.468637505727,83.2438125042392,125.221762506376
"24",316.644800016123,38.8849000019798,23.4747875011952,239.816846887212,94.3157125048027,17.1153000008717,201.821955010277,79.7118000040593,333.204237516968,211.380650010764,120.506012506136,97.6966125049749,34.2545875017443,45.3199500023079,297.32535001514,197.342587510049,49.2587000025085,178.394608342418,58.7636875029936,112.476000005727,20.9652250010677,71.6256000036482,25.0819625012771,26.7189750013605,298.560150015203,58.1528125029614,77.514300003948,339.168100017271,245.413500012497,174.534575008887,23.0676000011745,166.13935000846,92.4249000047061,31.1350000015858,26.5367500013514,36.7432125018708,72.2304000036783,70.6594000035992,306.846900015625,51.6522125026303,16.5792000008443,12.4340000006332,189.90092500967,300.611137515308,75.8822333371976,94.1773625047954,84.9056750043236,108.729950005538
"25",283.266225014426,37.7479125019228,4.69100000023893,250.650057825265,230.289725011727,17.0921000008703,329.768197516793,82.8281000042177,199.479200010156,163.450012508324,152.860225007785,152.144437507748,29.7721625015161,51.4208375026185,304.487675015508,178.675287509099,76.3971000038904,312.343616682572,46.4553000023649,199.377800010153,31.1433125015862,124.722300006351,53.5560000027274,29.9791125015267,389.074925019813,70.5077875035905,129.942225006616,549.228150027967,432.494012522024,183.534400009347,40.7916000020774,141.784550007219,100.383925005112,28.495400001451,41.4232500021094,79.263550004037,41.085225002092,104.87977500534,377.386850019214,56.5822000028817,23.9667500012205,23.8471875012143,227.534887511587,268.474562513672,94.0166250047873,71.5063125036421,77.4588625039442,82.6788625042094
"26",195.633000009962,33.3785125016987,8.88635000045261,260.636065638274,98.1802000049996,21.9399000011173,200.668657010216,85.5361000043557,249.073062512686,116.188337505916,116.100012505912,61.4838000031305,55.1614500028089,30.3658750015464,269.343100013713,218.693550011137,101.704525005179,124.672875006348,68.9983125035137,121.741000006199,24.1971000012323,129.190500006578,54.4998750027753,27.7422875014128,175.359366675597,101.147112505151,106.499475005425,532.589100027122,334.288087517023,123.024900006265,48.1878750024538,134.13541250683,62.409350003178,29.4225750014984,43.0689625021931,158.976687508095,36.2827750018474,134.54210000685,415.99241252119,63.9982875032591,26.4375000013463,36.9467500018813,168.224812508567,349.590350017802,47.1587833357347,56.9348875028992,103.308750005261,122.251687506225
"27",240.039600012223,26.4313875013466,6.30951250032124,220.525304698727,52.0019125026478,11.4951875005853,79.89609400407,48.5055000024701,177.942900009058,81.7998000041644,100.026750005094,45.3630625023106,16.2900000008295,19.9412375010153,181.905837509264,187.950512509571,66.8177750034027,79.3341333373741,54.1991375027595,47.1075750023986,33.8482000017232,103.267500005259,64.9084125033053,18.4502125009395,121.584666672858,77.7131000039571,68.1255250034677,206.968762510539,134.853687506867,101.644125005176,30.2755250015416,159.454000008122,61.9348125031541,26.2089000013348,43.7801000022294,124.776862506354,60.8585000030992,NA,527.296800026851,49.0306125024965,39.156587501994,40.668462502071,115.139000005863,259.642350013222,59.5510583363657,62.4475500031796,81.1669000041324,98.7875000050313
"28",327.108400016658,33.8937375017255,8.96671250045662,247.063231262586,109.616562505582,18.6479500009497,296.987975890123,97.0561875049424,273.992687513955,210.254400010709,124.356000006333,211.327500010762,35.8326000018249,30.2321500015396,293.266900014937,212.144462510802,121.100625006167,301.214016682005,70.5379375035924,160.588800008178,38.7153875019718,126.107225006422,87.0388500044322,45.8970500023372,483.891033357974,121.7469625062,166.280400008468,467.96017502383,543.223012527662,204.380000010408,60.775000003095,165.718237508438,122.321687506229,41.0904000020921,81.9853500041749,190.148700009684,76.7891250039105,NA,481.785887524535,131.810587506713,78.9121625040183,62.0449000031595,221.269687511268,355.870000018122,135.235491673553,111.298700005668,156.979700007995,159.765050008135
"29",338.385787517231,28.4998000014515,10.9360375005568,256.433945325554,98.5718375050195,24.5361000012493,286.133867764571,79.9784000040728,210.433912510713,254.872762512978,138.034387507029,127.973675006517,19.4320625009894,40.4206125020583,331.845650016898,202.977137510336,116.374462505926,225.284325011473,62.766862503197,169.787225008646,24.8124750012634,151.2124000077,102.341350005211,62.2345500031692,418.976758354669,142.17788750724,150.83007500768,329.432825016776,468.426112523854,207.513475010567,57.0582750029056,175.251937508925,167.275700008519,28.3421250014434,87.2383875044425,172.896212508804,74.1370000037746,NA,412.18245002099,152.890425007785,98.5539625050187,95.9349375048854,214.910250010943,430.888050021943,112.378383339056,77.9986500039726,149.488437507612,148.709350007573
"30",323.737287516487,36.446512501856,13.9624625007111,255.666415638019,109.026850005552,24.5226875012488,255.407897888005,94.3354500048038,294.579950015002,298.479400015199,127.779212506506,104.700512505331,14.4267750007348,52.9747250026977,352.683637517959,186.803700009513,87.2035000044404,165.507400008428,125.897700006411,127.599975006497,33.7747375017197,118.872600006054,109.160950005559,95.6050500048685,401.965583353802,174.806300008902,184.026925009371,456.030475023224,551.945125028107,242.660000012357,60.8491250030986,195.99922500998,165.914612508448,23.9010750012171,79.6916625040582,192.678037509812,69.7190000035506,NA,291.021650014816,161.912775008245,88.6146875045126,85.9786625043782,238.885062512165,404.200587520582,40.2997583353858,53.9689375027477,134.464850006847,161.654012508232
"31",340.066800017317,44.2895625022556,11.2149875005709,226.71560938655,44.3599500022584,26.5971750013545,116.455980505933,107.660012505482,276.193050014065,227.780300011598,161.382712508219,49.0171500024965,33.5415500017076,38.2558750019482,243.422675012396,241.420750012294,48.129612502451,104.843141672005,139.152800007085,69.9328000035613,29.8636625015208,137.750000007014,132.707350006758,48.1670625024528,180.311650009183,115.739712505893,91.33057500465,248.22326251264,229.669912511696,203.998725010388,51.4332000026191,184.709725009406,58.1562500029621,20.0664000010222,84.3064500042932,202.902950010332,48.2179750024558,NA,258.452137513162,104.425500005318,63.0310375032098,89.3912875045523,133.804637506814,346.565312517649,37.6534416685842,45.7830750023314,89.0128625045331,116.576025005936
"32",325.825562516592,43.119800002196,16.9490000008632,248.246342200143,111.15056250566,20.8326000010607,196.761076385017,98.4382500050126,331.800750016896,257.561937513116,164.646900008383,112.146200005711,18.8433125009596,56.8802375028964,315.101200016047,349.16543751778,113.032225005756,226.788141678215,103.792750005286,68.6618250034967,26.2300375013361,141.033600007182,103.358812505263,61.9086750031526,417.072841687905,96.7210875049253,107.884800005495,264.790750013483,212.182650010804,218.750875011139,76.5688000038992,233.107375011871,171.305250008723,38.6104000019658,77.4067000039418,220.771800011242,107.584400005478,NA,457.239950023283,123.053700006266,84.9873500043277,118.893337506054,171.05025000871,335.470800017083,110.740350005639,110.35413750562,125.043300006367,132.701062506757
"33",353.564662518003,58.8012750029946,31.7559875016171,376.387039081666,167.051587508507,22.8950875011658,397.662433645252,150.380287507658,462.626500023559,279.249400014219,188.89553750962,190.525037509702,50.1630000025549,82.7222500042125,368.277287518754,454.049875023122,167.783750008543,361.879083351761,100.842200005135,161.0154000082,38.2931500019494,154.116675007848,191.835587509769,107.579250005478,716.861100036505,120.195712506121,225.019200011459,571.123100029083,433.670550022084,229.338525011679,105.405575005368,356.395025018148,263.432700013415,49.5635000025239,137.452950007,292.520912514896,205.467625010463,NA,624.197312531785,189.549500009652,133.482562506797,141.105875007185,284.280600014477,413.77008752107,158.644625008078,136.555100006953,170.616562508688,212.182537510804
"34",385.134925019615,54.7800000027893,25.0835250012773,263.073298450891,127.210250006478,18.5158500009431,161.294691508214,145.461875007407,353.547050018003,284.905000014508,194.636300009912,128.62636250655,40.6592000020702,73.935612503765,289.619712514747,272.921800013898,115.814012505898,288.291266681348,57.5650500029318,86.9124000044258,62.9791000032072,142.586325007261,152.372237507759,81.8416000041677,521.017475026532,98.4995375050158,118.028025006009,470.821137523976,235.578950011996,299.07187501523,104.830425005338,290.503775014794,195.057237509933,47.9680000024427,129.971012506618,230.577787511741,165.651200008435,NA,275.523950014035,183.040000009322,159.44580000812,142.854725007274,311.147700015844,253.636725012915,114.67320000584,174.340650008878,85.8801000043732,141.346762507199
"35",415.403912521153,52.016825002649,23.5033875011968,292.544973452401,161.994337508249,17.0806625008698,239.749880012209,122.971387506262,478.114012524348,353.521262518003,194.790200009919,295.758750015061,48.4426500024667,103.222600005256,427.705000021779,452.364137523036,162.375837508269,444.236533355955,62.1402625031633,95.7176000048739,76.914600003917,203.702800010373,189.68720000966,121.039850006164,840.10982504278,159.159862508105,243.520775012401,457.777000023312,209.661000010676,455.889600023215,132.004600006722,360.375625018351,277.580250014135,54.8685000027941,175.57223750894,281.041137514312,184.171000009379,NA,324.98955001655,221.367300011272,198.325462510099,174.36737500888,374.887387519091,259.031337513192,177.082008342351,128.336550006535,86.2157875043905,131.631712506702
"36",316.309950016108,50.6894000025812,34.6568125017649,343.830303142503,128.405025006539,23.0618875011744,348.430051517743,136.722950006962,542.204137527608,397.111800020222,131.053562506673,210.922000010741,48.9926125024951,112.046737505706,531.269937527053,500.459587525484,170.232400008668,240.088500012227,69.9090000035605,127.497600006493,90.6282375046151,164.099975008357,198.882262510127,160.23315000816,592.956691696862,238.673387512154,282.267625014375,244.780800012464,411.265912520944,423.136800021548,85.6754750043629,245.933250012524,243.772000012413,62.8947000032026,144.040062507335,297.160075015133,115.865375005899,NA,472.774037524066,288.340725014683,193.566675009857,210.979825010744,299.185562515235,268.129262513654,104.14186667197,55.9028625028474,113.090700005759,173.303487508826
"37",365.337337518603,60.6830375030905,37.1714375018929,391.214328144929,150.984325007689,23.9676125012206,452.41764752304,128.42300000654,645.181162532855,391.809187519951,193.61982500986,234.147350011923,53.3922875027185,109.57095000558,575.391000029303,501.065662525516,160.378162508168,315.298200016055,79.6996250040588,88.7238000045177,73.4717125037412,124.338100006331,204.329050010405,125.737800006403,497.226041691986,230.127050011718,466.428375023752,550.976825028057,525.856787526779,424.1832000216,71.3368000036324,279.942800014255,231.53372501179,54.9024000027959,173.733125008847,327.420487516673,80.5224250041007,NA,604.610912530793,310.67160001582,170.322550008673,157.476825008019,259.125475013195,340.911087517361,114.863616672516,56.8178250028932,155.470512507918,182.173550009277
"38",307.097962515639,66.6969625033966,58.8649000029976,355.327737518087,111.832400005695,24.6828875012568,369.442783393812,118.389800006029,530.95750002704,344.99675001757,180.821775009208,106.308587505413,58.9738500030033,98.3324500050072,393.424600020035,509.541300025947,182.05151250927,225.303875011473,66.001612503361,73.2402000037297,59.8885625030502,118.399125006029,161.266062508212,137.622575007008,424.660100021627,187.398750009543,335.293200017075,394.054875020067,423.120075021546,396.392925020187,65.0096000033111,386.844825019699,213.890100010892,47.5061000024192,202.489562510311,268.603912513679,46.4868750023666,NA,388.498400019789,314.916000016037,212.797812510836,166.945000008501,130.041600006623,354.255412518039,88.5983166711785,33.802000001721,113.454700005777,206.495000010515
"39",375.976037519145,70.4691875035878,49.6927625025305,311.321387515858,146.660662507469,52.8304375026903,404.400821770594,126.333000006433,496.63923752529,591.129450030102,287.31113751463,239.700312512206,77.8174375039626,113.549150005782,457.881650023316,653.320212533268,257.925687513134,364.367991685222,111.572250005681,116.467000005931,53.2961875027138,129.18237500658,151.98867500774,157.910837508042,736.596600037509,158.225812508057,285.400500014532,289.196800014725,342.90230001746,378.864975019292,86.4407250044014,390.40000001988,248.851237512672,59.933125003052,187.742712509561,298.459725015197,88.7855000045221,NA,555.01290002826,352.991175017975,228.160000011619,189.186800009634,203.395125010357,478.102487524346,248.230558345974,58.4055750029746,120.838700006154,188.545662509601
"40",305.93235001558,64.5992000032897,54.5383375027772,284.83946251451,84.9543375043254,59.4795625030287,352.083420892927,60.2567875030679,511.884600026067,472.015237524036,332.592887516938,309.67306251577,79.418962504044,84.5614500043063,461.991412523527,581.965075029636,197.040712510034,420.374691688072,101.404450005164,95.6064000048683,81.9741000041741,208.076800010595,222.014400011306,140.21050000714,838.034133376009,119.399887506081,294.404300014991,291.435500014844,451.462225022989,261.629025013321,97.1551750049471,340.88688751736,322.428687516419,57.2007750029129,190.87438750972,381.742462519439,91.7016250046693,NA,163.780700008335,466.138100023737,183.882000009364,95.5026000048629,129.772875006609,323.294900016465,277.886566680818,76.8854375039149,167.745925008542,166.263237508467
"41",263.788050013432,48.9408875024923,24.6734000012565,180.447471884188,64.6115750032909,48.4104500024654,413.553288021061,38.7760125019751,306.232700015593,260.714875013277,274.740800013991,301.108187515333,93.0479000047386,79.2375500040351,513.760525026163,383.619600019538,186.306300009487,400.139875020376,93.7482375047745,132.484275006747,85.2132125043392,261.363600013309,NA,139.792450007119,799.680525040722,112.874050005747,222.208000011316,394.434100020085,314.941875016039,215.486600010976,45.5258250023187,211.692787510779,291.413062514839,58.1661000029619,132.687412506757,290.763000014809,77.9702000039705,NA,590.625750030086,NA,161.339362508215,74.4354000037906,95.0663000048417,177.668312509046,369.24251668547,119.233962506072,161.604662508229,149.768987507627
"42",189.209375009636,52.8005250026891,14.1679375007215,207.638239073068,26.6601375013566,34.0471000017337,467.02078589878,17.8095875009068,219.191037511162,116.552775005935,249.161662512688,244.09960001243,57.5667000029316,91.6774125046681,409.345762520844,159.177612508103,126.764687506456,412.123000020987,52.1587625026556,184.453325009393,73.1170875037235,NA,NA,142.921550007278,890.913741712037,85.5111875043547,217.053825011054,103.400000005263,117.043725005961,212.385600010814,31.3881750015977,143.076562507287,169.676400008641,39.8749250020305,85.0077875043289,265.611937513523,80.6593750041072,NA,665.022187533859,NA,101.885400005189,71.7430000036534,67.2241000034225,87.3469875044471,248.455100012651,90.7608375046217,96.6725375049224,115.518662505883
"43",119.531075006087,55.6830375028352,17.6548125008989,298.885304702725,31.3587625015973,35.9130875018287,348.516185517748,17.8575625009091,217.113512511057,177.003900009014,157.283100008009,193.470187509852,91.9954500046846,129.268537506583,337.38470001718,229.601412511693,116.041550005909,267.127233346936,42.4273000021606,200.251800010197,68.2735375034771,NA,NA,88.3769625045005,616.509958364726,97.1842125049491,166.280175008466,104.941525005346,102.433775005216,251.989675012831,51.7382250026354,93.7970625047756,141.324100007196,49.0842000024994,68.4576000034857,242.711850012359,48.11850000245,NA,597.906062530449,NA,95.9610000048861,61.941600003154,NA,50.4449000025703,109.694875005587,43.5396500022182,100.34561250511,60.1593375030635
"44",143.204112507291,62.5725625031865,24.017350001223,308.210292203194,37.0158375018852,46.9576000023912,472.565021774065,26.5132500013501,314.41511251601,119.639912506092,231.374637511783,211.256525010757,76.7808000039098,133.120450006779,338.209312517222,439.580325022385,140.894450007175,304.663733348848,56.227250002863,161.60557500823,62.3371125031744,NA,NA,100.888925005138,484.404408358001,87.6061000044615,286.7172000146,110.685200005635,NA,151.148700007697,55.9974750028518,128.235425006531,141.821787507223,38.9056750019815,79.4366125040457,263.339962513413,53.6403000027322,NA,338.640687517245,NA,88.4939000045068,62.234375003169,NA,89.155212504539,157.654658341361,64.8210000033001,103.514787505271,93.2450750047484
"45",109.583050005581,69.9361375035609,20.0385000010205,331.196003141865,55.3065500028163,22.2225125011319,187.440667009546,25.0846500012775,461.604937523508,170.126100008663,182.241275009279,123.002525006264,86.112750004385,112.189300005713,203.044187510339,606.188462530869,135.579550006904,167.218566675182,47.338000002411,178.345300009083,36.3896875018525,NA,NA,102.190350005204,321.148825016355,116.753750005945,236.212500012028,79.7050000040587,NA,126.019425006419,65.8229250033514,120.663412506144,181.184925009225,44.0651250022436,90.5417375046106,227.035300011561,42.7586250021771,NA,262.543312513367,NA,91.4753250046582,65.5525000033386,NA,87.3838375044504,100.370325005111,19.6997375010041,77.7839500039616,124.890375006359
"46",108.183600005509,91.9850000046849,33.7686500017195,361.620104705915,75.1421375038264,29.6846875015115,455.186158898179,26.5159125013503,574.827150029271,182.626700009301,225.723875011494,202.188275010295,115.287262505871,155.451700007916,499.15343752542,241.837200012314,212.416387510816,306.148025015589,73.6109375037485,291.398325014839,28.5844000014557,NA,NA,110.35165000562,680.126475034634,132.982200006772,180.6509250092,144.408275007354,NA,244.776000012465,98.6796000050256,124.749600006352,295.091237515028,31.4340750016008,111.622300005684,271.19473751381,33.6969750017161,NA,444.726662522649,NA,82.9814750042257,NA,NA,134.200450006833,149.880233340966,37.7012625019194,96.3008125049037,145.478362507409
"47",94.2006625047975,85.3462000043458,34.2789375017456,346.333706267639,101.358712505162,36.8686125018774,415.881857021179,29.5580000015053,728.969350037122,203.351900010357,189.697262509661,275.573187514034,73.784500003757,147.354000007504,458.753575023361,180.867375009211,244.939975012474,467.278875023796,90.0745750045867,285.968375014561,41.4656250021119,NA,NA,101.13772500515,756.558725038526,125.613137506396,383.317875019523,NA,NA,314.686200016023,98.6477750050226,121.91870000621,321.316200016362,39.6551250020194,146.766275007473,274.036950013953,39.1450250019939,NA,581.850700029628,NA,97.4956750049645,NA,NA,128.59785000655,85.8335000043708,35.74353750182,103.742650005283,152.17518750775
"48",91.9999375046845,72.6278500036984,47.7297750024305,274.002887513947,79.3724375040419,46.4654500023662,303.186227390437,NA,580.165050029542,175.128750008917,201.723150010273,135.906012506921,98.6252375050224,142.461900007254,502.202175025574,260.193025013247,208.142300010599,324.208858349843,94.1834375047962,183.620500009353,118.165275006017,NA,NA,106.351875005415,716.36095003648,99.0011625050415,476.304000024251,NA,NA,340.157675017325,31.3137000015951,132.123700006726,229.970350011711,31.3728750015975,NA,210.030512510697,50.0118750025466,NA,679.286837534593,NA,137.84760000702,NA,NA,127.607150006497,111.819833339027,75.0010750038191,77.0260625039223,105.405250005367
"49",111.369950005671,84.9405875043257,59.6823875030391,312.872546890934,87.2274625044415,62.1822875031664,294.373319639991,NA,618.203212531483,175.607562508943,189.818637509665,179.966837509164,137.445750006999,195.677512509965,518.591225026404,425.063400021649,236.879087512064,382.634025019484,73.9797000037676,157.750125008033,57.9207000029495,NA,NA,122.826925006255,547.961725027903,126.514550006442,329.038125016759,NA,NA,325.874700016593,17.6499250008991,140.210387507143,360.16281251834,38.140125001942,NA,232.33245001183,70.4891250035898,NA,515.106437526228,NA,NA,NA,NA,129.922937506618,147.987916674203,89.6985000045682,77.6501875039539,129.476512506594
"50",79.4269000040447,95.561700004866,74.8536375038117,362.617815643469,88.9923875045315,54.4972125027752,466.117298148737,NA,518.894475026424,225.111575011462,255.421750013006,212.971337510846,156.525587507971,187.519800009548,361.410987518407,291.801575014859,440.932387522453,365.593450018618,90.5611000046113,219.907400011199,53.8385000027414,NA,NA,125.361600006384,442.250808355855,169.46410000863,348.839475017762,NA,NA,176.54962500899,4.30357500021929,118.614662506039,691.697737535224,52.5126750026739,NA,294.192912514983,43.9123750022355,NA,550.419225028036,NA,NA,NA,NA,105.963362505394,121.072058339499,92.3264250047011,90.8335125046263,128.408000006539
"51",83.6126500042577,72.2376250036785,51.6185125026287,259.460654700712,104.999875005348,36.0792500018377,417.669637021271,NA,345.687900017602,206.898825010538,238.262962512133,195.929925009978,108.045862505502,151.79257500773,461.09303752348,120.346900006128,267.460650013621,400.151266687044,70.9472375036133,145.534375007408,97.9059250049863,NA,NA,149.019375007589,464.794616690333,123.356187506282,NA,NA,NA,226.764000011546,50.0240000025472,115.587887505885,184.786350009409,57.0975000029084,NA,226.688375011543,46.165200002351,NA,285.375000014531,NA,NA,NA,NA,91.1256500046419,139.995591673796,175.035450008913,74.3887000037878,100.859200005136
"52",47.1020000023989,56.2612875028649,28.6466000014589,252.004754700325,117.868687506002,56.1994375028615,672.394621909239,NA,174.056500008864,192.028675009779,185.385200009441,281.154587514317,105.025550005348,202.629025010319,532.960800027144,58.4675250029777,276.217062514065,401.425766687106,75.0691000038224,62.8406250031998,94.5995750048167,NA,NA,NA,313.464475015963,153.116400007797,NA,NA,NA,225.7930000115,70.1568000035724,98.1028125049959,141.536100007209,66.1166250033669,NA,198.804512510122,35.4588000018049,NA,200.431875010199,NA,NA,NA,NA,45.6733375023243,154.828808341217,92.2264250046973,87.833375004473,108.027487505501
"53",33.8566500017254,35.6160375018138,13.5150625006881,234.034821886921,69.0904500035178,40.740712502075,644.825448157835,NA,209.703500010682,140.437162507148,196.041262509982,134.523550006848,111.895387505698,144.559925007361,341.370675017381,38.743575001971,195.244500009942,301.481566682022,77.2252250039326,76.6242750039023,73.7428000037546,NA,NA,NA,415.80316668784,52.8079750026888,NA,NA,NA,51.0906750026021,105.173200005356,101.51861250517,125.755150006403,65.1852000033192,NA,125.386050006385,20.5185000010456,NA,216.318725011018,NA,NA,NA,NA,49.0367125024977,101.244100005156,33.8906375017252,96.8257125049304,120.475625006135
"54",36.9692500018804,30.1304000015345,9.1878375004679,324.221415641513,59.1339000030118,61.5681875031351,502.833364025604,NA,141.434100007197,63.644437503242,234.619187511948,204.808000010431,15.7640000008032,44.6609625022743,123.900075006311,27.8628000014215,67.5727125034419,439.986100022403,101.691937505179,88.0776000044849,38.3616000019538,NA,NA,NA,663.960291700478,36.0347000018354,NA,NA,NA,6.75832500034258,11.5454250005878,131.686000006705,28.0674500014296,35.2086750017927,NA,60.9902625031055,21.9360000011172,NA,155.453175007919,NA,NA,NA,NA,49.1435125025006,138.818683340403,21.2066875010801,92.6897125047207,151.215487507701
"55",39.6031500020181,28.9749750014757,4.89213750024912,345.473756267587,110.903062505647,57.084562502907,571.643209404113,NA,189.589600009657,81.7244125041604,232.916050011862,299.46055001525,18.0640000009196,45.1245000022979,152.022362507743,37.8765000019289,49.1164375025012,552.887850028156,111.121262505658,75.8035250038622,57.3206250029188,NA,NA,NA,866.318033377451,34.6725250017651,NA,NA,NA,7.72680000039526,11.0682000005637,134.596500006854,63.3569125032264,47.0131250023942,NA,81.0521250041275,23.3631000011893,NA,57.6585000029384,NA,NA,NA,NA,45.4534250023148,164.028691675019,21.2808750010845,126.371787506434,147.48011250751
"56",36.0176375018322,25.3631875012909,5.57265000028382,382.251884394464,83.5310000042529,83.0781625042304,566.411061028843,NA,145.464000007406,53.2352125027126,200.459462510205,221.218750011264,5.6555000002883,42.9064125021846,68.2009625034708,28.9543250014739,28.0572500014286,485.498508358056,109.622737505583,78.7750000040103,21.2318750010813,NA,NA,NA,843.059258376264,24.617375001254,NA,NA,NA,4.83087500024497,7.56037500038526,121.7498750062,13.9830000007124,19.4986000009933,NA,89.8259625045737,36.5342250018609,NA,44.2353250022466,NA,NA,NA,NA,48.2336125024572,120.444883339467,17.9455875009137,134.246400006836,166.406700008472
"57",37.1973750018966,24.4274000012447,5.02437500025585,429.389976584376,118.523887506036,81.3677250041438,877.885887544704,NA,230.849925011757,63.4820750032316,222.573137511334,280.533962514285,28.3525000014442,55.5772750028308,79.6467875040549,47.0152750023953,68.5769875034927,612.848775031207,101.323887505159,129.345000006586,NA,NA,NA,NA,867.116950044153,28.5423375014535,NA,NA,NA,2.89912500014806,18.190800000926,129.485050006596,83.6677875042606,43.7766000022289,NA,122.402250006234,17.9738000009153,NA,42.3368000021541,NA,NA,NA,NA,75.5245875038481,120.092575006115,33.1603000016887,171.497612508734,176.270987508979
"58",32.2446750016424,20.2278375010292,6.56982500033443,416.134439083687,173.727550008846,73.2167625037282,813.593822541431,NA,246.554600012557,78.014725003974,264.961587513494,318.92533751624,25.6241250013044,52.222725002659,73.4912500037417,71.2325250036252,58.8178625029949,649.998366699766,101.231462505155,119.118075006066,NA,NA,NA,NA,747.510466704736,24.2743000012358,NA,NA,NA,2.89957500014694,17.7476250009039,148.281075007549,65.7849875033504,57.4452750029248,NA,152.492662507764,20.0875750010224,NA,28.8798750014719,NA,NA,NA,NA,107.483362505473,77.0101000039213,26.5597500013516,141.286387507194,193.400112509847
"59",31.2112625015891,25.6454625013059,6.99085000035603,388.394407832279,193.850250009872,81.0682125041283,703.066749035802,NA,236.869375012063,72.1959000036777,239.78541251221,238.518462512148,22.2894750011352,42.2123250021494,80.0060375040771,51.3225750026153,63.3039000032236,468.219858357178,148.841212507579,129.736800006606,NA,NA,NA,NA,456.781191689925,28.2565500014386,NA,NA,NA,16.4394250008372,12.7143750006476,141.861887507223,70.9526500036134,43.0379000021922,NA,124.134275006322,18.0453000009189,NA,48.1581250024614,NA,NA,NA,NA,91.52931250466,77.208691670599,30.3390000015457,145.362012507402,163.843387508344
"60",31.05870000158,17.4025000008862,7.81616250039801,379.687668769338,208.863912510636,71.4798875036405,665.835839408907,NA,203.654100010371,65.7595875033471,244.996000012477,226.287600011522,NA,66.4958625033862,95.7898125048765,61.5566250031347,74.4407500037905,337.607616683859,139.301037507094,75.0061250038211,NA,NA,NA,NA,375.504083352454,45.7918500023324,NA,NA,NA,9.67700000049485,32.6912000016647,132.228500006734,120.301562506125,49.9932000025459,NA,111.445925005676,22.9523250011695,NA,28.9098750014772,NA,NA,NA,NA,106.217937505407,60.9286750031032,23.6423000012049,136.245087506938,177.146850009022
"61",37.4001500019051,22.0851000011253,8.16806250041592,405.905045333162,88.6219875045127,67.5770500034407,542.534619652626,NA,187.996125009574,35.0539500017847,274.507150013977,199.927400010181,NA,39.5030000020118,95.2648500048507,53.6346750027291,59.5136000030313,315.04861668271,91.5129000046602,57.6013750029334,NA,NA,NA,NA,367.128266685368,41.4263875021092,NA,NA,NA,11.6190000005877,26.1974250013331,124.87230000636,79.536050004051,35.5300000018096,NA,73.7457875037551,29.2908000014906,NA,57.8535000029335,NA,NA,NA,NA,67.4216500034347,96.0888333382242,33.9175000017269,111.010887505653,127.900487506509
"62",45.3216500023083,21.8699125011137,7.84503750039941,422.658531271525,107.682012505484,77.6717000039551,722.052951536772,NA,160.296675008158,21.7821000011093,233.746712511903,187.693900009557,NA,23.0575000011743,63.3473875032251,56.8232000028945,50.829112502588,426.819275021734,103.46916250527,59.5948250030354,NA,NA,NA,NA,598.104716697121,36.4230625018549,NA,NA,NA,7.75000000039755,13.4056000006835,137.956550007024,69.6026625035446,24.0044250012217,NA,51.2109500026072,18.1766000009266,NA,27.013700001379,NA,NA,NA,NA,83.6715125042613,106.825691672108,27.6738000014076,116.850262505951,151.35191250771
"63",63.6971625032423,34.9534250017797,13.0678875006656,425.312379709154,96.7409875049254,87.9564625044796,792.259622540345,NA,167.616000008537,52.1084500026536,294.346800014989,251.134800012789,NA,40.9831500020866,71.2850000036289,80.4279250040964,63.797287503249,566.167791695499,167.376300008522,81.3016750041404,NA,NA,NA,NA,862.336241710579,34.1225375017377,NA,NA,NA,23.2692000011821,19.6536000010003,183.822887509361,64.9301000033059,22.2368750011325,NA,51.436250002619,38.5618750019636,NA,55.9881250028443,NA,NA,NA,NA,81.2156000041338,176.975075009011,46.72186250238,120.286137506124,195.519262509956
"64",67.4234875034337,31.7588500016176,20.090975001023,527.553185964367,132.346412506741,111.54438750568,320.983809766344,NA,258.249600013153,72.2358375036798,330.650887516838,408.208275020789,NA,68.4425625034852,156.776562507984,76.6443750039023,67.2700000034251,745.732291704641,156.936037507992,137.627325007008,NA,NA,NA,NA,1134.72161672445,66.6123750033922,NA,NA,NA,60.2454000030688,31.7001750016142,171.84031250875,75.8508000038625,44.8051000022812,NA,74.2593125037821,35.1875000017911,NA,81.1608000041365,NA,NA,NA,NA,99.432100005064,218.55002501113,70.8476250036068,194.940550009928,260.968737513289
"65",58.2344125029675,24.7737125012616,16.9735000008645,539.196831277457,135.739587506914,160.983312508198,774.848125039457,NA,218.893125011146,69.4153500035333,304.784887515521,328.000425016703,NA,69.5426375035417,113.372950005773,83.0918250042295,69.279812503529,700.431425035668,196.265887509995,162.500675008273,NA,NA,NA,NA,1331.47348340114,47.183175002403,NA,NA,NA,74.111400003775,15.1358250007705,197.452487510054,48.6368875024764,35.1002250017878,NA,84.1211875042829,36.0200250018341,NA,96.7350000049328,NA,NA,NA,NA,105.901287505393,169.038300008608,65.1295750033176,166.846062508495,252.425050012854
"66",47.9788875024429,25.907000001319,25.3359250012901,517.607300026358,87.1712875044369,74.4411375037906,NA,NA,201.513275010261,55.5278625028276,330.431062516825,389.680337519843,NA,72.3522000036847,142.299550007246,75.1662750038285,59.8285250030456,729.785058370496,243.224762512386,151.210125007703,NA,NA,NA,NA,1214.2384167285,34.137912501738,NA,NA,NA,46.9560000023898,21.4706750010935,173.219475008821,57.1321125029105,44.6154000022723,NA,90.7206375046192,25.5042000012984,NA,112.369200005723,NA,NA,NA,NA,129.938812506618,151.403675007709,98.0444250049929,153.446500007815,308.48740001571
"67",38.4274875019564,23.2597000011843,28.0006000014257,473.528631274111,127.642725006499,78.5554375040001,NA,NA,214.768000010937,63.0299875032117,248.925150012675,403.112900020526,NA,88.1697750044885,178.394012509084,55.7739000028386,60.4580625030788,589.658458363359,203.128287510343,154.429075007861,NA,NA,NA,NA,833.510375042448,51.1952000026067,NA,NA,NA,70.6500000035997,22.6083250011518,142.529525007259,83.1617875042333,51.9294000026432,NA,106.579875005429,19.881400001013,NA,229.13240001166,NA,NA,NA,NA,145.323637507399,96.6732250049226,63.7710750032467,154.804087507883,285.575112514541
"68",54.7956625027887,28.4232125014473,18.5291750009438,544.564925027738,120.680487506147,44.5756125022698,NA,NA,228.238725011623,77.2958500039349,279.465712514232,421.677050021475,NA,75.3884000038389,144.15683750734,52.8092250026921,75.5649375038481,670.274058367466,202.879062510332,153.949125007839,NA,NA,NA,NA,637.23141669912,45.3175500023074,NA,NA,NA,52.1718750026544,13.7150000006986,165.427812508425,79.2613125040372,50.9978750025979,NA,114.000787505805,32.7474000016685,NA,237.631600012098,NA,NA,NA,NA,167.30025000852,78.7834750040125,60.8053875030971,192.383812509796,281.777187514351
"69",41.8443500021339,29.6064000015078,17.9932250009161,453.6637906481,115.034412505857,40.9395875020853,NA,NA,224.214375011417,74.4626125037901,278.774825014197,365.46210001861,NA,55.6686250028354,89.4844625045587,68.5344000034886,60.4689125030793,514.850775026219,255.224400012996,114.70440000584,NA,NA,NA,NA,507.284316692497,37.9162500019315,NA,NA,NA,42.4313250021633,14.2782750007266,158.007537508047,86.6194375044101,36.9667000018824,NA,143.16925000729,32.1378750016367,NA,304.941000015542,NA,NA,NA,NA,177.013387509014,86.2443750043915,79.8900125040678,176.784987509003,255.824650013025
"70",54.1968000027582,38.9080875019811,19.2577750009807,464.24157502364,163.418087508323,27.986250001425,NA,NA,269.481225013724,46.1494875023515,308.90677501573,249.557687512707,NA,36.2133750018439,124.91728750636,65.6223750033398,73.6250000037483,554.727908361582,198.577750010113,118.296875006024,NA,NA,NA,NA,399.335550020332,44.8961500022862,NA,NA,NA,34.6053750017632,32.9251000016773,157.442850008018,136.380362506944,77.808500003962,NA,106.099700005402,26.5003250013487,NA,286.495800014578,NA,NA,NA,NA,159.731212508133,73.4031416704046,73.0998375037234,145.212950007395,258.571500013169
"71",53.81925000274,36.6142000018645,17.7012375009015,372.404476581462,83.9819125042743,45.2839750023061,NA,NA,225.819800011499,56.6710250028858,241.890625012319,181.20592500923,NA,35.7021000018184,54.1995500027613,45.9492000023439,25.1464000012811,267.505158346956,168.243337508568,72.3064000036829,NA,NA,NA,NA,293.991183348307,23.3438625011893,NA,NA,NA,59.4660000030258,7.9946250004063,154.685812507876,60.7007375030934,23.9829250012216,NA,79.9207625040713,20.8183750010598,NA,179.108475009119,NA,NA,NA,NA,116.495137505932,62.6267083365223,26.3836000013422,100.801075005134,220.33653751122
"72",62.0767000031605,49.6153125025268,19.0759625009712,445.063978147662,135.350737506893,35.5454250018097,NA,NA,248.008975012631,82.7634250042148,337.843812517206,366.114900018641,NA,NA,93.3005875047504,62.8140000031975,29.6580000015101,451.230975022977,313.116012515944,128.191100006529,NA,NA,NA,NA,515.592533359586,32.5649875016583,NA,NA,NA,104.498625005322,2.66737500013624,175.004250008912,57.8750625029462,22.5522000011479,NA,113.565400005782,33.8294250017231,NA,323.834400016495,NA,NA,NA,NA,115.235775005867,71.8723500036595,50.6602000025806,139.123687507085,332.608412516935
"73",64.8796500033056,72.104437503672,23.7686250012105,496.762154712796,182.065737509273,55.7856750028414,NA,NA,381.333225019419,105.889762505392,303.968562515475,460.212837523435,NA,NA,89.6675000045677,82.9796250042228,52.839975002692,455.779291689875,332.03455001691,175.548100008938,NA,NA,NA,NA,549.48560002798,56.6560125028843,NA,NA,NA,133.15627500678,12.8208000006533,192.289737509793,136.041787506927,47.9856750024435,NA,115.757937505896,28.1550750014338,NA,514.160325026183,NA,NA,NA,NA,163.237937508314,60.1158416697286,54.592250002781,126.502150006441,399.967900020368
"74",62.6535375031915,64.9859375033098,23.7460750012091,413.904266687742,101.101425005147,36.9749000018826,NA,NA,263.356775013408,82.6691125042108,247.60918751261,158.440000008071,NA,NA,69.5520000035377,82.235400004191,53.8416000027409,307.705291682338,214.524312510923,142.021500007232,NA,NA,NA,NA,333.689325016995,38.154587501943,NA,NA,NA,91.6165250046674,21.9688250011181,181.520662509243,101.496550005169,39.5352000020135,NA,85.947650004376,31.856000001622,NA,421.351175021452,NA,NA,NA,NA,134.760037506861,72.438966670356,49.7293125025315,119.861887506103,293.099137514927
"75",67.1540500034196,54.3324250027658,29.869500001521,488.522472941549,105.406800005367,36.4771000018578,NA,NA,282.177025014371,132.210125006731,326.384387516621,292.979250014916,NA,NA,98.7292000050301,99.5084000050678,46.5713000023709,438.940141689018,254.808525012976,138.169425007038,NA,NA,NA,NA,395.029116686784,23.7351000012087,NA,NA,NA,135.661600006909,6.98327500035559,268.784312513687,91.3665500046513,31.9411250016267,NA,75.728087503857,35.5899250018124,NA,443.707225022603,NA,NA,NA,NA,157.961212508046,86.4779250044026,46.1444000023491,153.017375007792,324.983312516549
"76",65.966562503358,50.9172000025935,49.4411000025181,668.710085450724,116.719137505945,65.8768875033543,NA,NA,287.022975014618,186.494562509497,372.432700018964,596.618100030386,NA,NA,61.0953000031135,123.406600006284,52.81150000269,673.020175034274,282.129662514367,207.62700001057,NA,NA,NA,NA,488.455066691539,21.4207000010913,NA,NA,NA,162.136275008255,6.991725000356,297.359225015141,89.2330875045446,68.1603750034714,NA,139.993825007131,28.4124750014465,NA,563.642775028696,NA,NA,NA,NA,184.508000009395,98.481466671682,51.4181875026189,185.712025009456,351.133662517881
"77",69.6815000035499,50.9065375025918,59.1262750030109,682.787856284766,233.928250011911,78.0797000039762,NA,NA,300.589025015306,296.122450015079,277.911212514152,552.06453752811,NA,NA,192.588000009805,149.835000007632,96.4406250049114,653.914600033299,366.049600018641,304.471200015506,NA,NA,NA,NA,788.932766706845,72.5367375036925,NA,NA,NA,214.011200010895,19.9457750010161,312.925912515936,159.225362508108,88.3946250045011,NA,151.226037507699,46.7904000023831,NA,614.494500031293,NA,NA,NA,NA,226.049437511509,163.894000008346,115.946112505904,201.273562510249,367.995900018738
"78",55.8600000028437,47.9378500024414,61.8657125031502,544.852754194411,223.226350011368,37.6217500019159,NA,NA,259.178575013194,267.768750013636,271.136537513807,512.105800026081,NA,NA,177.304325009032,191.91960000977,149.647875007621,520.161791693154,326.216350016611,228.324375011629,NA,NA,NA,NA,720.449225036686,43.3664000022094,NA,NA,NA,131.733925006711,18.3889000009358,218.286062511116,187.974637509571,105.67180000538,NA,142.255462507244,24.9407000012706,NA,600.540125030579,NA,NA,NA,NA,189.929175009675,112.672816672405,82.3678875041957,151.852812507733,430.362525021916
"79",42.1062375021433,47.3860000024125,41.83005000213,391.692733353282,144.51708750736,19.5047500009934,NA,NA,161.524425008227,154.411512507862,157.957312508046,255.287575012998,NA,NA,80.8348750041157,98.7281750050284,41.0021250020872,164.474166675041,202.587000010317,83.8409000042665,NA,NA,NA,NA,269.100691680369,45.6358125023233,NA,NA,NA,67.7348750034471,23.8832000012164,164.734087508389,71.6704625036502,24.7803750012629,NA,73.9249875037636,24.9985000012718,NA,302.911875015437,NA,NA,NA,NA,117.26923750597,47.9650916691091,21.7585500011075,74.3149000037867,312.595650015919
"80",73.0412625037194,59.29815000302,43.7489625022276,564.331272945404,148.972312507584,34.6613875017648,NA,NA,270.576375013783,292.564087514898,458.039562523323,537.408300027364,NA,NA,94.2528000048006,189.929700009671,60.598200003087,481.581891691193,309.820462515778,175.920525008961,NA,NA,NA,NA,798.790300040679,31.5414375016065,NA,NA,NA,132.953125006772,23.4339250011931,261.715287513328,79.3491375040416,74.9486250038156,NA,109.849800005595,35.3904000018036,NA,403.489125020546,NA,NA,NA,NA,224.339637511423,148.95648334092,92.0557875046871,140.505937507154,415.022325021132
"81",74.8879375038144,54.4460000027723,32.8782750016746,513.485660442814,151.304900007704,24.587962501252,NA,NA,245.719625012508,224.242500011419,415.653887521166,517.336687526346,NA,NA,75.2543250038296,156.12190000795,82.0548750041771,438.978108355689,218.58953751113,201.352600010253,NA,NA,NA,NA,631.533741698825,30.1468125015358,NA,NA,NA,67.3056000034277,26.8164750013663,212.102425010803,94.8239625048287,122.382575006232,NA,103.517050005271,38.4696000019588,NA,141.151000007184,NA,NA,NA,NA,174.167462508871,97.2134083382834,49.8394500025387,103.871500005289,404.008625020576
"82",92.4105000047056,48.2377000024564,21.5515125010971,460.243081273441,153.1619875078,29.3961625014974,NA,NA,180.389200009188,98.4200000050106,237.279712512084,406.673687520708,NA,NA,78.3432750039898,163.791600008341,23.5455000011985,355.254141684755,128.966187506567,118.149975006015,NA,NA,NA,NA,491.747858358375,44.7197125022764,NA,NA,NA,92.8796000047274,10.4305250005311,217.296000011066,51.109650002602,38.8348000019776,NA,61.0155875031075,40.0923000020401,NA,66.5040000033785,NA,NA,NA,NA,124.837550006358,143.213350007292,44.5561500022686,107.826862505492,194.26711250989
"83",99.3302625050588,55.0318500028027,29.7395875015147,610.276691697736,133.5088625068,43.7559875022278,NA,NA,215.364875010964,103.912000005291,247.527237512607,519.102612526436,NA,NA,84.4127250042971,178.30400000908,47.2260000024055,530.71316669369,162.60836250828,219.148800011159,NA,NA,NA,NA,882.257683378259,51.5552000026264,NA,NA,NA,153.884875007839,7.14707500036391,273.614600013932,116.060550005911,49.4457000025176,NA,114.505600005831,44.7180000022775,NA,112.341600005723,NA,NA,NA,NA,201.899112510281,186.032908342807,71.3408625036336,117.173237505966,248.846450012673
"84",122.650500006244,57.5490000029301,34.2032000017419,471.979200024039,121.039950006164,39.5185125020125,NA,NA,255.332925013001,65.1075000033146,220.035450011205,350.243887517835,NA,NA,78.6347750040048,190.850500009721,69.5904000035443,337.429825017183,152.279712507756,160.448825008169,NA,NA,NA,NA,633.616883365596,29.6584375015101,NA,NA,NA,107.809925005489,22.5961250011508,272.487775013873,134.991562506874,35.876300001828,NA,109.856812505593,37.4025000019057,NA,97.8974750049986,NA,NA,NA,NA,168.274937508569,150.218000007651,100.042800005093,125.689987506401,237.344437512087
"85",126.222862506429,57.5258375029298,28.8865125014707,559.310250028477,106.479750005421,43.7564875022282,NA,NA,250.771375012772,61.3150250031242,231.266587511776,377.332562519215,NA,NA,NA,278.730300014192,59.6156250030351,400.768750020415,147.743925007523,113.314000005773,NA,NA,NA,NA,620.249116698251,40.2321000020484,NA,NA,NA,183.692475009354,21.5718750010986,276.215125014067,116.139137505914,29.6552250015099,NA,84.2601500042923,43.5435000022172,NA,292.264000014866,NA,NA,NA,NA,233.277062511879,188.517008342931,147.337312507504,141.277762507193,272.857562513897
"86",140.343787507146,66.7973125034011,41.1395000020948,685.441877118239,192.010837509778,52.3991375026683,NA,NA,267.309825013613,91.5250000046593,280.25716251427,647.770300032988,NA,NA,NA,303.643625015463,75.9168750038667,614.146591697936,138.031562507028,162.389175008269,NA,NA,NA,NA,893.447866712167,52.4787000026713,NA,NA,NA,204.729525010426,20.5359250010451,303.115137515436,117.219262505968,39.7426000020234,NA,113.039637505755,48.243200002457,NA,268.07040001365,NA,NA,NA,NA,228.573337511639,318.296783349543,81.324700004141,203.768512510377,303.564000015456
"87",134.728212506863,55.0652625028039,36.0734875018368,811.039079207963,132.401012506744,65.4083625033312,NA,NA,293.258675014935,NA,269.413862513717,737.871850037574,NA,NA,NA,250.095600012736,43.3539000022059,572.038458362459,226.170250011518,159.182625008104,NA,NA,NA,NA,939.009091714487,40.1504500020458,NA,NA,NA,226.276875011523,30.0942000015328,315.543450016067,183.40108750934,51.1842750026064,NA,163.543562508331,84.9184000043237,NA,289.931100014777,NA,NA,NA,NA,251.516450012808,285.717300014548,45.7737375023303,208.376800010613,290.499187514794
"88",133.555800006799,58.4469375029768,46.3564125023607,649.577895866413,171.737637508745,97.6452750049717,NA,NA,327.345100016669,NA,315.029800016046,631.443100032152,NA,NA,NA,233.650000011898,42.6928250021758,668.841066700727,226.934100011556,229.278000011676,NA,NA,NA,NA,859.824766710449,47.131537502399,NA,NA,NA,260.591200013266,48.228800002456,307.889812515681,175.563537508941,56.9184000028985,NA,139.826837507119,123.938100006311,NA,455.716800023211,NA,NA,NA,NA,210.839800010739,308.495800015711,103.604787505276,217.271437511065,260.58950001327
"89",111.303325005668,50.7260000025833,53.7070500027348,612.846606281212,191.714512509762,97.9397250049879,NA,NA,NA,NA,269.530800013725,527.171550026848,NA,NA,NA,267.615975013629,37.1680000018911,539.717041694153,264.07900001345,183.904575009366,NA,NA,NA,NA,718.40424170325,38.2525625019493,NA,NA,NA,311.663925015876,6.75900000034446,345.06397501757,154.955362507891,53.7795000027389,NA,182.007162509268,77.1600000039306,NA,334.825700017038,NA,NA,NA,NA,208.510350010614,233.777375011904,67.7517125034495,180.579750009195,344.135512517524
"90",86.4924000044047,32.3204875016457,50.2517625025591,538.667783360766,171.877112508754,53.3282750027154,NA,NA,NA,NA,135.217737506885,706.519062535981,NA,NA,NA,209.264000010652,48.6390000024797,440.79978335578,244.748800012462,305.875625015575,NA,NA,NA,NA,583.309325029701,52.3536375026648,NA,NA,NA,304.178475015487,22.5820000011495,210.165762510702,126.426637506437,54.7888250027893,NA,208.307312510609,78.4391250039935,NA,261.519525013323,NA,NA,NA,NA,166.605200008488,224.59413334477,56.8510625028966,118.463812506033,224.832237511449
"91",97.4696625049627,41.4940125021135,48.456400002468,584.586752113101,104.937687505342,87.6160000044615,NA,NA,NA,NA,253.656637512916,802.240387540849,NA,NA,NA,275.804500014046,42.2994000021529,662.029100033712,285.93335001456,330.057175016808,NA,NA,NA,NA,813.428466708092,34.4055125017528,NA,NA,NA,NA,47.1128750023993,396.6131500202,143.319125007299,78.3771750039926,NA,233.941687511913,69.5423750035416,NA,290.040400014762,NA,NA,NA,NA,175.38550000893,335.473525017081,90.7219875046194,212.522137510821,222.814262511348
"92",85.0894125043326,39.0416000019876,43.4282375022114,504.899793775713,110.218687505613,50.2152000025573,NA,NA,NA,NA,164.306162508369,636.815250032429,NA,NA,NA,325.927125016596,44.886875002286,467.774850023821,236.071150012022,191.184000009737,NA,NA,NA,NA,652.947166699915,19.528200000994,NA,NA,NA,NA,55.4961250028258,224.615637511436,72.5379750036926,54.5592250027775,NA,247.837987512621,95.9713000048872,NA,526.981200026841,NA,NA,NA,NA,289.540387514743,274.504033347313,66.4804750033827,182.44825000929,304.637587515511
"93",121.327475006179,33.3838375016999,39.0284500019873,505.849565650764,147.740462507524,62.6600000031905,NA,NA,NA,NA,194.278362509891,512.799100026111,NA,NA,NA,327.081675016661,54.0639000027516,444.669058355981,293.728162514957,209.859825010688,NA,NA,NA,NA,643.161287532756,45.965000002341,NA,NA,NA,NA,5.74800000029324,220.711262511237,101.31840000516,56.814600002893,NA,233.778225011906,94.3283250048028,NA,512.723400026108,NA,NA,NA,NA,262.533075013371,245.597116679174,65.0977250033175,225.136550011465,362.573462518463
"94",103.642412505276,34.6312250017636,26.2755375013381,436.110812522207,159.236637508109,57.7101250029393,NA,NA,NA,NA,143.712137507321,499.794562525448,NA,NA,NA,262.244000013353,60.8761000031015,418.742333354654,273.284300013917,174.423875008882,NA,NA,NA,NA,547.037850027861,25.4320000012951,NA,NA,NA,NA,40.3760000020552,142.475450007257,68.862625003508,42.2654000021524,NA,184.899300009412,83.8188750042669,NA,622.050975031673,NA,NA,NA,NA,197.456037510053,255.979975013035,84.9850000043281,218.436787511124,316.844550016134
"95",149.165212507598,44.8293250022827,21.6637625011032,518.949975026413,185.78426250946,69.2322750035251,NA,NA,NA,NA,126.626150006447,678.012675034527,NA,NA,NA,238.191325012129,68.6057250034927,493.008375025103,232.776037511851,191.899125009773,NA,NA,NA,NA,514.191312526182,21.498075001095,NA,NA,NA,NA,29.5710750015063,190.71328750971,35.0418750017819,59.4343750030266,NA,275.294137514018,120.697500006149,NA,457.768500023314,NA,NA,NA,NA,291.142200014827,307.721616682337,103.500375005269,252.386250012854,346.42933751764
"96",79.4750000040493,41.9408000021358,10.940450000557,425.227109396652,115.431675005879,55.5975000028316,NA,NA,NA,NA,81.0419500041264,405.170462520635,NA,NA,NA,237.492675012092,61.457000003131,464.040325023636,260.022887513242,47.8951750024383,NA,NA,NA,NA,459.921975023418,20.736300001056,NA,NA,NA,NA,34.371925001751,113.493212505781,17.0096000008677,39.6632250020201,NA,230.52590001174,171.685425008741,NA,644.58030003282,NA,NA,NA,NA,281.163800014318,292.788600014909,104.232425005307,201.240912510247,189.880562509673
"97",110.243200005613,40.8167125020787,7.45330000037961,410.839125020928,104.520000005325,NA,NA,NA,NA,NA,105.351737505365,325.143162516557,NA,NA,NA,342.373500017434,96.8890000049341,482.107875024546,279.819112514252,178.296000009077,NA,NA,NA,NA,NA,25.5680000013018,NA,NA,NA,NA,22.2300000011317,181.421337509237,11.7015250005953,47.4768750024172,NA,285.297962514531,68.9682000035111,NA,728.656500037116,NA,NA,NA,NA,196.698887510015,322.579458349761,91.042875004637,264.75123751348,359.148000018289
"98",213.521175010873,57.8270000029447,7.68396250039145,563.078381278674,149.277500007601,NA,NA,NA,NA,NA,128.010062506518,516.400087526295,NA,NA,NA,371.794500018932,121.212000006171,498.545583358719,338.865050017254,276.740100014093,NA,NA,NA,NA,NA,32.8338250016714,NA,NA,NA,NA,17.6010000008961,214.334900010915,22.3560750011389,78.4709250039959,NA,356.230325018137,118.221675006021,NA,1076.3051250548,NA,NA,NA,NA,531.542325027069,393.928975020059,167.024725008507,293.250412514933,349.561612517801
"99",171.043200008713,80.6258375041059,18.6536375009498,636.507993782426,144.976825007383,NA,NA,NA,NA,NA,158.910100008092,736.179387537492,NA,NA,NA,334.303500017028,117.986675006007,622.994691698392,461.903887523522,338.347725017232,NA,NA,NA,NA,NA,27.2918000013916,NA,NA,NA,NA,46.5645750023705,330.589600016836,69.3371250035321,100.612200005124,NA,471.183900023997,154.461125007864,NA,927.309000047218,NA,NA,NA,NA,395.807175020157,449.872958356243,191.084400009729,368.934062518787,472.517100024061
"100",238.078625012121,81.8515125041682,21.1124875010749,640.193606282589,123.487800006288,NA,NA,NA,NA,NA,213.086450010853,773.656750039393,NA,NA,NA,596.351700030365,164.563200008381,469.583383357247,435.201825022162,353.305400017988,NA,NA,NA,NA,NA,53.9500750027475,NA,NA,NA,NA,93.4660250047596,311.382625015855,87.7728000044673,90.0174000045839,NA,372.738000018979,123.954075006314,NA,644.154600032804,NA,NA,NA,NA,365.217600018598,397.658083353582,215.052000010953,377.106725019206,466.540175023758
"101",179.556175009145,60.3884500030751,13.4630750006859,406.294218770698,69.4898750035365,NA,NA,NA,NA,NA,166.425950008475,317.856350016187,NA,NA,NA,268.649900013683,76.0408000038735,304.20122501549,202.420500010307,196.625275010015,NA,NA,NA,NA,NA,19.3800000009851,NA,NA,NA,NA,74.6914000038039,215.04612501095,52.6100750026788,32.8500000016734,NA,288.825600014709,136.998925006978,NA,902.624375045969,NA,NA,NA,NA,NA,287.989875014668,95.8982000048812,196.291712509994,286.700950014598
"102",166.074825008458,73.0322875037189,41.3087875021034,555.540281278279,70.7751000036057,NA,NA,NA,NA,NA,216.583150011029,469.075825023886,NA,NA,NA,NA,147.993500007537,418.873875021333,331.569275016886,238.649100012151,NA,NA,NA,NA,NA,44.5211250022657,NA,NA,NA,NA,47.9865750024438,303.126275015436,19.3563000009854,34.2966000017462,NA,NA,99.5106000050666,NA,NA,NA,NA,NA,NA,NA,388.833950019799,145.816000007426,270.747200013788,463.356262523597
"103",310.388000015803,113.605350005786,57.1333125029093,651.775718783193,140.042500007131,NA,NA,NA,NA,NA,388.620212519791,1041.29663755303,NA,NA,NA,NA,198.981700010132,643.049333366079,563.836000028713,NA,NA,NA,NA,NA,NA,55.2534000028159,NA,NA,NA,NA,68.5664000034919,361.373587518404,58.1661000029645,89.6703750045656,NA,NA,167.92640000855,NA,NA,NA,NA,NA,NA,NA,524.697600026718,232.255800011829,428.307487521812,453.345875023085
"104",220.675675011239,111.406850005673,38.6222375019669,553.012000028162,NA,NA,NA,NA,NA,NA,310.585537515816,580.430362529562,NA,NA,NA,NA,138.840000007069,371.693491685595,356.539412518154,NA,NA,NA,NA,NA,NA,56.3022750028658,NA,NA,NA,NA,105.272500005361,301.165750015336,110.267100005615,46.1834250023528,NA,NA,315.713575016075,NA,NA,NA,NA,NA,NA,NA,288.799425014706,131.337975006688,368.965050018786,330.746125016844
"105",245.965500012525,155.330150007908,70.459987503588,1045.85040005325,NA,NA,NA,NA,NA,NA,455.795925023209,634.393637532299,NA,NA,NA,NA,159.003525008097,367.985062518736,587.227287529906,NA,NA,NA,NA,NA,NA,92.7193250047217,NA,NA,NA,NA,36.247100001845,243.855162512418,35.7860250018197,61.9482000031537,NA,NA,117.704400005996,NA,NA,NA,NA,NA,NA,NA,259.189200013199,NA,320.748862516336,471.218675023996
"106",197.681700010065,219.082812511157,96.0624500048916,NA,NA,NA,NA,NA,NA,NA,321.115200016352,880.612250044842,NA,NA,NA,NA,261.1484750133,409.234350020842,478.510162524365,NA,NA,NA,NA,NA,NA,114.098400005811,NA,NA,NA,NA,87.5526250044584,389.213225019819,69.5584000035432,56.9310000028985,NA,NA,NA,NA,NA,NA,NA,NA,NA,NA,355.313775018093,NA,333.840662517001,374.531125019074
"107",190.09012500968,191.676637509762,146.430012507457,NA,NA,NA,NA,NA,NA,NA,319.273175016256,991.056250050473,NA,NA,NA,NA,191.838400009768,422.018475021495,613.949375031266,NA,NA,NA,NA,NA,NA,120.911875006157,NA,NA,NA,NA,126.383400006436,308.914862515732,87.2360000044438,50.4458000025702,NA,NA,NA,NA,NA,NA,NA,NA,NA,NA,NA,NA,376.004037519148,383.775575019539
"108",106.239000005412,206.747362510528,127.000700006467,NA,NA,NA,NA,NA,NA,NA,308.566000015721,962.662250049016,NA,NA,NA,NA,NA,NA,376.422025019168,NA,NA,NA,NA,NA,NA,NA,NA,NA,NA,NA,89.8947750045775,248.722100012663,66.7324750033988,63.7863750032483,NA,NA,NA,NA,NA,NA,NA,NA,NA,NA,NA,NA,349.399987517791,227.101300011566
"109",166.386375008469,200.616487510215,179.050912509118,NA,NA,NA,NA,NA,NA,NA,197.663625010061,1129.14960005751,NA,NA,NA,NA,NA,NA,498.046875025362,NA,NA,NA,NA,NA,NA,NA,NA,NA,NA,NA,95.4621000048615,239.052587512176,87.8000000044682,35.8540000018256,NA,NA,NA,NA,NA,NA,NA,NA,NA,NA,NA,NA,404.582300020604,254.44320001296
"110",213.355025010869,205.78520001048,296.608000015104,NA,NA,NA,NA,NA,NA,NA,229.546200011688,1207.60580006149,NA,NA,NA,NA,NA,NA,NA,NA,NA,NA,NA,NA,NA,NA,NA,NA,NA,NA,NA,283.238400014422,68.2651000034784,58.2036000029634,NA,NA,NA,NA,NA,NA,NA,NA,NA,NA,NA,NA,420.02170002139,434.349900022116
"111",NA,NA,297.826375015166,NA,NA,NA,NA,NA,NA,NA,339.166175017274,1287.45337506556,NA,NA,NA,NA,NA,NA,NA,NA,NA,NA,NA,NA,NA,NA,NA,NA,NA,NA,NA,NA,163.732400008337,NA,NA,NA,NA,NA,NA,NA,NA,NA,NA,NA,NA,NA,358.97190001828,NA
"112",NA,NA,NA,NA,NA,NA,NA,NA,NA,NA,506.898225025813,1914.26560009748,NA,NA,NA,NA,NA,NA,NA,NA,NA,NA,NA,NA,NA,NA,NA,NA,NA,NA,NA,NA,NA,NA,NA,NA,NA,NA,NA,NA,NA,NA,NA,NA,NA,NA,NA,NA
