"","MMA007A","MMA007B","MMA014A","MMA014B","MMA015A","MMA015B","MMA018A","MMA018B","MMA018C","MMA018D","MMA022A","MMA022B","MMA023A","MMA023B","MMA024A","MMA024B","MMA026A","MMA026B","MMA030A","MMA030B","MMA031A","MMA031B","MMA032A","MMA032B","MMB001A","MMB001B","MMB002A","MMB002B","MMB003A","MMB003B","MMB004A","MMB004B","MMB006A","MMB006B","MMB007A","MMB007B","MMB008A","MMB008B","MMB008C","MMB009A","MMB009B","MMB011A","MMB012A","MMB012B","MMB013B","MMB014A","MMB014B","MMB015A","MMB015B","MMB016A","MMB016B","MMB016C","MMB018A","MMB018B","MMB019A","MMB020A","MMB020B","MMB021A","MMB021B","MMB022A","MMB023A","MMB024A","MMB024B","MMB025A","MMB025B","MMB026B","MMC003A","MMC003B","MMC010A","MMC010B","MMC011A","MMC013A","MMC013B","MMC016A","MMC016B","MMC017A","MMC017B","MMC018A","MMC018B","MMC022A","MMC022B","MMC023A","MMC023B","MMC024A","MMC024B","MMC026A","MMC026B","MMC026C","MMC027A","MMC027B","MMC032A","MMC032B","MMC033A","MMC033B"
"2014",51.27,51.27,35.42,35.42,24.9,24.9,97.27,97.27,97.27,97.27,43.22,43.22,24.8,24.8,64.39,64.39,21.17,21.17,61.4,61.4,52.37,52.37,60.15,60.15,75.8,75.8,22.9,22.9,26.5,26.5,59.4,59.4,53.4,53.4,37.1,37.1,77.3,77.3,77.3,53.5,53.5,49.4,24.3,24.3,33.4,24.5,24.5,21.2,21.2,87.4,87.4,87.4,33.5,33.5,41.5,42.3,42.3,38.4,38.4,45.5,26.3,59.2,59.2,44.4,44.4,27.8,23.1,23.1,51.8,51.8,35.8,35.1,35.1,91.8,91.8,25.74,25.74,23.6,23.6,20.3,20.3,28.7,28.7,55.6,55.6,48.8,48.8,48.8,37.4,37.4,51.2,51.2,58.6,58.6
"2013",51.161,51.183,35.312,35.31,24.883,24.878,97.1465,97.157,97.1535,97.1675,43.165,43.175,24.756,24.777,64.39,64.39,21.099,21.091,61.169,61.281,52.345,52.33,60.081,60.065,75.792,75.8,22.9,22.9,26.477,26.489,59.383,59.368,53.343,53.314,37.1,37.1,77.3,77.3,77.3,53.433,53.419,49.4,24.285,24.286,33.34,24.42,24.44,21.2,21.2,87.4,87.4,87.4,33.482,33.5,41.486,42.3,42.3,38.4,38.4,45.463,26.3,59.06,59.083,44.4,44.4,27.8,23.066,23.044,51.763,51.755,35.771,35.048,35.058,91.708,91.733,25.689,25.685,23.555,23.556,20.248,20.242,28.685,28.688,55.506,55.498,48.8,48.8,48.8,37.4,37.4,51.159,51.17,58.5,58.512
"2012",50.745,50.639,35.071,34.886,24.854,24.862,96.816,96.9455,96.8985,97.057,42.855,42.864,24.716,24.748,64.3692,64.39,20.927,20.932,60.843,61.012,52.147,52.153,59.916,59.896,75.703,75.685,22.819,22.823,26.272,26.398,58.967,59.097,53.135,53.012,37.063,37.019,77.233,77.238,77.227,53.262,53.26,49.219,24.18,24.188,33.18,24.193,24.254,21.2,21.2,87.292,87.314,87.305,33.231,33.25,41.396,42.187,42.246,38.358,38.352,45.269,26.226,58.752,58.847,44.296,44.292,27.757,23.002,22.915,51.697,51.657,35.738,34.868,34.948,91.505,91.539,25.392,25.355,23.421,23.484,20.078,20.055,28.277,28.429,55.151,55.175,48.75,48.752,48.749,37.317,37.311,51.057,51.061,58.3,58.309
"2011",50.501,50.297,34.794,34.585,24.823,24.843,96.5415,96.764,96.6875,96.8035,42.689,42.589,24.672,24.72,64.2874,64.39,20.797,20.809,60.665,60.821,51.994,51.957,59.753,59.747,75.618,75.602,22.748,22.761,26.193,26.344,58.671,58.886,53.004,52.824,37.004,36.924,77.193,77.187,77.167,53.155,53.146,49.136,24.124,24.133,33.075,24.053,24.087,21.2,21.2,87.215,87.239,87.187,33.089,33.136,41.33,42.109,42.16,38.305,38.299,45.16,26.174,58.467,58.565,44.296,44.129,27.73,22.931,22.828,51.617,51.58,35.71,34.687,34.814,91.354,91.391,25.232,25.135,23.33,23.427,19.946,19.933,28.148,28.359,54.949,54.919,48.722,48.711,48.689,37.234,37.252,50.956,50.941,58.162,58.142
"2010",50.08,49.881,34.415,34.149,24.799,24.814,96.286,96.584,96.465,96.59,42.5,42.323,24.643,24.693,64.1547,64.39,20.721,20.732,60.476,60.597,51.886,51.809,59.462,59.499,75.491,75.471,22.684,22.683,26.091,26.279,58.391,58.663,52.815,52.6,36.981,36.924,77.081,77.074,77.024,53.044,53.031,48.963,24.068,24.085,32.958,23.884,23.82,21.2,21.2,87.069,87.087,86.792,32.919,33.003,41.208,41.845,41.888,38.168,38.175,45.064,26.174,58.142,58.303,44.229,43.985,27.684,22.846,22.699,51.541,51.418,35.676,34.533,34.47,91.142,91.218,25.025,24.685,23.203,23.379,19.826,19.788,27.977,28.261,54.634,54.556,48.656,48.607,48.532,37.025,37.101,50.816,50.843,57.967,57.893
"2009",49.554,49.284,34.06,33.835,24.772,24.787,96.0085,96.4435,96.2205,96.377,42.177,42.033,24.605,24.675,63.9088,63.9955,20.611,20.635,60.234,60.31,51.689,51.611,59.186,59.191,75.273,75.155,22.619,22.607,25.975,26.179,57.964,58.386,52.649,52.279,36.935,36.878,76.908,76.827,76.799,52.906,52.863,48.645,23.994,24.028,32.833,23.685,23.555,21.2,21.2,86.897,86.833,86.209,32.786,32.888,41.136,41.255,41.411,37.852,37.784,44.92,26.133,57.663,57.943,44.126,43.822,27.636,22.73,22.577,51.448,51.314,35.639,34.349,34.311,90.968,91.083,24.766,24.501,23.022,23.303,19.703,19.636,27.766,28.128,54.308,54.057,48.535,48.479,48.335,36.785,36.937,50.679,50.67,57.702,57.578
"2008",49.164,48.889,33.711,33.547,24.719,24.75,95.6795,96.2735,95.976,96.1665,41.838,41.805,24.572,24.644,63.6712,63.5681,20.506,20.529,59.85,59.945,51.523,51.324,58.961,58.935,75.103,74.942,22.557,22.508,25.895,26.102,57.38,58.181,52.468,52.051,36.898,36.858,76.728,76.562,76.59,52.753,52.651,48.292,23.922,23.963,32.701,23.557,23.395,21.2,21.2,86.736,86.334,85.842,32.622,32.782,41.044,40.769,40.909,37.586,37.447,44.797,26.086,57.431,57.715,44.063,43.684,27.582,22.637,22.459,51.372,51.16,35.609,34.094,34.147,90.737,90.857,24.566,24.267,22.876,23.249,19.575,19.512,27.587,28.01,53.919,53.634,48.452,48.358,48.152,36.54,36.759,50.545,50.531,57.514,57.349
"2007",48.918,48.564,33.388,33.244,24.652,24.713,95.3995,96.083,95.756,95.9065,41.522,41.547,24.539,24.615,63.3818,63.1884,20.407,20.412,59.573,59.586,51.315,51.041,58.71,58.678,74.986,74.834,22.484,22.377,25.835,26.012,56.851,57.994,52.304,51.772,36.822,36.844,76.574,76.385,76.354,52.603,52.439,47.974,23.752,23.868,32.567,23.407,23.155,21.192,21.178,86.623,86.219,85.597,32.43,32.652,40.954,40.339,40.583,37.303,37.197,44.688,26.028,57.17,57.49,43.971,43.539,27.541,22.49,22.303,51.265,51.04,35.558,33.595,33.941,90.533,90.63,24.36,24.023,22.743,23.196,19.453,19.381,27.35,27.8,53.593,53.229,48.383,48.27,47.961,36.364,36.576,50.391,50.379,57.259,57.058
"2006",48.497,48.077,33.078,32.944,24.593,24.673,95.176,95.938,95.542,95.7005,41.324,41.332,24.486,24.589,63.2555,62.9515,20.265,20.299,59.27,59.244,51.152,50.734,58.456,58.427,74.886,74.732,22.416,22.318,25.789,25.949,56.362,57.782,52.155,51.514,36.783,36.768,76.431,76.302,76.185,52.444,52.224,47.606,23.637,23.784,32.431,23.268,22.962,21.171,21.169,86.488,86.105,85.448,32.235,32.566,40.891,39.927,40.335,37.087,36.931,44.485,25.971,56.668,56.991,43.884,43.434,27.51,22.36,22.148,51.184,50.92,35.472,33.361,33.742,90.289,90.506,24.096,23.817,22.537,23.123,19.294,19.24,27.122,27.702,53.256,52.708,48.284,48.133,47.79,36.132,36.4,50.251,50.244,57.068,56.833
"2005",48.205,47.492,32.75,32.599,24.482,24.579,94.896,95.764,95.2585,95.4715,41.017,41.067,24.428,24.557,63.0197,62.5219,20.103,20.177,58.982,58.969,50.975,50.4,58.167,58.131,74.649,74.6,22.318,22.188,25.707,25.845,55.901,57.503,51.959,51.289,36.685,36.558,76.213,76.092,75.788,52.256,51.963,47.278,23.431,23.658,32.21,23.137,22.802,21.136,21.118,86.208,85.857,84.996,32.046,32.477,40.803,39.294,39.83,36.73,36.692,44.301,25.909,56.208,56.498,43.736,43.211,27.421,22.191,21.965,51.071,50.72,35.414,33.185,33.525,90.072,90.379,23.906,23.525,22.357,23.001,19.174,19.119,26.789,27.516,52.825,52.24,48.127,47.896,47.485,35.849,36.114,50.061,50.064,56.837,56.587
"2004",47.892,47.066,32.448,32.152,24.374,24.458,94.627,95.5695,94.9735,95.2155,40.707,40.831,24.359,24.522,62.8445,62.351,19.936,20.044,58.696,58.684,50.798,50.097,57.885,57.908,74.44,74.491,22.219,22.061,25.613,25.772,55.436,57.23,51.732,51.038,36.604,36.417,76.007,75.886,75.516,52.143,51.741,47.151,23.188,23.576,31.957,22.966,22.575,21.123,21.067,85.951,85.512,84.42,31.926,32.385,40.725,38.786,39.378,36.212,36.387,44.119,25.826,55.901,56.226,43.564,43.016,27.259,22.007,21.841,50.986,50.532,35.329,33.042,33.198,89.864,90.246,23.616,23.28,22.187,22.863,19.002,18.961,26.527,27.339,52.447,51.876,48.031,47.674,47.242,35.581,35.854,49.91,49.874,56.658,56.384
"2003",47.627,46.654,32.208,31.611,24.267,24.372,94.3365,95.3555,94.7155,94.9605,40.468,40.583,24.283,24.465,62.6693,62.182,19.824,19.955,58.381,58.359,50.624,49.782,57.533,57.641,74.182,74.385,22.137,22.001,25.512,25.692,54.92,56.938,51.517,50.765,36.543,36.327,75.809,75.712,75.199,52.065,51.592,46.946,23.037,23.513,31.805,22.79,22.322,21.049,21.037,85.68,84.974,83.739,31.792,32.285,40.648,38.265,38.997,35.71,36.128,43.882,25.781,55.571,55.887,43.348,42.814,27.184,21.809,21.713,50.886,50.385,35.256,32.907,32.806,89.575,90.106,23.436,22.964,22.048,22.726,18.826,18.827,26.219,27.111,52.118,51.526,47.936,47.498,46.942,35.423,35.587,49.76,49.722,56.405,56.13
"2002",47.239,46.243,31.987,31.16,24.177,24.315,94.027,95.137,94.4375,94.7285,40.178,40.32,24.202,24.419,62.5735,62.0849,19.715,19.819,57.979,57.954,50.444,49.483,57.222,57.308,74.042,74.309,22,21.771,25.43,25.61,54.327,56.6,51.333,50.484,36.415,36.139,75.628,75.585,74.969,51.961,51.432,46.813,22.869,23.427,31.625,22.597,22.088,21.005,21.02,85.486,84.38,83.428,31.67,32.16,40.555,37.754,38.599,35.181,35.962,43.697,25.686,55.239,55.471,43.088,42.531,27.076,21.66,21.574,50.813,50.254,35.177,32.716,32.23,89.36,89.933,23.139,22.719,21.915,22.582,18.673,18.624,25.911,26.868,51.57,51.228,47.861,47.302,46.704,35.255,35.362,49.59,49.561,56.175,55.911
"2001",46.844,45.858,31.703,30.822,24.042,24.238,93.7325,94.949,94.192,94.5025,39.926,40.031,24.107,24.344,62.3584,61.9753,19.592,19.675,57.641,57.53,50.287,49.238,56.863,56.917,73.854,74.191,21.891,21.601,25.328,25.483,53.926,56.288,51.077,50.192,36.298,35.956,75.354,75.326,74.658,51.825,51.17,46.609,22.69,23.266,31.486,22.425,21.844,20.98,20.973,85.084,83.837,83.147,31.557,32.068,40.457,37.253,38.14,34.465,35.78,43.473,25.578,54.862,55.033,42.85,42.254,26.963,21.5,21.378,50.733,50.123,35.021,32.572,32.062,89.146,89.777,22.921,22.492,21.796,22.458,18.452,18.457,25.572,26.63,51.192,50.767,47.697,47.031,46.479,35.01,35.107,49.436,49.382,55.9,55.686
"2000",46.34,45.221,31.404,30.407,23.859,24.114,93.422,94.732,93.921,94.2395,39.653,39.682,23.933,24.269,61.9485,61.8174,19.373,19.5,57.294,57.055,50.13,48.99,56.528,56.594,73.669,74.031,21.762,21.474,25.203,25.287,53.548,55.892,50.761,49.835,36.129,35.706,75.007,75.004,74.29,51.652,50.894,46.306,22.455,23.041,31.293,22.212,21.573,20.958,20.886,84.506,83.195,82.749,31.379,31.832,40.32,36.728,37.597,33.898,35.586,43.226,25.459,54.567,54.657,42.573,41.969,26.861,21.294,21.193,50.652,49.948,34.883,32.432,31.916,88.781,89.53,22.675,22.223,21.657,22.298,18.225,18.215,25.114,26.352,50.601,50.26,47.504,46.812,46.202,34.732,34.917,49.198,49.178,55.541,55.402
"1999",45.806,44.619,31.218,30.103,23.712,24.003,93.1415,94.5275,93.6805,93.991,39.478,39.257,23.837,24.186,61.6715,61.7251,19.196,19.336,57,56.757,49.946,48.726,56.212,56.245,73.515,73.935,21.619,21.212,25.098,25.119,53.148,55.532,50.541,49.496,36.003,35.499,74.87,74.851,74.108,51.516,50.661,45.91,22.325,22.879,31.034,21.986,21.256,20.918,20.828,84.145,82.836,82.449,31.213,31.586,40.162,35.916,36.83,33.623,35.418,43.077,25.36,54.28,54.362,42.315,41.74,26.811,21.068,20.982,50.592,49.859,34.746,32.303,31.719,88.448,89.385,22.323,22.075,21.494,22.175,17.966,18.015,24.657,26.086,50.182,49.738,47.372,46.643,45.948,34.482,34.714,49.048,49.03,55.293,55.162
"1998",45.315,44.119,31.028,29.77,23.583,23.911,92.863,94.357,93.465,93.7665,39.183,38.937,23.728,24.132,61.2567,61.5657,19.07,19.192,56.585,56.409,49.772,48.499,55.939,56.01,73.404,73.776,21.477,21.02,24.996,24.977,52.777,55.153,50.329,49.209,35.851,35.333,74.629,74.573,73.808,51.41,50.449,45.501,22.193,22.727,30.876,21.789,21.051,20.823,20.741,83.654,82.528,81.975,31.114,31.45,39.925,35.292,36.167,33.367,35.079,42.79,25.271,53.984,54.031,42.016,41.56,26.761,20.859,20.805,50.537,49.691,34.658,32.189,31.588,88.217,89.211,21.996,21.737,21.396,22.077,17.764,17.816,24.325,25.81,49.703,49.383,47.135,46.376,45.556,34.129,34.548,48.889,48.817,55.011,54.907
"1997",44.752,43.472,30.84,29.329,23.474,23.764,92.406,94.099,93.195,93.549,38.813,38.593,23.642,24.083,60.8074,61.2944,18.955,19.064,55.937,55.831,49.586,48.329,55.644,55.752,73.288,73.491,21.259,20.702,24.924,24.794,52.259,54.683,50.058,48.843,35.667,35.161,74.416,74.367,73.535,51.311,50.236,45.032,22.055,22.597,30.728,21.621,20.873,20.77,20.676,83.14,82.351,81.667,31.044,31.18,39.696,34.459,35.151,32.923,34.476,42.545,25.166,53.475,53.488,41.605,41.298,26.654,20.685,20.619,50.476,49.554,34.536,32.058,NA,87.831,89.085,21.753,21.497,21.283,21.976,17.593,17.579,23.884,25.436,49.249,48.971,46.913,46.215,45.125,33.881,34.387,48.687,48.629,54.785,54.659
"1996",44.268,43.04,30.624,28.932,23.379,23.629,92.1605,93.952,93.035,93.3645,38.507,38.315,23.583,24.048,60.6715,61.1806,18.873,18.962,55.624,55.515,49.394,48.19,55.389,55.535,73.194,73.389,21.036,20.31,24.808,24.611,51.775,54.282,49.74,48.568,35.4,34.827,74.263,74.218,73.293,51.222,50.123,44.773,21.968,22.433,30.584,21.49,20.659,20.689,20.557,82.966,82.205,81.353,30.96,30.881,39.582,34.155,34.726,32.69,34.186,42.343,24.977,53.087,53.153,41.313,41.038,26.55,20.499,20.433,50.423,49.461,34.442,31.948,NA,87.585,88.968,21.463,21.299,21.172,21.891,17.442,17.414,23.564,25.127,48.779,48.574,46.71,46.067,44.8,33.713,34.285,48.603,48.525,54.576,54.464
"1995",43.759,42.523,30.446,28.682,23.282,23.508,91.908,93.8065,92.886,93.1915,38.329,37.981,23.515,23.997,60.4581,60.9915,18.819,18.907,55.173,55.116,49.193,48.069,55.075,55.257,73.082,73.256,20.895,20.056,24.712,24.427,51.316,54.001,49.404,48.306,35.248,34.613,74.145,74.036,73.099,51.169,50.057,44.382,21.926,22.346,30.474,21.383,20.436,20.667,20.439,82.847,81.938,81.061,30.864,30.63,39.464,33.738,34.346,32.345,33.841,42.153,24.86,52.725,52.743,41.167,40.814,26.495,20.313,20.243,50.37,49.383,34.262,31.844,NA,87.311,88.898,21.2,21.144,21.064,21.813,17.285,17.278,23.238,24.883,48.331,48.092,46.5,45.863,44.515,33.459,34.195,48.463,48.362,54.392,54.228
"1994",43.132,41.971,30.259,28.501,23.186,23.341,91.637,93.6605,92.7205,93.04,38.065,37.423,23.446,23.945,60.3547,60.8289,18.701,18.759,54.626,54.568,48.874,47.784,54.858,55.024,72.966,73.168,20.73,19.648,24.575,24.151,50.829,53.734,48.979,47.966,35.009,34.304,73.957,73.885,72.773,51.048,49.901,43.995,21.843,22.162,30.388,21.273,20.303,20.576,20.275,82.717,81.499,80.323,30.71,30.322,39.286,33.029,33.75,31.546,33.304,41.793,24.657,52.37,52.412,40.819,40.547,26.354,20.183,20.095,50.315,49.266,34.097,31.74,NA,86.932,88.779,20.923,21.014,20.954,21.732,17.174,17.158,22.647,24.429,47.886,47.553,46.328,45.66,44.216,33.239,34.126,48.319,48.186,54.164,53.954
"1993",42.661,41.431,30.096,28.345,23.086,23.155,91.407,93.509,92.584,92.8955,37.846,37.058,23.337,23.866,60.2092,60.7482,18.526,18.533,54.181,54.068,48.614,47.597,54.567,54.744,72.872,73.088,20.66,19.528,24.5,24.013,50.434,53.57,48.526,47.738,34.878,34.132,73.91,73.726,72.542,50.965,49.743,43.747,21.789,22.091,30.284,21.194,20.198,20.503,20.218,82.596,81.25,80.065,30.656,30.228,39.14,32.642,33.449,31.168,33.1,41.443,24.526,52.059,52.098,40.554,40.279,26.246,20.053,19.929,50.282,49.178,33.928,31.646,NA,86.53,88.672,20.751,20.896,20.845,21.657,17.04,17.03,22.241,24.064,47.469,47.037,46.183,45.478,43.93,32.985,33.999,48.139,48.001,53.944,53.649
"1992",41.985,40.541,29.939,28.178,22.884,22.957,91.121,93.3165,92.409,92.661,37.494,36.521,23.23,23.758,59.8432,60.5581,18.008,18.111,53.717,53.564,48.108,47.382,54.123,54.341,72.641,72.694,20.576,19.256,24.33,23.705,49.95,53.221,48.121,47.303,34.735,33.93,73.831,72.987,71.695,50.824,49.455,43.258,21.705,21.994,30.108,21.108,20.034,20.36,20.075,81.968,80.287,79.12,30.531,30.046,38.927,31.652,32.647,30.288,32.468,41.026,24.38,51.595,51.593,40.242,40.026,26.146,19.89,19.727,50.217,49.092,33.601,31.566,NA,85.981,88.532,20.487,20.718,20.763,21.579,16.954,16.958,21.487,23.398,46.95,46.443,45.961,45.231,43.326,32.623,33.827,47.919,47.797,53.668,53.353
"1991",41.425,39.798,29.809,28.047,22.685,22.76,90.8065,93.125,92.2265,92.378,37.101,35.977,23.13,23.681,59.5688,60.3731,17.43,17.634,53.261,52.96,47.501,47.098,53.799,54.028,72.362,72.33,20.362,18.913,24.132,23.386,49.443,52.77,47.791,46.917,34.506,33.635,73.048,72.592,71.288,50.634,49.244,42.82,21.61,21.782,29.948,21.004,19.923,20.276,19.84,81.481,79.586,78.592,30.293,29.792,38.649,30.841,31.856,29.35,31.903,40.503,24.09,51.187,51.023,39.896,39.647,25.85,19.749,19.543,50.159,49.021,33.317,31.489,NA,85.59,88.346,20.271,20.586,20.685,21.52,16.886,16.891,20.852,22.819,46.323,45.782,45.768,45.053,42.987,32.382,33.671,47.712,47.617,53.417,53.037
"1990",40.961,39.366,29.731,27.973,22.609,22.617,90.6175,93,92.136,92.2485,36.883,35.82,23.058,23.603,59.3436,60.1591,17.126,17.396,52.942,52.544,47.212,46.883,53.554,53.816,72.131,72.09,20.293,18.777,23.972,23.172,49.061,52.474,47.5,46.653,34.33,33.497,72.632,72.287,70.934,50.53,49.085,42.614,21.583,21.717,29.84,20.94,19.864,20.101,19.733,81.044,79.081,78.208,30.149,29.623,38.535,30.356,31.385,28.915,31.508,40.114,23.996,50.961,50.681,39.704,39.409,25.72,19.665,19.437,50.087,48.966,33.173,31.407,NA,85.386,88.214,20.176,20.462,20.613,21.462,16.848,16.843,20.443,22.346,45.948,45.286,45.622,44.893,42.683,32.164,33.562,47.507,47.436,53.16,52.814
"1989",40.454,39.071,29.662,27.895,22.585,22.597,90.4375,92.861,92.031,92.115,36.43,35.363,22.968,23.539,59.1083,59.6936,16.758,17.216,52.746,52.304,47.011,46.697,53.263,53.533,71.856,71.65,20.232,18.663,23.815,22.922,48.672,52.181,47.286,46.332,34.052,33.323,71.777,71.826,70.49,50.454,48.957,42.258,21.539,21.626,29.654,20.838,19.698,19.949,19.588,80.286,78.566,77.786,29.949,29.452,38.346,29.546,30.701,28.118,30.92,39.722,23.834,50.759,50.411,39.525,39.14,25.604,19.535,19.277,49.94,48.839,33.092,31.286,NA,85.084,88.112,20.022,20.358,20.494,21.391,16.768,16.762,19.952,21.834,45.628,44.851,45.408,44.722,42.347,32.017,33.464,47.316,47.282,52.961,52.656
"1988",40.188,38.813,29.6,27.828,22.547,22.553,90.2685,92.7025,91.9135,91.981,36.266,35.143,22.848,23.463,58.9628,59.4193,16.454,16.988,52.505,52.008,46.874,46.561,53.033,53.346,71.744,71.482,20.143,18.43,23.738,22.767,48.398,51.875,47.102,45.814,33.759,32.95,71.503,71.635,70.268,50.35,48.764,42.046,21.455,21.614,29.464,20.711,19.563,19.885,19.401,79.991,78.281,77.644,29.666,29.218,38.193,28.89,29.991,27.704,30.283,39.468,23.649,50.547,50.188,39.385,38.998,25.487,19.397,19.122,49.677,48.553,33.021,NA,NA,84.759,87.994,19.841,20.248,20.363,21.316,16.649,16.635,19.667,21.414,45.258,44.269,45.323,44.563,42.243,31.881,33.407,47.091,47.057,52.693,52.409
"1987",39.824,38.537,29.544,27.783,22.508,22.533,90.1205,92.5715,91.818,91.868,36.176,35.034,22.786,23.424,58.8979,59.318,16.321,16.833,52.316,51.811,46.771,46.474,52.846,53.175,71.653,71.37,20.098,18.385,23.694,22.662,48.183,51.697,46.906,45.459,33.56,32.749,71.357,71.488,70.127,50.264,48.619,41.965,21.402,21.523,29.314,20.589,19.372,19.813,19.304,79.843,78.091,77.482,29.456,29.042,38.096,28.607,29.753,27.499,30.083,39.263,23.536,50.321,49.904,39.25,38.858,25.385,19.27,18.957,49.484,48.321,32.903,NA,NA,84.357,87.838,19.711,20.161,20.175,21.207,16.528,16.489,19.439,21.172,44.94,43.897,45.181,44.421,42.098,31.758,33.32,46.927,46.875,52.491,52.205
"1986",39.24,38.251,29.475,27.723,22.454,22.504,89.9635,92.4195,91.71,91.74,36.013,34.776,22.685,23.363,58.6017,58.9993,16.01,16.579,52.006,51.526,46.578,46.175,52.622,52.959,71.1990000000001,70.91,20.047,18.232,23.647,22.489,47.727,51.507,46.657,45.125,33.193,32.444,70.744,71.003,69.641,50.159,48.429,41.693,21.353,21.407,29.133,20.418,19.135,19.615,19.09,79.153,77.441,76.866,29.146,28.765,37.862,28.034,29.186,26.716,29.291,38.863,23.316,50.089,49.617,38.983,38.592,25.229,19.071,18.624,49.232,47.929,32.756,NA,NA,83.976,87.716,19.473,19.868,19.838,20.977,16.322,16.305,19.053,20.687,44.531,43.386,44.939,44.058,41.74,31.562,33.146,46.591,46.559,52.153,51.903
"1985",38.729,37.903,29.419,27.671,22.401,22.458,89.8,92.271,91.5995,91.599,35.889,34.523,22.537,23.297,58.2928,58.7232,15.732,16.405,51.748,51.325,46.389,45.773,52.399,52.691,70.8960000000001,70.683,20.006,18.166,23.528,22.317,47.266,51.26,46.437,44.788,32.876,32.12,70.318,70.633,69.296,50.056,48.271,41.412,21.316,21.34,28.919,20.225,18.86,19.521,18.69,78.458,77.002,76.349,28.735,28.517,37.653,27.627,28.811,26.032,28.69,38.472,23.117,49.862,49.305,38.677,38.206,25.124,18.845,18.311,48.962,47.642,32.616,NA,NA,83.646,87.62,19.196,19.543,19.514,20.648,15.992,16.06,18.662,20.264,43.999,42.836,44.685,43.867,41.415,31.429,33.023,46.325,46.224,51.849,51.629
"1984",38.247,37.584,29.344,27.609,22.332,22.402,89.643,92.113,91.484,91.4695,35.783,34.213,22.405,23.224,58.0249,58.4764,15.51,16.121,51.378,51.057,46.221,45.259,52.2,52.443,70.6300000000001,70.528,19.983,18.109,23.355,22.118,46.773,51.014,46.271,44.428,32.654,31.872,69.978,70.446,69.011,49.94,47.895,41.205,21.255,21.262,28.753,20.086,18.503,19.302,18.183,77.756,76.541,76.008,28.251,28.225,37.402,27.132,28.26,25.289,27.983,38.032,22.912,49.639,48.936,38.426,37.806,25.037,18.669,18.012,48.677,47.318,32.486,NA,NA,83.445,87.517,18.977,NA,19.219,20.38,15.7,15.859,18.289,19.77,43.61,42.248,44.623,43.76,41.311,31.308,32.969,46.057,45.966,51.507,51.36
"1983",37.727,37.28,29.25,27.538,22.279,22.356,89.504,91.991,91.3735,91.346,35.755,34.071,22.262,23.149,57.9019,58.3668,15.187,15.879,51.02,50.821,46.071,44.901,51.948,52.146,70.5320000000001,70.43,19.945,17.961,23.226,21.985,46.376,50.901,45.977,44.114,32.542,31.723,69.794,70.319,68.811,49.812,47.495,41.093,21.194,21.202,28.563,19.925,18.082,19.128,17.992,77.551,76.263,75.845,27.97,28.009,37.279,26.879,27.958,24.998,27.689,37.675,22.744,49.39,48.643,38.351,37.661,24.965,18.451,17.748,48.407,46.956,32.397,NA,NA,83.256,87.439,18.719,NA,18.973,20.231,15.432,15.626,18.087,19.501,43.282,41.761,44.563,43.671,41.207,31.233,32.896,45.88,45.802,51.256,51.181
"1982",37.246,36.992,29.166,27.462,22.195,22.292,89.3545,91.8665,91.255,91.198,35.621,33.802,22.18,23.071,57.7811,58.1025,14.859,15.705,50.63,50.521,45.806,44.607,51.702,51.842,70.373,70.143,19.907,17.898,23.041,21.791,45.946,50.693,45.512,43.752,32.283,31.39,69.453,69.972,68.41,49.687,47.228,40.984,21.15,21.139,28.371,19.734,17.842,18.841,17.809,77.05,75.656,75.488,27.768,27.804,37.135,26.591,27.66,24.698,27.463,37.304,22.502,49.095,48.268,38.03,37.318,24.829,18.248,17.523,48.087,46.614,32.201,NA,NA,82.856,87.381,18.425,NA,18.671,20.023,15.083,15.336,17.811,19.187,42.926,41.343,44.37,43.404,40.943,31.047,32.729,45.613,45.599,51.01,50.948
"1981",36.794,36.637,29.049,27.363,22.041,22.175,89.151,91.706,91.0555,90.943,35.377,33.465,22.107,22.975,57.4239,57.6858,14.462,15.371,50.029,50.158,45.582,44.231,51.409,51.528,70.0820000000001,69.701,19.795,17.746,22.794,21.508,45.474,50.436,44.927,43.289,31.915,30.92,68.846,69.499,67.83,49.46,47.053,40.732,21.078,21.057,28.164,19.369,17.434,18.633,17.311,76.3,74.742,74.688,27.54,27.537,36.839,25.949,27.064,24.041,27.08,36.927,22.183,48.654,47.715,37.48,36.866,24.659,17.933,17.106,47.744,46.088,31.836,NA,NA,82.317,87.301,17.991,NA,18.221,19.71,14.668,15.031,17.379,18.671,42.454,40.88,44.07,43.08,40.564,30.818,32.528,45.288,45.299,50.662,50.551
"1980",36.283,36.286,28.949,27.263,21.932,22.076,88.995,91.5765,90.919,90.7975,35.212,33.194,22.044,22.902,57.2348,57.5623,14.047,15.106,49.58,49.887,45.411,43.798,51.093,51.244,69.911,69.391,19.683,17.65,22.566,21.279,45.202,50.155,44.671,42.875,31.683,30.589,68.377,69.149,67.375,49.332,46.955,40.598,21.001,20.878,27.975,19.147,17.057,18.425,16.995,75.918,74.201,73.844,27.328,27.354,36.686,25.462,26.564,23.712,26.855,36.452,21.88,48.247,47.34,37.119,36.522,24.499,17.652,16.726,47.452,45.721,31.55,NA,NA,82.097,87.247,17.591,NA,17.728,19.345,14.279,14.72,16.935,18.119,42.161,40.611,43.84,42.858,40.316,30.508,32.3,45.142,45.137,50.45,50.28
"1979",35.778,35.888,28.852,27.172,21.831,21.986,88.8035,91.434,90.78,90.644,35.028,32.831,21.998,22.827,56.9593,57.3778,13.74,14.86,49.017,49.507,45.089,43.389,50.79,50.957,69.498,68.74,19.533,17.558,22.244,20.987,44.838,49.719,44.198,42.303,31.361,30.16,67.602,68.516,66.915,49.204,46.844,40.452,20.861,20.716,27.709,18.933,16.547,17.907,16.719,75.404,73.26,72.602,26.972,27.089,36.375,24.94,NA,23.503,26.566,35.76,21.516,47.81,46.831,36.627,36.048,24.321,17.279,16.248,47.147,45.235,31.24,NA,NA,81.841,87.181,17.129,NA,17.152,18.918,13.81,14.377,16.412,17.491,41.868,40.339,43.483,42.484,40.004,30.259,32.161,44.998,44.976,50.255,50.034
"1978",35.448,35.55,28.762,27.08,21.718,21.826,88.609,91.252,90.6035,90.461,34.861,32.578,21.93,22.732,56.528,57.1481,13.382,14.622,48.366,49.107,44.905,42.765,50.58,50.782,69.202,68.308,19.416,17.43,21.96,20.638,44.347,49.231,43.62,41.8,31.029,29.744,67.128,68.255,66.688,49.044,46.734,40.26,20.723,20.501,27.498,18.697,16.054,17.467,16.225,75.137,72.527,71.803,26.482,26.68,36.022,24.676,NA,23.304,25.784,35.148,21.289,47.534,46.477,36.055,35.768,24.123,17,15.86,46.798,44.778,31.049,NA,NA,81.538,87.005,16.558,NA,16.597,18.549,NA,13.934,15.997,NA,41.553,40.077,43.326,42.258,39.781,30.149,32.104,44.804,44.776,49.979,49.741
"1977",35.039,35.198,28.668,26.957,21.569,21.688,88.3735,91.016,90.4295,90.2755,34.652,32.305,21.86,22.635,56.1029,56.736,13.086,14.376,47.607,48.649,44.72,42.173,50.307,50.481,68.864,67.864,19.292,17.291,21.683,20.321,43.738,48.794,43.056,41.313,30.759,29.317,66.618,67.861,66.34,48.845,46.625,40.128,20.607,20.336,27.34,18.535,15.494,17.211,15.805,74.892,71.82,71.32,26.02,26.31,35.455,24.095,NA,NA,25.228,34.56,21.105,47.186,46.125,35.624,35.439,23.955,16.639,15.449,46.387,44.332,30.918,NA,NA,81.09,86.858,15.976,NA,16.109,18.263,NA,13.553,15.606,NA,41.126,39.781,43.165,42.051,39.489,30.026,32.059,44.524,44.525,49.708,49.428
"1976",34.694,34.914,28.552,26.838,21.386,21.435,88.1415,90.8295,90.277,90.0975,34.506,32.099,21.783,22.541,55.8659,56.3059,12.85,14.126,46.939,48.327,44.406,41.815,50.09,50.158,68.684,67.697,19.143,17.156,21.44,20.05,43.319,48.511,42.576,40.711,30.5,28.797,66.218,67.649,66.087,48.693,46.528,40.02,20.464,20.258,27.191,18.364,15.114,16.682,15.572,74.658,71.274,70.892,25.723,25.947,35.059,23.69,NA,NA,24.745,34.031,20.941,46.783,45.582,35.296,35.097,23.813,16.194,15.033,46.066,43.966,30.843,NA,NA,80.835,86.727,15.416,NA,15.548,17.905,NA,13.167,15.414,NA,40.683,39.487,43.012,41.92,39.277,29.966,32.019,44.296,44.373,49.407,49.083
"1975",34.295,34.558,28.422,26.723,21.234,21.232,87.9295,90.6635,90.149,89.9515,34.338,31.81,21.617,22.348,55.6612,55.7956,12.585,13.885,46.374,47.999,43.689,41.404,49.733,49.688,68.292,67.324,18.981,16.947,21.182,19.736,42.829,48.197,41.983,39.959,30.118,28.148,65.71,67.102,65.755,48.468,46.345,39.85,20.324,20.205,27.03,18.155,NA,16.276,15.183,73.974,70.527,70.235,25.52,25.605,34.729,23.398,NA,NA,24.363,33.542,20.728,46.403,45.034,34.911,34.721,23.638,15.832,14.63,45.769,43.509,30.701,NA,NA,80.409,86.619,14.819,NA,14.985,17.532,NA,12.749,15.119,NA,40.078,39.119,42.604,41.538,38.718,29.865,31.948,44.058,44.213,49.101,48.812
"1974",33.997,34.254,28.3,26.623,21.073,21.016,87.7355,90.5155,90.048,89.8005,34.228,31.661,21.454,22.124,55.3192,55.5147,12.454,13.779,45.817,47.658,43.242,40.972,49.389,49.083,67.867,66.794,18.847,16.708,20.985,19.519,42.208,48.011,41.454,39.336,29.828,27.691,65.221,66.405,65.376,48.25,46.195,39.712,20.168,20.061,26.774,NA,NA,15.991,14.804,73.238,69.698,69.506,25.382,25.34,34.395,23.108,NA,NA,23.872,33.213,20.495,46.056,44.592,34.405,34.268,23.475,15.46,14.253,45.375,42.968,30.556,NA,NA,80.317,86.547,NA,NA,14.586,17.209,NA,12.545,14.934,NA,39.734,38.821,42.13,41.12,38.168,29.738,31.85,43.755,43.974,48.811,48.603
"1973",33.765,33.976,28.211,26.545,21.008,20.915,87.623,90.408,89.9765,89.716,34.151,31.542,21.31,21.958,54.7888,55.3175,12.377,13.705,45.446,47.491,43.039,40.697,49.105,48.611,67.4190000000001,66.345,18.666,16.465,20.766,19.356,41.617,47.73,41.118,38.928,29.548,27.295,64.669,65.903,65.003,48.079,46.037,39.523,20.038,19.88,NA,NA,NA,15.497,14.624,72.483,68.96,68.874,25.246,25.102,34.147,22.722,NA,NA,23.537,32.947,20.388,45.844,44.323,33.868,33.95,23.313,15.222,13.986,45.079,42.57,30.434,NA,NA,79.957,86.325,NA,NA,14.266,16.916,NA,12.389,14.8,NA,39.533,38.673,41.623,40.536,37.421,29.505,31.74,43.463,43.755,48.59,48.383
"1972",33.6,33.779,28.13,26.446,20.963,20.865,87.5105,90.29,89.873,89.6165,34.124,31.488,21.193,21.857,54.1931,55.1077,12.34,13.673,45.238,47.33,42.934,40.59,48.844,48.207,67.0740000000001,65.984,18.435,16.45,20.548,19.145,41.216,47.452,40.963,38.786,29.375,27.015,64.189,65.355,64.587,47.985,45.95,39.264,19.925,19.73,NA,NA,NA,15.058,14.411,71.494,68.181,68.347,25.133,24.936,33.908,22.622,NA,NA,23.414,32.689,20.315,45.681,44.165,33.545,33.785,23.204,15.093,13.798,44.827,42.199,30.309,NA,NA,79.55,86.083,NA,NA,14.086,16.718,NA,12.241,NA,NA,39.418,38.617,41.397,40.049,36.942,29.289,31.701,43.301,43.616,48.442,48.196
"1971",33.487,33.664,28.054,26.333,20.911,20.8,87.343,90.1425,89.724,89.459,34.093,31.424,21.059,21.762,53.8543,54.8583,12.297,13.647,45.032,47.173,42.788,40.416,48.695,47.94,66.8180000000001,65.693,18.201,16.286,20.281,18.827,40.897,47.219,40.715,38.621,29.213,26.773,63.856,65.041,64.324,47.91,45.879,38.988,19.785,19.631,NA,NA,NA,14.876,14.212,70.713,67.727,68.025,24.998,24.758,33.727,22.521,NA,NA,NA,32.388,20.196,45.581,44.056,33.249,33.677,23.072,14.982,13.657,44.589,41.879,30.235,NA,NA,79.17,85.888,NA,NA,13.926,16.528,NA,12.115,NA,NA,39.365,38.572,41.311,39.863,36.699,29.197,31.671,43.145,43.463,48.358,48.107
"1970",33.358,33.522,27.976,26.2,20.812,20.739,87.165,89.986,89.581,89.299,34.051,31.355,20.875,21.65,53.5298,54.4,12.233,13.609,44.745,46.941,42.684,40.305,48.459,47.581,66.513,65.412,18.152,15.995,20.003,18.521,40.582,46.987,40.212,38.36,28.983,26.535,63.539,64.669,63.981,47.802,45.793,38.769,19.686,19.511,NA,NA,NA,14.653,14.007,70.235,67.3470000000001,67.688,24.841,24.637,33.419,22.415,NA,NA,NA,32.21,20.069,45.458,43.895,32.953,33.574,22.969,14.844,13.506,44.352,41.519,30.153,NA,NA,79.058,85.653,NA,NA,13.774,16.362,NA,11.99,NA,NA,39.259,38.505,41.222,39.537,36.387,29.056,31.632,42.987,43.306,48.231,47.968
"1969",33.262,33.412,27.882,26.061,20.728,20.691,86.9645,89.822,89.436,89.1275,33.998,31.242,20.81,21.582,53.4192,54.2042,12.179,13.567,44.373,46.57,42.504,40.181,48.296,47.278,66.322,65.267,18.027,15.754,19.778,18.268,40.405,46.839,NA,38.009,28.76,26.318,63.38,64.5,63.745,47.722,45.713,38.531,NA,19.461,NA,NA,NA,14.449,13.789,69.943,67.0770000000001,67.473,24.644,24.468,33.169,22.339,NA,NA,NA,32.063,19.922,45.331,43.757,32.582,33.445,22.854,14.682,13.343,44.146,41.219,30.088,NA,NA,78.995,85.443,NA,NA,13.621,16.191,NA,NA,NA,NA,39.149,38.446,41.163,39.356,36.172,29.02,31.613,42.859,43.2,48.08,47.767
"1968",33.151,33.319,27.778,25.861,20.603,20.598,86.7475,89.6625,89.2845,88.915,33.92,31.097,20.709,21.504,53.1156,53.7707,12.119,13.526,43.908,46.123,42.317,40.044,48.071,46.943,65.941,65.104,17.88,15.422,19.488,17.916,39.765,46.682,NA,37.745,28.415,25.99,63.081,64.181,63.35,47.607,45.583,38.15,NA,19.409,NA,NA,NA,14.231,NA,69.236,66.6990000000001,66.899,24.403,24.299,32.98,NA,NA,NA,NA,31.781,19.706,45.203,43.613,32.011,33.225,22.773,14.5,NA,43.929,40.839,30.037,NA,NA,78.811,85.184,NA,NA,13.482,16.04,NA,NA,NA,NA,38.985,38.352,41.09,39.068,35.865,28.952,31.576,42.707,43.065,47.888,47.554
"1967",33.074,33.221,27.675,25.686,20.511,20.475,86.526,89.4975,89.133,88.749,33.809,30.911,20.613,21.387,52.841,53.3815,NA,NA,43.358,45.545,42.111,39.892,47.885,46.666,65.514,64.806,17.8,15.202,19.24,17.576,39.134,46.595,NA,37.55,28.026,25.625,62.578,63.671,62.868,47.44,45.448,37.785,NA,19.334,NA,NA,NA,14.018,NA,68.441,66.2970000000001,66.295,24.171,24.15,32.585,NA,NA,NA,NA,31.425,19.495,45.087,43.465,31.38,33.02,22.672,NA,NA,43.731,40.443,29.978,NA,NA,78.507,84.926,NA,NA,13.327,NA,NA,NA,NA,NA,38.809,38.282,41.027,38.892,35.728,28.886,31.543,42.553,42.913,47.714,47.311
"1966",32.991,33.133,27.589,25.538,20.402,20.292,86.363,89.364,89.0145,88.608,33.754,30.733,20.475,21.257,52.6153,53.1277,NA,NA,42.952,45.075,41.931,39.766,47.694,46.371,65.299,64.67,17.775,14.834,19.011,17.253,38.437,46.524,NA,37.273,27.716,25.307,62.231,63.403,62.464,47.261,45.314,37.555,NA,19.123,NA,NA,NA,13.799,NA,67.656,65.9870000000001,65.716,24.008,24.016,32.105,NA,NA,NA,NA,31.048,19.429,44.966,43.302,31.113,32.715,22.593,NA,NA,43.633,40.09,29.903,NA,NA,78.098,84.696,NA,NA,NA,NA,NA,NA,NA,NA,38.666,38.183,40.937,38.666,35.56,28.743,31.48,42.44,42.801,47.572,47.167
"1965",32.892,33.026,27.497,25.359,20.256,20.081,86.1665,89.202,88.8845,88.4655,33.692,30.542,20.303,21.08,52.4204,52.8623,NA,NA,42.571,44.547,41.785,39.607,47.527,46.085,65.04,64.47,17.529,14.548,18.642,16.881,37.78,46.405,NA,36.829,27.358,24.972,61.851,63.01,62.058,47.106,45.223,37.36,NA,19.021,NA,NA,NA,13.552,NA,67.058,65.7340000000001,65.318,23.834,23.814,31.78,NA,NA,NA,NA,30.694,19.392,44.84,43.129,30.748,32.207,22.498,NA,NA,43.507,39.726,29.798,NA,NA,NA,84.457,NA,NA,NA,NA,NA,NA,NA,NA,38.516,38.088,40.797,38.403,35.331,28.591,31.386,42.328,42.688,47.419,46.973
"1964",32.825,32.947,27.359,25.197,20.073,19.829,85.941,88.998,88.7395,88.312,33.598,30.383,20.203,20.891,52.0682,52.492,NA,NA,42.282,44.09,41.59,39.414,47.299,45.715,64.756,64.219,17.307,14.181,18.216,16.613,37.601,46.041,NA,36.53,26.679,24.416,61.527,62.585,61.699,46.96,45.079,37.092,NA,18.927,NA,NA,NA,13.306,NA,66.562,65.5770000000001,64.972,23.561,23.593,NA,NA,NA,NA,NA,30.505,19.383,44.724,42.994,29.831,31.493,22.369,NA,NA,43.326,39.298,29.733,NA,NA,NA,84.166,NA,NA,NA,NA,NA,NA,NA,NA,38.365,38.04,40.687,38.238,35.095,28.446,31.279,42.202,42.553,47.274,46.778
"1963",32.746,32.872,27.242,25.09,19.941,19.668,85.776,88.8645,88.63,88.2015,33.497,30.188,20.12,20.782,51.7234,52.1964,NA,NA,42.088,NA,41.465,39.185,47.065,45.406,64.483,64.008,17.007,14.082,17.929,16.358,37.337,45.622,NA,36.408,26.341,24.012,61.151,62.259,61.209,46.857,44.959,36.917,NA,18.758,NA,NA,NA,NA,NA,66.128,65.4580000000001,64.477,23.341,23.46,NA,NA,NA,NA,NA,30.265,19.279,44.612,42.863,29.642,31.262,22.231,NA,NA,43.093,39.071,29.665,NA,NA,NA,84.016,NA,NA,NA,NA,NA,NA,NA,NA,38.272,37.963,40.529,38.042,34.866,28.158,31.097,42.102,42.441,47.171,46.617
"1962",32.707,32.825,27.148,25.011,19.869,19.58,85.6195,88.746,88.528,88.076,33.362,29.996,19.913,20.678,51.1521,51.752,NA,NA,41.946,NA,41.34,38.984,46.882,45.173,64.222,63.584,16.793,13.916,17.524,16.057,36.935,45.248,NA,36.349,25.987,23.623,60.85,61.836,60.753,46.759,44.825,36.842,NA,18.597,NA,NA,NA,NA,NA,65.806,65.3280000000001,64.242,23.077,23.292,NA,NA,NA,NA,NA,30.029,19.135,44.512,42.758,29.47,31.114,22.074,NA,NA,42.888,38.877,29.613,NA,NA,NA,83.911,NA,NA,NA,NA,NA,NA,NA,NA,38.218,37.932,40.397,37.838,34.567,28.021,30.988,41.973,42.322,47.04,46.467
"1961",32.676,32.794,27.091,24.959,19.834,19.54,85.474,88.6265,88.434,87.97,33.285,29.883,19.776,20.596,50.5412,51.4048,NA,NA,41.776,NA,41.214,38.873,46.652,44.976,64.061,63.423,NA,13.801,17.217,15.872,36.704,44.987,NA,36.31,25.712,23.392,60.602,61.514,60.457,46.64,44.704,36.751,NA,18.473,NA,NA,NA,NA,NA,65.513,65.1110000000001,63.848,22.998,23.223,NA,NA,NA,NA,NA,29.976,18.923,44.411,42.648,29.352,30.952,21.922,NA,NA,42.776,38.739,29.583,NA,NA,NA,83.798,NA,NA,NA,NA,NA,NA,NA,NA,38.171,37.888,40.312,37.725,34.355,27.963,30.957,41.836,42.188,46.905,46.292
"1960",32.638,32.764,27.047,24.911,19.808,19.515,85.2975,88.4645,88.292,87.8055,33.227,29.779,19.571,20.476,50.1168,51.0954,NA,NA,41.662,NA,41.172,38.808,46.423,44.692,63.796,63.204,NA,13.773,17.14,15.8,36.641,44.872,NA,36.282,25.61,23.323,60.206,61.096,60.033,46.461,44.566,36.647,NA,18.409,NA,NA,NA,NA,NA,65.116,64.5940000000001,63.361,22.934,23.187,NA,NA,NA,NA,NA,29.969,18.9,44.283,42.504,29.329,30.913,21.841,NA,NA,42.72,38.674,29.551,NA,NA,NA,83.717,NA,NA,NA,NA,NA,NA,NA,NA,38.125,37.843,40.114,37.546,34.174,27.922,30.943,41.704,42.063,46.731,46.081
"1959",32.605,32.725,27,24.87,19.795,19.501,85.0465,88.323,88.165,87.648,33.073,29.634,19.396,20.358,49.6268,50.7629,NA,NA,41.51,NA,41.127,38.716,46.23,44.377,63.358,62.948,NA,13.741,17.055,15.735,36.539,44.757,NA,36.244,25.548,23.258,59.737,60.546,59.528,46.296,44.394,36.558,NA,18.314,NA,NA,NA,NA,NA,64.733,63.7670000000001,62.795,22.875,23.15,NA,NA,NA,NA,NA,29.961,18.878,44.139,42.372,29.286,30.817,21.734,NA,NA,42.635,38.599,29.517,NA,NA,NA,83.687,NA,NA,NA,NA,NA,NA,NA,NA,38.082,37.802,39.935,37.379,33.871,27.889,30.92,41.536,41.884,46.563,45.878
"1958",32.579,32.686,26.965,24.828,19.787,19.479,84.79,88.1685,88.0325,87.4435,32.973,29.51,19.228,20.123,49.2371,50.351,NA,NA,41.394,NA,41.099,38.655,46.064,44.112,63.059,62.743,NA,13.731,16.99,15.659,36.49,44.709,NA,36.215,25.526,23.204,59.389,60.119,58.982,46.154,44.211,36.466,NA,NA,NA,NA,NA,NA,NA,64.285,63.1920000000001,62.097,22.834,23.123,NA,NA,NA,NA,NA,29.956,18.863,44.012,42.251,29.286,30.787,21.69,NA,NA,42.56,38.497,29.464,NA,NA,NA,83.664,NA,NA,NA,NA,NA,NA,NA,NA,38.029,37.766,39.816,37.238,33.661,27.86,30.902,41.352,41.704,46.407,45.622
"1957",32.542,32.655,26.933,24.786,19.77,19.468,84.492,87.9855,87.8705,87.252,32.793,29.377,18.993,19.96,48.5901,49.7766,NA,NA,41.211,NA,41.046,38.602,45.885,43.818,62.695,62.478,NA,13.681,16.895,15.572,36.43,44.656,NA,36.168,25.451,23.1,58.936,59.604,58.323,46.035,44.035,36.316,NA,NA,NA,NA,NA,NA,NA,63.536,62.8270000000001,61.459,22.793,23.085,NA,NA,NA,NA,NA,29.953,18.827,43.868,42.133,29.221,30.669,21.592,NA,NA,42.462,38.355,29.438,NA,NA,NA,83.642,NA,NA,NA,NA,NA,NA,NA,NA,37.94,37.716,39.721,37.049,33.482,27.801,30.875,41.138,41.459,46.195,45.401
"1956",32.519,32.62,26.903,24.755,19.753,19.449,84.1955,87.814,87.699,87.088,32.552,29.164,18.792,19.812,47.9826,49.2745,NA,NA,41.017,NA,40.969,38.549,45.649,43.503,62.32,62.15,NA,13.636,16.802,15.495,36.372,44.61,NA,36.097,25.366,23.038,58.494,58.985,57.7,45.898,43.877,36.179,NA,NA,NA,NA,NA,NA,NA,62.972,62.5610000000001,60.799,22.776,23.034,NA,NA,NA,NA,NA,29.95,18.792,43.719,41.984,29.173,30.574,21.465,NA,NA,42.342,38.178,29.409,NA,NA,NA,83.627,NA,NA,NA,NA,NA,NA,NA,NA,37.806,37.653,39.667,36.932,33.359,27.765,30.841,40.968,41.256,45.957,45.17
"1955",32.487,32.595,26.861,24.72,19.737,19.427,83.9265,87.6255,87.551,86.947,32.273,28.945,18.54,19.681,47.3703,48.9442,NA,NA,40.832,NA,40.891,38.507,45.446,43.213,61.999,61.956,NA,NA,16.739,15.422,36.309,44.56,NA,36.046,25.277,22.969,58.183,58.575,57.232,45.694,43.652,36.031,NA,NA,NA,NA,NA,NA,NA,62.709,62.3700000000001,60.356,22.739,22.993,NA,NA,NA,NA,NA,29.933,18.767,43.572,41.848,29.115,30.478,21.371,NA,NA,42.235,38.045,29.383,NA,NA,NA,83.6019999999999,NA,NA,NA,NA,NA,NA,NA,NA,37.705,37.587,39.608,36.821,33.236,27.726,30.8,40.794,41.051,45.783,44.953
"1954",32.462,32.564,26.829,24.7,19.713,19.408,83.67,87.441,87.4065,86.8055,31.965,28.726,18.331,19.561,46.8733,48.5627,NA,NA,40.674,NA,40.832,38.457,45.261,42.898,61.787,61.682,NA,NA,16.635,15.313,36.234,44.5,NA,35.985,25.17,22.892,57.944,58.261,56.943,45.498,43.451,35.946,NA,NA,NA,NA,NA,NA,NA,62.528,62.2230000000001,59.952,22.68,22.926,NA,NA,NA,NA,NA,29.923,18.703,43.436,41.722,29.025,30.309,21.263,NA,NA,42.12,37.946,29.35,NA,NA,NA,83.5869999999999,NA,NA,NA,NA,NA,NA,NA,NA,37.597,37.502,39.541,36.734,33.159,27.694,30.77,40.631,40.863,45.549,44.767
"1953",32.425,32.533,26.793,24.67,19.686,19.39,83.411,87.2535,87.257,86.626,31.837,28.633,18.146,19.442,46.4552,48.2745,NA,NA,40.529,NA,40.802,38.429,44.995,42.62,61.599,61.446,NA,NA,16.567,15.255,36.162,44.438,NA,35.932,25.091,22.823,57.708,57.996,56.668,45.381,43.312,35.881,NA,NA,NA,NA,NA,NA,NA,62.296,62.0430000000001,59.66,22.617,22.876,NA,NA,NA,NA,NA,29.911,18.652,43.328,41.584,28.968,30.196,21.187,NA,NA,42.044,37.881,29.308,NA,NA,NA,83.5569999999999,NA,NA,NA,NA,NA,NA,NA,NA,37.513,37.464,39.436,36.601,33.035,27.642,30.734,40.493,40.718,45.404,44.613
"1952",32.383,32.493,26.752,24.646,19.661,19.372,83.1335,87.0495,87.1175,86.445,31.691,28.512,17.909,19.333,45.9541,47.8478,NA,NA,40.406,NA,40.786,38.409,44.812,42.34,61.381,61.272,NA,NA,16.511,15.237,36.117,44.394,NA,35.876,25.028,22.759,57.402,57.628,56.303,45.202,43.196,35.814,NA,NA,NA,NA,NA,NA,NA,61.951,61.7520000000001,59.16,22.562,22.832,NA,NA,NA,NA,NA,29.903,18.626,43.201,41.441,28.932,30.085,21.136,NA,NA,42.016,37.811,29.282,NA,NA,NA,83.5429999999999,NA,NA,NA,NA,NA,NA,NA,NA,37.429,37.397,39.287,36.464,32.92,27.603,30.701,40.337,40.579,45.223,44.443
"1951",32.324,32.437,26.699,24.595,19.623,19.339,82.8735,86.839,86.9625,86.265,31.546,28.42,17.708,19.157,NA,47.5414,NA,NA,40.278,NA,40.752,38.357,44.558,42.022,61.087,61.048,NA,NA,16.433,15.185,36.067,44.344,NA,35.797,24.943,22.687,56.977,57.198,55.803,44.944,42.988,35.723,NA,NA,NA,NA,NA,NA,NA,61.487,61.2050000000001,58.568,22.521,22.78,NA,NA,NA,NA,NA,29.879,18.588,43.028,41.257,28.88,29.999,21.089,NA,NA,41.975,37.754,29.227,NA,NA,NA,83.514,NA,NA,NA,NA,NA,NA,NA,NA,37.337,37.343,39.042,36.255,32.717,27.553,30.628,40.189,40.426,45.019,44.2
"1950",32.266,32.374,26.647,24.553,19.57,19.284,82.5724999999999,86.5865,86.773,86.0115,31.373,28.27,17.443,18.953,NA,47.3383,NA,NA,40.082,NA,40.692,38.298,44.259,41.69,60.63,60.677,NA,NA,16.318,15.085,35.945,44.247,NA,35.722,24.866,22.596,56.447,56.596,55.186,44.713,42.79,35.57,NA,NA,NA,NA,NA,NA,NA,60.777,60.5740000000001,57.835,22.428,22.693,NA,NA,NA,NA,NA,29.817,18.527,42.881,41.073,28.826,29.893,20.995,NA,NA,41.91,37.678,29.177,NA,NA,NA,83.472,NA,NA,NA,NA,NA,NA,NA,NA,37.219,37.283,38.75,35.992,32.473,27.464,30.533,39.959,40.174,44.727,43.903
"1949",32.208,32.327,26.604,24.523,19.532,19.232,82.2644999999999,86.3255,86.577,85.7645,31.183,28.133,17.096,18.645,NA,NA,NA,NA,39.917,NA,40.656,38.22,44.001,41.373,60.291,60.362,NA,NA,16.192,14.994,35.863,44.171,NA,35.641,24.768,22.527,55.958,56.033,54.631,44.521,42.469,35.391,NA,NA,NA,NA,NA,NA,NA,59.888,59.9010000000001,57.015,22.347,22.648,NA,NA,NA,NA,NA,29.741,18.498,42.674,40.903,28.782,29.834,20.922,NA,NA,41.824,37.605,29.126,NA,NA,NA,83.422,NA,NA,NA,NA,NA,NA,NA,NA,37.118,37.195,38.555,35.788,32.264,27.381,30.448,39.771,39.955,44.418,43.65
"1948",32.153,32.295,26.556,24.495,19.469,19.161,81.9474999999999,86.1025,86.387,85.5315,31.072,28.035,16.97,18.478,NA,NA,NA,NA,39.766,NA,40.623,38.162,43.676,41.089,59.848,60.044,NA,NA,16.056,NA,35.772,44.064,NA,35.568,24.693,22.456,55.507,55.477,53.993,44.131,42.21,35.226,NA,NA,NA,NA,NA,NA,NA,59.107,59.1820000000001,56.399,22.292,22.612,NA,NA,NA,NA,NA,29.693,18.457,42.505,40.744,28.726,29.769,20.83,NA,NA,41.747,37.511,29.09,NA,NA,NA,83.3639999999999,NA,NA,NA,NA,NA,NA,NA,NA,37.013,37.069,38.413,35.554,32.103,27.264,30.313,39.612,39.744,44.074,43.32
"1947",32.115,32.264,26.512,24.471,19.387,19.095,81.6974999999999,85.88,86.2275,85.2825,30.915,27.888,16.835,18.308,NA,NA,NA,NA,39.606,NA,40.596,38.086,43.458,40.851,59.392,59.728,NA,NA,15.919,NA,35.648,43.941,NA,35.514,24.618,22.384,55.165,55.001,53.506,43.905,41.919,35.059,NA,NA,NA,NA,NA,NA,NA,58.633,58.6420000000001,55.988,22.211,22.557,NA,NA,NA,NA,NA,29.621,18.414,42.368,40.613,28.65,29.67,20.724,NA,NA,41.656,37.402,29.062,NA,NA,NA,83.246,NA,NA,NA,NA,NA,NA,NA,NA,36.903,36.922,38.34,35.409,31.982,27.181,30.234,39.437,39.55,43.765,43.016
"1946",32.074,32.208,26.462,24.438,19.324,19.06,81.4024999999999,85.6225,86.054,85.0025,30.769,27.749,16.76,18.212,NA,NA,NA,NA,39.437,NA,40.558,37.998,43.204,40.6,58.983,59.341,NA,NA,15.803,NA,35.5549999999999,43.835,NA,35.463,24.533,22.284,54.787,54.498,52.928,43.557,41.74,34.894,NA,NA,NA,NA,NA,NA,NA,58.252,58.2870000000001,55.644,22.142,22.506,NA,NA,NA,NA,NA,29.568,18.388,42.219,40.453,28.59,29.565,20.621,NA,NA,41.571,37.274,29.016,NA,NA,NA,83.124,NA,NA,NA,NA,NA,NA,NA,NA,36.771,36.76,38.273,35.324,31.859,27.096,30.166,39.219,39.315,43.47,42.716
"1945",32.042,32.166,26.406,24.408,19.269,19.021,81.1805,85.4135,85.8935,84.757,30.653,27.594,16.679,18.136,NA,NA,NA,NA,39.272,NA,40.524,37.911,42.935,40.373,58.667,58.977,NA,NA,15.718,NA,35.49,43.777,NA,35.397,NA,22.225,54.481,54.078,52.553,43.226,41.435,34.772,NA,NA,NA,NA,NA,NA,NA,57.997,58.0460000000001,55.284,22.084,22.464,NA,NA,NA,NA,NA,29.525,18.361,42.06,40.319,28.507,29.467,20.547,NA,NA,41.473,37.106,28.971,NA,NA,NA,82.9679999999999,NA,NA,NA,NA,NA,NA,NA,NA,36.632,36.59,38.205,35.229,31.723,26.977,30.086,39.013,39.11,43.16,42.492
"1944",31.997,32.115,26.342,24.359,19.21,18.98,80.9545,85.1925,85.7375,84.508,30.486,27.38,16.631,18.078,NA,NA,NA,NA,39.075,NA,40.488,37.872,42.664,40.098,58.432,58.755,NA,NA,15.663,NA,35.389,43.707,NA,35.334,NA,22.125,54.16,53.654,52.127,42.946,41.225,34.647,NA,NA,NA,NA,NA,NA,NA,57.854,57.8890000000001,54.912,22.016,22.414,NA,NA,NA,NA,NA,29.49,18.299,41.906,40.183,28.38,29.311,20.393,NA,NA,41.4,36.983,28.934,NA,NA,NA,82.8219999999999,NA,NA,NA,NA,NA,NA,NA,NA,36.497,36.448,38.148,35.148,31.608,26.869,30.013,38.849,38.94,42.915,42.207
"1943",31.943,32.073,26.284,24.311,19.16,18.939,80.7779999999999,85.0225,85.5925,84.318,30.383,27.29,16.558,17.981,NA,NA,NA,NA,38.911,NA,40.439,37.829,42.445,39.895,58.215,58.646,NA,NA,NA,NA,35.344,43.678,NA,35.29,NA,22.091,53.998,53.48,51.904,42.745,41.021,34.571,NA,NA,NA,NA,NA,NA,NA,57.715,57.7570000000001,54.693,21.978,22.391,NA,NA,NA,NA,NA,29.43,18.284,41.749,40.057,28.304,29.26,20.346,NA,NA,41.336,36.9,28.905,NA,NA,NA,82.731,NA,NA,NA,NA,NA,NA,NA,NA,36.404,36.34,38.097,35.074,31.518,26.821,29.997,38.74,38.819,42.682,41.993
"1942",31.886,32.02,26.206,24.246,19.112,18.89,80.5504999999999,84.8315,85.4505,84.0705,30.221,27.143,16.485,17.92,NA,NA,NA,NA,38.732,NA,40.372,37.762,42.197,39.554,57.829,58.378,NA,NA,NA,NA,NA,43.634,NA,35.23,NA,22.051,53.731,53.197,51.519,42.377,40.648,34.437,NA,NA,NA,NA,NA,NA,NA,57.507,57.4920000000001,54.314,21.927,22.357,NA,NA,NA,NA,NA,29.325,18.279,41.577,39.911,28.228,29.215,20.302,NA,NA,41.234,36.794,28.858,NA,NA,NA,82.567,NA,NA,NA,NA,NA,NA,NA,NA,36.323,36.223,38.031,35.005,31.407,26.742,29.952,38.596,38.648,42.346,41.664
"1941",31.834,31.958,26.104,24.141,19.053,18.829,NA,84.646,85.2955,83.8005,30.03,26.921,16.378,17.819,NA,NA,NA,NA,38.459,NA,40.279,37.684,41.934,39.298,57.332,58.068,NA,NA,NA,NA,NA,43.572,NA,35.151,NA,21.98,53.47,52.824,51.22,42,40.257,34.255,NA,NA,NA,NA,NA,NA,NA,57.264,57.2080000000001,53.941,21.834,22.303,NA,NA,NA,NA,NA,29.192,18.255,41.416,39.725,28.073,29.089,20.209,NA,NA,41.129,36.688,28.819,NA,NA,NA,82.308,NA,NA,NA,NA,NA,NA,NA,NA,36.217,36.05,37.976,34.924,31.338,26.665,29.895,38.477,38.483,41.99,41.236
"1940",31.771,31.91,26.007,24.053,19.006,18.758,NA,84.454,85.14,83.568,29.937,26.786,16.316,17.745,NA,NA,NA,NA,38.272,NA,40.215,37.615,41.707,39.108,57.184,57.94,NA,NA,NA,NA,NA,43.524,NA,35.073,NA,21.908,53.301,52.6,50.988,41.732,40.034,34.109,NA,NA,NA,NA,NA,NA,NA,57.075,57.0420000000001,53.753,21.778,22.26,NA,NA,NA,NA,NA,29.101,18.214,41.252,39.564,27.962,28.992,20.133,NA,NA,41.047,36.614,28.775,NA,NA,NA,82.097,NA,NA,NA,NA,NA,NA,NA,NA,36.134,35.904,37.908,34.84,31.244,26.607,29.83,38.353,38.34,41.736,40.925
"1939",31.711,31.852,25.932,23.974,18.938,18.678,NA,84.226,84.945,83.3095,29.805,26.684,16.248,17.679,NA,NA,NA,NA,38.073,NA,40.11,37.508,41.419,38.851,56.939,57.677,NA,NA,NA,NA,NA,43.456,NA,34.979,NA,21.846,53.04,52.29,50.676,41.405,39.785,33.968,NA,NA,NA,NA,NA,NA,NA,56.842,56.8590000000001,53.529,21.752,22.224,NA,NA,NA,NA,NA,28.967,18.201,41.017,39.322,27.841,28.925,20.072,NA,NA,40.977,36.547,28.726,NA,NA,NA,81.8759999999999,NA,NA,NA,NA,NA,NA,NA,NA,36.022,35.749,37.813,34.753,31.133,26.539,29.786,38.194,38.161,41.472,40.572
"1938",31.659,31.789,25.872,23.89,18.804,18.568,NA,83.9755,84.646,82.9305,29.624,26.61,16.158,17.532,NA,NA,NA,NA,37.872,NA,40.004,37.317,41.109,38.545,56.398,57.204,NA,NA,NA,NA,NA,43.414,NA,34.863,NA,21.776,52.65,51.797,50.222,41.083,39.484,33.758,NA,NA,NA,NA,NA,NA,NA,56.579,56.6670000000001,53.196,21.731,22.189,NA,NA,NA,NA,NA,28.808,18.188,40.772,39.045,27.719,28.864,19.943,NA,NA,40.814,36.458,28.687,NA,NA,NA,81.597,NA,NA,NA,NA,NA,NA,NA,NA,35.882,35.579,37.703,34.637,31.027,26.469,29.731,38.011,37.938,41.223,40.166
"1937",31.595,31.731,25.807,23.812,18.683,18.405,NA,83.719,84.359,82.5335,29.334,26.39,16.027,17.383,NA,NA,NA,NA,37.663,NA,39.823,37.03,40.903,38.294,55.93,56.751,NA,NA,NA,NA,NA,43.282,NA,34.723,NA,21.649,52.276,51.307,49.806,40.531,39.228,33.454,NA,NA,NA,NA,NA,NA,NA,56.112,56.3470000000001,52.723,21.631,22.102,NA,NA,NA,NA,NA,28.6,18.151,40.529,38.745,27.52,28.74,19.778,NA,NA,40.745,36.256,28.623,NA,NA,NA,81.2949999999999,NA,NA,NA,NA,NA,NA,NA,NA,35.718,35.366,37.555,34.417,30.849,26.303,29.618,37.811,37.703,40.917,39.794
"1936",31.539,31.689,25.746,23.739,18.524,18.269,NA,83.5305,84.118,82.217,29.088,26.154,15.961,17.315,NA,NA,NA,NA,37.484,NA,39.628,36.805,40.737,38.015,55.414,56.435,NA,NA,NA,NA,NA,43.161,NA,34.545,NA,21.454,51.976,50.91,49.498,40.133,38.93,33.229,NA,NA,NA,NA,NA,NA,NA,55.705,56.0280000000001,52.312,21.583,22.038,NA,NA,NA,NA,NA,28.473,18.117,40.359,38.54,27.299,28.584,19.584,NA,NA,40.694,36.054,28.589,NA,NA,NA,81.0019999999999,NA,NA,NA,NA,NA,NA,NA,NA,35.621,35.149,37.486,34.26,30.705,26.188,29.536,37.636,37.553,40.596,39.337
"1935",31.505,31.65,25.69,23.663,18.425,18.172,NA,83.395,83.9345,82.002,28.934,25.999,15.918,17.288,NA,NA,NA,NA,37.373,NA,39.497,36.695,40.617,37.88,55.145,56.296,NA,NA,NA,NA,NA,43.106,NA,34.454,NA,21.401,51.899,50.777,49.392,39.864,38.771,33.147,NA,NA,NA,NA,NA,NA,NA,55.537,55.9420000000001,52.143,21.526,21.978,NA,NA,NA,NA,NA,28.408,18.073,40.224,38.394,27.212,28.528,19.539,NA,NA,40.635,35.982,28.555,NA,NA,NA,80.8549999999999,NA,NA,NA,NA,NA,NA,NA,NA,35.543,35.034,37.452,34.198,30.644,26.159,29.513,37.556,37.475,40.34,39.035
"1934",31.439,31.589,25.612,23.577,18.318,18.076,NA,83.212,83.669,81.685,28.793,25.823,15.851,17.232,NA,NA,NA,NA,37.188,NA,39.28,NA,40.282,37.482,54.705,55.878,NA,NA,NA,NA,NA,43.042,NA,34.28,NA,21.323,51.599,50.43,49.122,39.506,38.488,32.976,NA,NA,NA,NA,NA,NA,NA,55.139,55.5700000000001,51.671,21.493,21.93,NA,NA,NA,NA,NA,28.281,18.03,40.004,38.171,27.127,28.456,19.404,NA,NA,40.542,35.881,28.507,NA,NA,NA,80.6599999999999,NA,NA,NA,NA,NA,NA,NA,NA,35.396,34.814,37.298,34.029,30.479,26.036,29.417,37.388,37.346,39.975,38.668
"1933",31.381,31.518,25.547,23.492,18.251,17.993,NA,83.0295,83.484,81.362,28.696,25.598,15.802,17.194,NA,NA,NA,NA,37.021,NA,39.106,NA,39.971,37.138,54.227,55.549,NA,NA,NA,NA,NA,42.991,NA,34.138,NA,21.218,51.339,50.131,48.852,39.217,38.328,32.782,NA,NA,NA,NA,NA,NA,NA,54.827,55.2340000000001,51.348,21.458,21.888,NA,NA,NA,NA,NA,28.217,17.981,39.817,38.002,27.023,28.373,19.187,NA,NA,40.462,35.779,28.455,NA,NA,NA,80.5919999999999,NA,NA,NA,NA,NA,NA,NA,NA,35.281,34.646,37.215,33.915,30.361,25.97,29.365,37.286,37.23,39.616,38.325
"1932",31.295,31.444,25.483,23.424,18.215,17.932,NA,82.8435,83.305,81.1105,28.566,25.407,15.75,17.143,NA,NA,NA,NA,36.899,NA,39.03,NA,39.782,36.958,53.896,55.251,NA,NA,NA,NA,NA,42.938,NA,33.99,NA,21.188,51.147,49.917,48.591,39.093,38.193,32.669,NA,NA,NA,NA,NA,NA,NA,54.537,55.0460000000001,51.073,21.392,21.841,NA,NA,NA,NA,NA,28.129,17.962,39.635,37.822,26.974,28.322,19.119,NA,NA,40.407,35.727,28.401,NA,NA,NA,80.5599999999999,NA,NA,NA,NA,NA,NA,NA,NA,35.19,34.535,37.048,33.75,30.229,25.918,29.311,37.178,37.113,39.495,38.115
"1931",31.207,31.361,25.414,23.343,18.141,17.871,NA,82.588,83.0725,80.7855,28.443,25.253,15.667,17.073,NA,NA,NA,NA,36.754,NA,38.95,NA,39.596,36.761,53.426,54.934,NA,NA,NA,NA,NA,42.881,NA,33.83,NA,21.128,50.81,49.605,48.254,38.927,38.034,32.461,NA,NA,NA,NA,NA,NA,NA,53.994,54.6910000000001,50.633,21.32,21.783,NA,NA,NA,NA,NA,27.984,17.949,39.413,37.592,26.866,28.204,19.033,NA,NA,40.319,35.615,28.341,NA,NA,NA,80.5059999999999,NA,NA,NA,NA,NA,NA,NA,NA,35.041,34.359,36.862,33.551,30.019,25.819,29.243,37.065,36.983,39.315,37.873
"1930",31.102,31.256,25.341,23.26,18.081,17.779,NA,82.394,82.901,80.526,28.344,25.102,15.596,17.007,NA,NA,NA,NA,36.583,NA,38.9,NA,39.454,36.563,53.162,54.669,NA,NA,NA,NA,NA,NA,NA,33.66,NA,21.04,50.573,49.416,48.059,38.786,37.874,32.31,NA,NA,NA,NA,NA,NA,NA,53.603,54.4580000000001,50.305,21.286,21.742,NA,NA,NA,NA,NA,27.883,17.908,39.22,37.339,26.746,28.063,18.971,NA,NA,40.24,35.503,28.291,NA,NA,NA,80.4589999999999,NA,NA,NA,NA,NA,NA,NA,NA,34.929,34.202,36.795,33.373,29.794,25.675,29.155,36.939,36.85,39.144,37.645
"1929",30.996,31.147,25.265,23.181,18.011,17.72,NA,82.168,82.6945,80.2215,28.246,24.982,15.515,16.937,NA,NA,NA,NA,36.416,NA,38.853,NA,39.259,36.407,52.848,54.422,NA,NA,NA,NA,NA,NA,NA,33.414,NA,20.965,50.328,49.203,47.783,38.649,37.721,32.204,NA,NA,NA,NA,NA,NA,NA,53.25,54.2110000000001,49.981,21.249,21.677,NA,NA,NA,NA,NA,27.712,17.869,38.997,37.114,26.647,27.939,18.92,NA,NA,40.175,35.422,28.233,NA,NA,NA,80.3189999999999,NA,NA,NA,NA,NA,NA,NA,NA,34.753,34.007,36.563,33.209,29.595,25.595,28.88,36.811,36.689,38.942,37.392
"1928",30.889,31.017,25.178,23.089,17.938,17.613,NA,81.8565,82.458,79.872,28.092,24.745,15.425,16.848,NA,NA,NA,NA,36.239,NA,NA,NA,39.057,36.184,52.321,53.999,NA,NA,NA,NA,NA,NA,NA,33.149,NA,20.87,49.994,48.853,47.352,38.523,37.578,32.053,NA,NA,NA,NA,NA,NA,NA,52.82,53.8200000000001,49.484,21.192,21.602,NA,NA,NA,NA,NA,27.523,17.832,38.763,36.861,26.53,27.831,18.852,NA,NA,40.099,35.303,28.169,NA,NA,NA,80.1909999999999,NA,NA,NA,NA,NA,NA,NA,NA,34.577,33.822,36.248,32.864,29.269,25.499,28.788,36.636,36.451,38.737,37.097
"1927",30.78,30.899,25.114,23.006,17.843,17.549,NA,81.509,82.199,79.4255,27.98,24.59,15.32,NA,NA,NA,NA,NA,36.046,NA,NA,NA,38.86,35.976,51.69,53.572,NA,NA,NA,NA,NA,NA,NA,32.933,NA,20.816,49.695,48.498,46.979,38.278,37.383,31.906,NA,NA,NA,NA,NA,NA,NA,52.333,53.3750000000001,49.047,21.138,21.556,NA,NA,NA,NA,NA,27.316,17.778,38.511,36.611,26.358,27.654,18.765,NA,NA,39.963,35.158,28.057,NA,NA,NA,80.0529999999999,NA,NA,NA,NA,NA,NA,NA,NA,34.397,33.608,35.956,32.583,28.97,25.442,28.74,36.446,36.223,38.522,36.837
"1926",30.672,30.783,25.039,22.926,17.712,17.477,NA,81.2415,81.979,79.075,27.82,24.407,15.149,NA,NA,NA,NA,NA,NA,NA,NA,NA,38.66,35.704,51.203,53.165,NA,NA,NA,NA,NA,NA,NA,32.7329999999999,NA,20.763,49.359,48.097,46.528,38.017,37.206,31.696,NA,NA,NA,NA,NA,NA,NA,51.895,52.9530000000001,48.667,21.075,21.502,NA,NA,NA,NA,NA,27.08,17.692,38.291,36.346,26.201,27.48,18.669,NA,NA,39.841,35.041,27.895,NA,NA,NA,79.8369999999999,NA,NA,NA,NA,NA,NA,NA,NA,34.245,33.432,35.638,32.268,28.675,25.318,28.627,36.265,35.973,38.304,36.631
"1925",30.581,30.688,24.978,22.853,17.565,17.392,NA,80.979,81.8005,78.7315,27.631,24.217,14.98,NA,NA,NA,NA,NA,NA,NA,NA,NA,38.484,35.48,50.824,52.806,NA,NA,NA,NA,NA,NA,NA,32.506,NA,20.717,49.086,47.819,46.13,37.713,37.006,31.529,NA,NA,NA,NA,NA,NA,NA,51.57,52.6060000000001,48.312,21.03,21.452,NA,NA,NA,NA,NA,26.801,17.68,38.062,36.037,26.048,27.342,18.579,NA,NA,39.704,34.869,27.795,NA,NA,NA,79.6789999999999,NA,NA,NA,NA,NA,NA,NA,NA,34.108,33.247,35.383,32.033,28.47,25.245,28.545,36.151,35.733,38.07,36.314
"1924",30.511,30.614,24.937,22.809,17.45,17.294,NA,80.756,81.654,78.416,27.419,24.094,14.889,NA,NA,NA,NA,NA,NA,NA,NA,NA,38.389,35.376,50.291,52.368,NA,NA,NA,NA,NA,NA,NA,32.3299999999999,NA,20.657,48.845,47.594,45.828,37.461,36.798,31.254,NA,NA,NA,NA,NA,NA,NA,51.308,52.2940000000001,48.059,20.959,21.394,NA,NA,NA,NA,NA,NA,17.64,37.909,35.865,25.907,NA,18.488,NA,NA,39.558,34.664,27.694,NA,NA,NA,79.5559999999999,NA,NA,NA,NA,NA,NA,NA,NA,33.993,33.106,35.145,31.799,28.282,25.197,28.462,36.05,35.603,37.942,36.087
"1923",30.441,30.523,24.892,22.745,17.358,17.184,NA,80.5105,81.5105,NA,27.334,23.974,14.741,NA,NA,NA,NA,NA,NA,NA,NA,NA,38.207,35.187,49.731,51.841,NA,NA,NA,NA,NA,NA,NA,32.1,NA,20.605,48.473,47.21,45.442,37.223,36.508,30.961,NA,NA,NA,NA,NA,NA,NA,50.954,51.9300000000001,47.631,20.921,21.347,NA,NA,NA,NA,NA,NA,17.557,37.6,35.566,25.77,NA,18.359,NA,NA,39.398,34.433,27.605,NA,NA,NA,79.4199999999999,NA,NA,NA,NA,NA,NA,NA,NA,33.877,32.954,34.789,31.508,27.956,NA,28.38,35.876,35.366,37.845,35.837
"1922",30.37,30.453,24.843,22.692,17.28,17.083,NA,80.258,81.331,NA,27.216,23.879,14.657,NA,NA,NA,NA,NA,NA,NA,NA,NA,38.09,35.065,49.248,51.48,NA,NA,NA,NA,NA,NA,NA,31.831,NA,20.55,48.221,46.981,45.123,37.046,36.255,30.793,NA,NA,NA,NA,NA,NA,NA,50.668,NA,47.317,NA,21.323,NA,NA,NA,NA,NA,NA,17.46,37.456,35.369,25.701,NA,18.27,NA,NA,39.215,34.205,27.483,NA,NA,NA,79.1739999999999,NA,NA,NA,NA,NA,NA,NA,NA,33.7,32.692,34.52,31.194,27.755,NA,28.301,35.711,35.181,37.652,35.555
"1921",30.273,30.35,24.803,22.645,17.231,16.974,NA,80.0005,81.158,NA,27.041,23.771,14.553,NA,NA,NA,NA,NA,NA,NA,NA,NA,37.976,34.896,48.909,51.143,NA,NA,NA,NA,NA,NA,NA,31.564,NA,20.484,47.995,46.768,44.807,36.768,36,30.61,NA,NA,NA,NA,NA,NA,NA,50.403,NA,46.983,NA,21.265,NA,NA,NA,NA,NA,NA,17.45,37.305,35.187,25.605,NA,18.178,NA,NA,39.064,33.972,27.364,NA,NA,NA,78.936,NA,NA,NA,NA,NA,NA,NA,NA,33.505,32.491,34.335,30.911,27.533,NA,28.224,35.505,34.959,37.356,35.286
"1920",30.204,30.25,24.762,22.596,17.179,16.919,NA,79.7895,80.999,NA,26.902,23.605,14.458,NA,NA,NA,NA,NA,NA,NA,NA,NA,37.901,34.762,48.613,50.784,NA,NA,NA,NA,NA,NA,NA,31.352,NA,20.41,47.788,46.564,44.512,36.578,35.704,30.459,NA,NA,NA,NA,NA,NA,NA,50.099,NA,46.781,NA,21.233,NA,NA,NA,NA,NA,NA,17.38,37.193,35.085,25.54,NA,18.11,NA,NA,38.926,33.808,27.259,NA,NA,NA,78.6489999999999,NA,NA,NA,NA,NA,NA,NA,NA,33.387,32.314,34.116,30.64,27.31,NA,28.124,35.313,34.74,37.135,35.021
"1919",30.096,NA,24.705,22.537,17.147,16.864,NA,79.5525,80.797,NA,NA,23.414,14.345,NA,NA,NA,NA,NA,NA,NA,NA,NA,37.814,34.667,48.222,50.297,NA,NA,NA,NA,NA,NA,NA,31.161,NA,20.327,47.536,46.327,44.176,36.369,35.5,30.294,NA,NA,NA,NA,NA,NA,NA,NA,NA,46.562,NA,21.206,NA,NA,NA,NA,NA,NA,17.329,37.056,34.937,25.507,NA,18.015,NA,NA,38.765,33.524,27.109,NA,NA,NA,78.439,NA,NA,NA,NA,NA,NA,NA,NA,33.212,32.057,33.871,30.33,27.019,NA,28.003,35.093,34.49,36.886,34.743
"1918",30.028,NA,24.647,22.487,17.128,16.839,NA,NA,80.647,NA,NA,23.303,NA,NA,NA,NA,NA,NA,NA,NA,NA,NA,37.756,34.609,47.953,50.051,NA,NA,NA,NA,NA,NA,NA,30.972,NA,20.253,47.331,46.069,43.868,36.167,35.247,30.253,NA,NA,NA,NA,NA,NA,NA,NA,NA,NA,NA,21.18,NA,NA,NA,NA,NA,NA,17.27,36.963,34.861,25.491,NA,17.952,NA,NA,38.612,33.307,26.898,NA,NA,NA,78.145,NA,NA,NA,NA,NA,NA,NA,NA,33.04,31.815,33.653,30.023,26.75,NA,27.882,34.923,34.289,36.771,34.573
"1917",29.934,NA,24.6,22.429,17.114,16.823,NA,NA,80.47,NA,NA,23.203,NA,NA,NA,NA,NA,NA,NA,NA,NA,NA,37.689,34.525,47.787,49.802,NA,NA,NA,NA,NA,NA,NA,30.702,NA,20.137,47.112,45.825,43.536,35.946,34.983,30.101,NA,NA,NA,NA,NA,NA,NA,NA,NA,NA,NA,21.148,NA,NA,NA,NA,NA,NA,17.232,36.82,34.735,25.48,NA,17.877,NA,NA,38.396,33.068,26.814,NA,NA,NA,77.815,NA,NA,NA,NA,NA,NA,NA,NA,32.832,NA,33.37,29.722,26.467,NA,27.777,34.711,34.018,36.491,34.313
"1916",29.753,NA,24.528,22.353,17.098,16.808,NA,NA,80.2285,NA,NA,23.061,NA,NA,NA,NA,NA,NA,NA,NA,NA,NA,37.609,34.422,47.479,49.461,NA,NA,NA,NA,NA,NA,NA,30.412,NA,19.993,46.865,45.544,43.248,35.631,34.714,29.867,NA,NA,NA,NA,NA,NA,NA,NA,NA,NA,NA,21.107,NA,NA,NA,NA,NA,NA,17.202,36.662,34.577,25.459,NA,17.754,NA,NA,38.141,NA,26.671,NA,NA,NA,77.332,NA,NA,NA,NA,NA,NA,NA,NA,32.439,NA,33.011,29.364,26.139,NA,27.586,34.473,33.727,36.239,34.046
"1915",29.609,NA,24.421,22.255,17.06,16.771,NA,NA,79.957,NA,NA,22.924,NA,NA,NA,NA,NA,NA,NA,NA,NA,NA,37.505,34.3,46.992,49.039,NA,NA,NA,NA,NA,NA,NA,30.154,NA,19.854,46.552,45.239,42.855,35.261,34.303,29.584,NA,NA,NA,NA,NA,NA,NA,NA,NA,NA,NA,21.073,NA,NA,NA,NA,NA,NA,17.123,36.398,34.357,25.394,NA,17.598,NA,NA,37.767,NA,26.486,NA,NA,NA,76.9199999999999,NA,NA,NA,NA,NA,NA,NA,NA,32.15,NA,32.591,28.954,25.794,NA,27.37,34.168,33.375,35.873,33.716
"1914",29.41,NA,24.322,22.147,17.011,16.735,NA,NA,79.6855,NA,NA,22.808,NA,NA,NA,NA,NA,NA,NA,NA,NA,NA,37.372,34.131,46.49,48.599,NA,NA,NA,NA,NA,NA,NA,29.7,NA,19.662,46.327,45.003,42.56,34.892,33.946,29.292,NA,NA,NA,NA,NA,NA,NA,NA,NA,NA,NA,21.006,NA,NA,NA,NA,NA,NA,16.966,36.147,34.156,25.312,NA,17.46,NA,NA,37.475,NA,26.339,NA,NA,NA,76.6359999999999,NA,NA,NA,NA,NA,NA,NA,NA,NA,NA,32.201,28.633,25.481,NA,27.13,33.855,33.026,35.524,33.387
"1913",29.261,NA,24.255,22.062,16.98,16.712,NA,NA,79.514,NA,NA,22.743,NA,NA,NA,NA,NA,NA,NA,NA,NA,NA,37.257,34.012,46.274,48.433,NA,NA,NA,NA,NA,NA,NA,NA,NA,19.574,46.175,44.852,42.376,34.722,33.782,29.131,NA,NA,NA,NA,NA,NA,NA,NA,NA,NA,NA,20.982,NA,NA,NA,NA,NA,NA,16.842,35.972,34.021,25.263,NA,17.41,NA,NA,NA,NA,26.178,NA,NA,NA,NA,NA,NA,NA,NA,NA,NA,NA,NA,NA,NA,31.946,NA,25.244,NA,27.024,33.689,32.851,35.292,33.205
"1912",29.124,NA,24.181,21.953,16.882,16.645,NA,NA,79.2805,NA,NA,22.677,NA,NA,NA,NA,NA,NA,NA,NA,NA,NA,37.091,33.876,45.981,48.164,NA,NA,NA,NA,NA,NA,NA,NA,NA,19.404,45.971,44.656,42.109,34.417,33.543,NA,NA,NA,NA,NA,NA,NA,NA,NA,NA,NA,NA,20.927,NA,NA,NA,NA,NA,NA,16.763,35.735,33.824,25.245,NA,17.358,NA,NA,NA,NA,26.062,NA,NA,NA,NA,NA,NA,NA,NA,NA,NA,NA,NA,NA,NA,31.618,NA,NA,NA,26.864,33.469,32.605,34.943,NA
"1911",28.87,NA,24.041,21.811,16.762,16.54,NA,NA,79.008,NA,NA,NA,NA,NA,NA,NA,NA,NA,NA,NA,NA,NA,36.812,33.616,45.339,47.575,NA,NA,NA,NA,NA,NA,NA,NA,NA,19.178,45.708,44.352,41.66,33.893,33.155,NA,NA,NA,NA,NA,NA,NA,NA,NA,NA,NA,NA,20.859,NA,NA,NA,NA,NA,NA,16.651,35.468,33.578,25.191,NA,17.223,NA,NA,NA,NA,25.868,NA,NA,NA,NA,NA,NA,NA,NA,NA,NA,NA,NA,NA,NA,31.17,NA,NA,NA,26.612,33.093,32.252,34.612,NA
"1910",28.691,NA,23.897,21.681,16.677,16.474,NA,NA,78.778,NA,NA,NA,NA,NA,NA,NA,NA,NA,NA,NA,NA,NA,NA,33.413,45.011,47.224,NA,NA,NA,NA,NA,NA,NA,NA,NA,19.022,45.545,44.182,NA,33.547,32.932,NA,NA,NA,NA,NA,NA,NA,NA,NA,NA,NA,NA,20.79,NA,NA,NA,NA,NA,NA,16.481,35.246,33.376,25.089,NA,17.154,NA,NA,NA,NA,25.509,NA,NA,NA,NA,NA,NA,NA,NA,NA,NA,NA,NA,NA,NA,30.927,NA,NA,NA,NA,32.805,31.922,34.373,NA
"1909",28.493,NA,23.689,21.511,16.517,16.361,NA,NA,NA,NA,NA,NA,NA,NA,NA,NA,NA,NA,NA,NA,NA,NA,NA,33.092,44.683,46.815,NA,NA,NA,NA,NA,NA,NA,NA,NA,18.845,45.351,43.991,NA,33.071,32.489,NA,NA,NA,NA,NA,NA,NA,NA,NA,NA,NA,NA,20.677,NA,NA,NA,NA,NA,NA,16.423,35.047,33.234,25.056,NA,17.062,NA,NA,NA,NA,NA,NA,NA,NA,NA,NA,NA,NA,NA,NA,NA,NA,NA,NA,NA,30.711,NA,NA,NA,NA,32.553,31.643,34.036,NA
"1908",28.335,NA,23.446,21.227,16.309,16.203,NA,NA,NA,NA,NA,NA,NA,NA,NA,NA,NA,NA,NA,NA,NA,NA,NA,32.868,44.165,46.329,NA,NA,NA,NA,NA,NA,NA,NA,NA,18.558,NA,43.763,NA,32.642,NA,NA,NA,NA,NA,NA,NA,NA,NA,NA,NA,NA,NA,20.539,NA,NA,NA,NA,NA,NA,16.284,34.734,33.007,24.992,NA,16.978,NA,NA,NA,NA,NA,NA,NA,NA,NA,NA,NA,NA,NA,NA,NA,NA,NA,NA,NA,NA,NA,NA,NA,NA,32.282,31.367,33.771,NA
"1907",28.184,NA,23.275,20.943,15.972,15.993,NA,NA,NA,NA,NA,NA,NA,NA,NA,NA,NA,NA,NA,NA,NA,NA,NA,32.647,43.623,45.755,NA,NA,NA,NA,NA,NA,NA,NA,NA,NA,NA,NA,NA,32.167,NA,NA,NA,NA,NA,NA,NA,NA,NA,NA,NA,NA,NA,NA,NA,NA,NA,NA,NA,NA,16.086,34.496,32.82,24.912,NA,16.904,NA,NA,NA,NA,NA,NA,NA,NA,NA,NA,NA,NA,NA,NA,NA,NA,NA,NA,NA,NA,NA,NA,NA,NA,31.977,31.063,33.502,NA
"1906",28.1,NA,23.037,20.698,15.648,15.853,NA,NA,NA,NA,NA,NA,NA,NA,NA,NA,NA,NA,NA,NA,NA,NA,NA,32.435,NA,45.226,NA,NA,NA,NA,NA,NA,NA,NA,NA,NA,NA,NA,NA,31.88,NA,NA,NA,NA,NA,NA,NA,NA,NA,NA,NA,NA,NA,NA,NA,NA,NA,NA,NA,NA,15.947,34.317,32.659,24.851,NA,16.811,NA,NA,NA,NA,NA,NA,NA,NA,NA,NA,NA,NA,NA,NA,NA,NA,NA,NA,NA,NA,NA,NA,NA,NA,31.705,NA,33.344,NA
"1905",27.969,NA,22.883,20.389,15.282,15.584,NA,NA,NA,NA,NA,NA,NA,NA,NA,NA,NA,NA,NA,NA,NA,NA,NA,32.3,NA,44.584,NA,NA,NA,NA,NA,NA,NA,NA,NA,NA,NA,NA,NA,NA,NA,NA,NA,NA,NA,NA,NA,NA,NA,NA,NA,NA,NA,NA,NA,NA,NA,NA,NA,NA,NA,NA,32.495,24.771,NA,16.759,NA,NA,NA,NA,NA,NA,NA,NA,NA,NA,NA,NA,NA,NA,NA,NA,NA,NA,NA,NA,NA,NA,NA,NA,31.379,NA,33.168,NA
"1904",NA,NA,NA,NA,14.684,15.168,NA,NA,NA,NA,NA,NA,NA,NA,NA,NA,NA,NA,NA,NA,NA,NA,NA,32.144,NA,43.91,NA,NA,NA,NA,NA,NA,NA,NA,NA,NA,NA,NA,NA,NA,NA,NA,NA,NA,NA,NA,NA,NA,NA,NA,NA,NA,NA,NA,NA,NA,NA,NA,NA,NA,NA,NA,NA,24.709,NA,NA,NA,NA,NA,NA,NA,NA,NA,NA,NA,NA,NA,NA,NA,NA,NA,NA,NA,NA,NA,NA,NA,NA,NA,NA,31.045,NA,NA,NA
"1903",NA,NA,NA,NA,NA,NA,NA,NA,NA,NA,NA,NA,NA,NA,NA,NA,NA,NA,NA,NA,NA,NA,NA,31.915,NA,43.205,NA,NA,NA,NA,NA,NA,NA,NA,NA,NA,NA,NA,NA,NA,NA,NA,NA,NA,NA,NA,NA,NA,NA,NA,NA,NA,NA,NA,NA,NA,NA,NA,NA,NA,NA,NA,NA,NA,NA,NA,NA,NA,NA,NA,NA,NA,NA,NA,NA,NA,NA,NA,NA,NA,NA,NA,NA,NA,NA,NA,NA,NA,NA,NA,NA,NA,NA,NA
