"","temp.Jan","temp.Feb","temp.Mar","temp.Apr","temp.May","temp.Jun","temp.Jul","temp.Aug","temp.Sep","temp.Oct","temp.Nov","temp.Dec","precip.Jan","precip.Feb","precip.Mar","precip.Apr","precip.May","precip.Jun","precip.Jul","precip.Aug","precip.Sep","precip.Oct","precip.Nov","precip.Dec","radiation.Jan","radiation.Feb","radiation.Mar","radiation.Apr","radiation.May","radiation.Jun","radiation.Jul","radiation.Aug","radiation.Sep","radiation.Oct","radiation.Nov","radiation.Dec","airhumidity.Jan","airhumidity.Feb","airhumidity.Mar","airhumidity.Apr","airhumidity.May","airhumidity.Jun","airhumidity.Jul","airhumidity.Aug","airhumidity.Sep","airhumidity.Oct","airhumidity.Nov","airhumidity.Dec","year"
"1",-0.321295166015602,-3.29465332031248,6.83709106445315,11.4819274902344,18.1703430175781,25.9250122070313,28.5210510253906,26.7935424804688,20.9238525390625,14.5765014648438,4.99651489257815,-1.78522338867185,3.89275860786438,4.02551317214966,10.522439956665,7.9708251953125,6.26844263076782,9.12677574157715,2.30902528762817,8.81418514251709,2.35192203521729,7.94935417175293,2.99130392074585,10.1979417800903,243117745.3125,299214126.5625,435576065.625,551719434.375,664175700,699221573.4375,783197521.875,666552375,547341553.125,434225390.625,268313723.4375,213609614.0625,0.00270447717048228,0.00191897246986628,0.00319776427932084,0.00532636279240251,0.00792587362229824,0.0118524981662631,0.0156926456838846,0.0139643829315901,0.0103181544691324,0.00699913967400789,0.00363330799154937,0.00233905063942075,"1"
"2",-0.929327392578102,-4.86691894531248,8.33306274414065,12.4994140625,21.2259765625,23.5333190917969,27.1122375488281,24.3008666992188,19.3422180175781,15.2192321777344,10.8598876953125,-0.285192871093727,1.86706817150116,1.43063509464264,7.84847450256348,4.14547538757324,9.05775260925293,18.7982482910156,9.05454540252686,5.22060346603394,13.4613590240479,5.45707750320435,8.07997131347656,10.0379734039307,245172529.6875,308028318.75,436541610.9375,557677448.4375,681021337.5,708939000,737602959.375,655824726.5625,524891601.5625,406304226.5625,255064190.625,206018374.21875,0.00221349066123366,0.00192868965677917,0.0043522585183382,0.00496099935844541,0.00847391691058874,0.0106079336255789,0.0145555222406983,0.0118563575670123,0.00951527431607246,0.00683310627937317,0.00511296605691314,0.0028940096963197,"2"
"3",-2.1793273925781,0.00631103515627274,10.2249694824219,13.3860412597656,20.5155578613281,21.5466857910156,26.7194152832031,24.8048950195313,20.3213439941406,13.6780944824219,4.28899536132815,-3.38522949218748,5.98012828826904,9.06727027893066,5.57258033752441,9.49815273284912,9.77757358551025,8.12022495269775,6.55194997787476,9.41247367858887,3.65494728088379,8.43111515045166,4.58921718597412,1.92960727214813,244895421.09375,299441496.09375,437606043.75,548991295.3125,672384796.875,692314087.5,734898150,648031767.1875,571662773.4375,414121317.1875,265037842.96875,221200853.90625,0.00264655821956694,0.00278529268689454,0.00441685132682323,0.00545393815264106,0.00859156996011734,0.00961650814861059,0.0140031781047583,0.0124161709100008,0.00993282720446587,0.00584657303988934,0.00375528540462255,0.00221577635966241,"3"
"4",-5.57608642578123,-2.97528686523435,5.98430786132815,10.3431640625,17.8339477539063,23.1363159179688,24.6636596679688,23.6472412109375,20.8312316894531,12.9226013183594,6.00539550781252,-0.896276855468727,9.5695629119873,6.87693977355957,25.1813850402832,12.7499961853027,9.53000068664551,6.54558420181274,9.2195291519165,6.18000602722168,9.82017421722412,2.29746985435486,0.285129964351654,12.069995880127,249772844.53125,317562693.75,437149490.625,541179478.125,660432867.1875,686433529.6875,732738993.75,668313196.875,520951964.0625,417750707.8125,280456087.5,219702754.6875,0.0022147735580802,0.00223026191815734,0.00375115149654448,0.00482264114543796,0.00803856737911701,0.0104905953630805,0.0124165024608374,0.0115385623648763,0.0105140339583158,0.00578507827594876,0.00374649092555046,0.00227593863382936,"4"
"5",-4.6051086425781,-5.55536499023435,8.9289489746094,12.5777526855469,18.7493835449219,23.9133544921875,25.1356140136719,25.2064453125,20.9163757324219,13.6974426269531,6.70818481445315,1.31475219726565,3.55750179290771,4.58789920806885,7.83407402038574,7.17969417572021,13.6466102600098,9.01105690002441,5.83278894424438,7.37725305557251,7.15220642089844,9.95986557006836,4.00009298324585,5.49889039993286,246262633.59375,305363735.15625,453996815.625,558427964.0625,659524317.1875,694473876.5625,698744896.875,637796362.5,530543587.5,410569467.1875,275949914.0625,211857799.21875,0.00190677191130817,0.00192664272617549,0.00411395635455847,0.00569723080843687,0.00816826894879341,0.0110910125076771,0.0133346309885383,0.0137223498895764,0.0107977548614144,0.00602866243571043,0.0037597450427711,0.00283232936635613,"5"
"6",2.47310791015627,-1.2678283691406,0.805657958984398,13.8693786621094,19.0429931640625,23.4158569335938,24.9459777832031,26.3105102539063,22.4996887207031,13.2997680664063,6.6140075683594,1.91472778320315,6.01099157333374,2.20021891593933,16.0459213256836,5.55192518234253,4.78881072998047,9.17714881896973,8.29554271697998,12.6988792419434,11.1363840103149,3.00185465812683,8.13966369628906,8.58825302124023,249692519.53125,319679493.75,406144335.9375,582734671.875,686462976.5625,688049057.8125,733877718.75,636875367.1875,520141120.3125,400063682.8125,268588828.125,209813920.3125,0.00289065693505108,0.00240805791690946,0.00320322788320482,0.00606621243059635,0.00810875184834003,0.0114535260945559,0.0124150803312659,0.0145960338413715,0.0115435374900699,0.00645369617268443,0.00376152968965471,0.00307907769456506,"6"
"7",2.08602294921877,0.00811157226564774,10.382958984375,8.3835388183594,15.2606140136719,21.8358093261719,25.7194152832031,23.809716796875,19.9113708496094,12.0990844726563,5.32232055664065,1.6147399902344,16.3878288269043,0.453856974840164,10.5488376617432,5.38407850265503,7.44814968109131,11.7057447433472,11.37659740448,5.93408918380737,5.99170589447021,5.28104448318481,6.5500168800354,8.34830188751221,246794111.71875,308865761.71875,452533626.5625,538133456.25,661911792.1875,688614792.1875,707830059.375,642958382.8125,514713403.125,413356162.5,263297355.46875,209230087.5,0.00289040920324624,0.00235815905034542,0.00453149015083909,0.00445809820666909,0.00680699432268739,0.0102314045652747,0.0138155352324247,0.0122428555041552,0.0110410014167428,0.00578588433563709,0.00376331503503025,0.00332590262405574,"7"
"8",0.293237304687523,-0.873602294921852,8.2875915527344,13.0290161132813,18.8323608398438,23.9404846191406,25.9652648925781,25.1488586425781,22.5230041503906,13.6273742675781,7.31694946289065,1.80379638671877,6.02288389205933,10.827486038208,13.1364736557007,9.43385601043701,13.3899965286255,3.06257653236389,6.57115173339844,4.15999841690063,2.88941359519958,0.784718096256256,4.60959482192993,3.87000012397766,248336655.46875,306520748.4375,452975498.4375,554428040.625,639698723.4375,708928537.5,737252381.25,683060006.25,588658514.0625,441197381.25,276302432.8125,216347899.21875,0.00276840175502002,0.00253965426236391,0.00412286119535565,0.00550119997933507,0.00865767057985067,0.0108127472922206,0.0140999555587769,0.0121594723314047,0.0105799632146955,0.00608807196840644,0.00375380017794669,0.00320041156373918,"8"
"9",0.326318359375023,3.13033447265627,4.95314941406252,11.5661254882813,16.3654418945313,23.5033203125,23.5452514648438,24.7919860839844,18.7096496582031,10.7595153808594,11.3223815917969,-4.28522338867185,6.76288223266602,11.3069486618042,6.11750411987305,10.7285594940186,15.0862531661987,13.2705793380737,13.2799892425537,7.06660461425781,6.02123689651489,7.930823802948,8.5493221282959,7.44848585128784,241619857.03125,307855582.03125,437980415.625,554504189.0625,659207657.8125,677638954.6875,716336409.375,666452053.125,540285018.75,417957173.4375,273261958.59375,214047583.59375,0.00277058314532042,0.00308307236991823,0.00343897799029946,0.00501551805064082,0.00743259536102414,0.0118268700316548,0.0127152530476451,0.0136461220681667,0.00943126622587442,0.00519282324239612,0.00498498929664493,0.00221577635966241,"9"
"10",-1.6059631347656,-2.66068115234373,11.2112670898438,12.6460815429688,15.0574279785156,21.2325378417969,24.7194152832031,22.8201843261719,20.2329345703125,14.9621215820313,3.60482177734377,-2.18524780273435,6.60720348358154,9.65925121307373,0.203742384910583,7.52569913864136,9.94753074645996,8.35624313354492,17.6373062133789,6.61520528793335,10.054295539856,12.2575721740723,4.86963939666748,4.36911153793335,243905238.28125,310622596.875,490838231.25,571913915.625,655687912.5,734724928.125,722047584.375,674954310.9375,515685445.3125,416327048.4375,263363020.3125,213025633.59375,0.00252106646075845,0.00211257440969348,0.00441867206245661,0.00569148408249021,0.00729917781427503,0.0101102022454143,0.0140591133385897,0.0118032051250339,0.0103181544691324,0.00699913967400789,0.00363241625018418,0.00221577635966241,"10"
"11",0.923089599609398,3.33660278320315,5.84514770507815,11.5111022949219,21.6357055664063,25.1091552734375,25.828271484375,25.0192810058594,22.3005310058594,13.1748901367188,3.4506774902344,3.1147399902344,7.31939268112183,3.16712713241577,7.19289970397949,12.242036819458,2.74931740760803,5.99344205856323,5.4518871307373,3.32383990287781,12.3868274688721,9.53363800048828,9.11894989013672,6.32871246337891,249098857.03125,300411154.6875,462416385.9375,548002926.5625,702094035.9375,722879775,767140031.25,653252765.625,506964107.8125,391504007.8125,258867815.625,209230087.5,0.00277083134278655,0.00314581347629428,0.00362027762457728,0.00484336167573929,0.00928717479109764,0.0123805338516831,0.0124060353264213,0.0136618539690971,0.0109285293146968,0.00657111080363393,0.00339565658941865,0.00344934337772429,"11"
"12",-7.3720764160156,-4.30460205078123,1.34563598632815,13.2339111328125,19.6105590820313,22.0513244628906,25.3579650878906,23.6496826171875,21.1379333496094,14.0193420410156,6.72112426757815,1.7037292480469,5.06425762176514,6.14484882354736,13.8287992477417,11.3206233978271,14.1299962997437,5.29537773132324,16.7166137695312,8.9499979019165,9.07512378692627,4.56628370285034,3.05088472366333,3.54999899864197,247792204.6875,314032106.25,432020081.25,559072926.5625,662171582.8125,709959768.75,690219014.0625,627070190.625,524209556.25,428949675,266616646.875,218244142.96875,0.00153889833018184,0.00191791611723602,0.00284359161742032,0.00549935642629862,0.00840965937823057,0.0106310965493321,0.0146607672795653,0.0122244963422418,0.010946586728096,0.00578507827594876,0.00375575083307922,0.00344711216166615,"12"
"13",2.26741943359377,-2.11874999999998,5.35567626953127,12.2827697753906,19.055078125,24.9216857910156,27.1267333984375,26.0919128417969,20.0221801757813,13.5169616699219,8.90816650390627,3.51473388671877,15.5167407989502,4.35110473632812,20.309383392334,7.8711462020874,4.00900506973267,6.42210340499878,10.0467844009399,11.8249807357788,7.65490818023682,6.46695756912231,15.5163145065308,1.37972128391266,249804885.9375,304804371.09375,455711315.625,554705254.6875,697873134.375,764514703.125,760898559.375,665649646.875,537876365.625,399906787.5,257815342.96875,207478188.28125,0.00289016147144139,0.00228780345059931,0.00344079802744091,0.00526155810803175,0.00742933200672269,0.0112810479477048,0.0138919278979301,0.0137125160545111,0.00988708063960075,0.00700930785387754,0.00456330645829439,0.00344934337772429,"13"
"14",2.14479980468752,-5.00528564453123,3.96685180664065,12.2885986328125,19.7566162109375,25.8166442871094,27.416162109375,25.0999694824219,20.0363403320313,15.1885925292969,7.07232055664065,-2.58524169921873,6.73776531219482,7.34064197540283,4.70395803451538,8.18855476379395,4.91877937316895,8.69379329681396,1.90289306640625,13.3961057662964,5.73954200744629,3.90055656433105,3.78071570396423,8.29831504821777,236334206.25,310738907.8125,434649796.875,549373556.25,698441737.5,728374950,802804078.125,659402268.75,532202273.4375,394518684.375,278757850.78125,206748323.4375,0.0031343346927315,0.00191897246986628,0.00319821946322918,0.00539117539301515,0.00842162128537893,0.0122057143598795,0.0136429835110903,0.0135882487520576,0.00983052421361208,0.0073652327992022,0.00375573104247451,0.00227741175331175,"14"
"15",-3.24066772460935,3.6080261230469,3.0023132324219,15.6352478027344,16.7517333984375,22.2208801269531,24.3121276855469,21.5411010742188,21.5213256835938,14.9038940429688,8.68316040039065,0.314752197265648,8.20664978027344,2.5751428604126,3.81392049789429,2.54990768432617,10.1374816894531,7.98624420166016,20.2235012054443,13.5219144821167,10.6116418838501,4.29894399642944,8.03048229217529,12.4874601364136,248041132.03125,293265035.15625,430787404.6875,590062134.375,651886650,686841946.875,700783903.125,603522520.3125,505680553.125,412705546.875,269560532.8125,206894250,0.00252677011303604,0.00350854801945388,0.00308150961063802,0.00606292812153697,0.00760667119175196,0.0099730221554637,0.0124528184533119,0.0121220955625176,0.0113043058663607,0.00700998585671186,0.00462078955024481,0.0028940096963197,"15"
"16",2.2755065917969,-1.1054748535156,4.4077087402344,11.6431518554688,19.1097351074219,21.4829650878906,28.5521789550781,26.1198059082031,19.9462524414063,13.8300415039063,7.79195556640627,-0.696234130859352,15.5151672363281,2.83076286315918,6.28505086898804,4.40246486663818,9.38000106811523,15.6741828918457,6.40189599990845,6.67000389099121,5.87767267227173,3.38209438323975,4.24843120574951,6.41999816894531,256662232.03125,314025967.96875,454407679.6875,550500300,662129648.4375,688414612.5,752703131.25,666097889.0625,543955879.6875,427108485.9375,277292763.28125,223932853.125,0.0027688997797668,0.00265750521793962,0.00320507376454771,0.00507133454084396,0.00853224936872721,0.0104485601186752,0.0151104666292667,0.0140156578272581,0.0095879016444087,0.00578589551150799,0.00380726903676987,0.00221434491686523,"16"
"17",-0.209967041015602,-1.80893554687498,6.73946533203127,11.6560913085938,15.2654663085938,22.4333435058594,26.0202575683594,24.2056518554688,19.7930541992188,9.83120117187502,6.96065673828127,-4.08524169921873,8.30616855621338,2.89086890220642,12.2509183883667,10.7965040206909,9.29769420623779,14.0298051834106,7.91740465164185,3.84152698516846,7.78771114349365,9.45951843261719,0.330475747585297,2.75944256782532,254936067.1875,314268672.65625,448015893.75,553365168.75,654967560.9375,695994314.0625,721479740.625,666652739.0625,553751479.6875,400571325,269584685.15625,218135214.84375,0.00258195190690458,0.00198673899285495,0.00398573186248541,0.00482611590996385,0.00668272934854031,0.0100400056689978,0.0130750201642513,0.012463484890759,0.0085685895755887,0.00505799055099487,0.00375439366325736,0.00209252187050879,"17"
"18",-8.8164123535156,1.09200439453127,9.71209106445315,11.3119445800781,21.5268493652344,23.9075256347656,24.4596801757813,27.4531494140625,16.6704345703125,15.8861633300781,7.53814086914065,5.71480712890627,7.05926990509033,5.76200437545776,4.67334794998169,13.8892040252686,9.88754367828369,7.99822473526001,6.23605155944824,5.95358180999756,13.0893230438232,6.28165721893311,4.82192802429199,15.5668354034424,257253089.0625,319209314.0625,489271682.8125,544447954.6875,679287600,727803815.625,750527606.25,660159365.625,531438468.75,407331829.6875,257738498.4375,212879685.9375,0.00154133862815797,0.00254009151831269,0.0043513486161828,0.00484418403357267,0.00940023083239794,0.0105865998193622,0.0121132265776396,0.0153048001229763,0.00834939070045948,0.00700591737404466,0.00425586802884936,0.00344934337772429,"18"
"19",1.70528564453127,1.9643493652344,7.54360351562502,12.9594055175781,16.9799133300781,25.9200073242188,27.9113098144531,25.0192810058594,22.3330017089844,17.0668273925781,6.27980957031252,-2.48529663085935,2.34532928466797,2.98953294754028,17.0201148986816,8.39773845672607,9.07774925231934,8.33374500274658,2.97237229347229,7.97107601165771,5.85590887069702,15.6763486862183,8.67820167541504,2.08957529067993,251863108.59375,301948319.53125,460731585.9375,553596525,646552842.1875,692024639.0625,786789618.75,677289304.6875,569472609.375,389052956.25,260740729.6875,219011111.71875,0.00277083134278655,0.00314837065525353,0.00392572116106749,0.00495566101744771,0.00768209947273135,0.0123331034556031,0.0140633238479495,0.0122402310371399,0.0108160823583603,0.0073652327992022,0.00375528540462255,0.00221577635966241,"19"
"20",-4.0664123535156,-0.288244628906227,7.17058715820315,9.84230957031252,17.2363220214844,22.8355346679688,24.2636352539063,23.2561279296875,21.5555053710938,16.4935241699219,6.02288208007815,1.2037292480469,4.87159252166748,3.16605877876282,7.38241291046143,17.4097461700439,12.1399993896484,9.97732830047607,11.5194282531738,4.75999879837036,6.21737337112427,4.96852111816406,5.20836448669434,8.28999805450439,248674935.9375,307723028.90625,452239621.875,541602618.75,664942204.6875,703904175,740495250,650938570.3125,531996187.5,433046123.4375,258112406.25,210075799.21875,0.00203147530555725,0.00241226609796286,0.0033246970269829,0.00481803715229034,0.0074246171861887,0.0111077511683106,0.0121130207553506,0.0124718276783824,0.0108429109677672,0.00724046910181642,0.00375526305288076,0.00338542810641229,"20"
"21",1.41582641601565,2.98757324218752,11.1242004394531,14.1669250488281,19.0647521972656,26.1208435058594,28.2008605957031,24.0329833984375,22.9955078125,13.3086181640625,7.70818481445315,2.31475219726565,6.97519063949585,3.06846523284912,18.2920417785645,10.0319604873657,3.9690158367157,7.94518613815308,4.27430009841919,17.3379669189453,18.704439163208,4.17849826812744,22.7358322143555,8.16833877563477,243718432.03125,296477465.625,473900414.0625,565888148.4375,681627698.4375,719461321.875,765811631.25,650555718.75,507319579.6875,419033081.25,262167911.71875,212879685.9375,0.00277083134278655,0.00315348780713975,0.00454332213848829,0.00606991024687886,0.00866924691945314,0.0123427184298635,0.0151787037029862,0.0121864108368754,0.0115360449999571,0.00591133069247007,0.00413113879039884,0.00320248189382255,"21"
"22",-2.36398925781248,1.6651550292969,7.35000000000002,13.5794311523438,19.9452453613281,24.6058288574219,24.9314514160156,24.5265441894531,22.7112976074219,14.8974853515625,7.89736328125002,1.21480712890627,3.13512539863586,3.64072179794312,18.4087429046631,21.7486019134521,6.52837944030762,2.80939197540283,7.16501045227051,6.23740339279175,4.20354461669922,4.43791723251343,6.10066366195679,10.9677848815918,257005785.9375,300019148.4375,437009850,548446443.75,660566010.9375,728533406.25,739795359.375,686899617.1875,568435598.4375,429159178.125,260658780.46875,224120587.5,0.00252404110506177,0.00284442910924554,0.0041758012957871,0.00582692073658109,0.00916036032140255,0.0118252718821168,0.0125134550035,0.0119934752583504,0.010811080224812,0.00700456136837602,0.00413024611771107,0.00307907769456506,"22"
"23",1.1754089355469,-2.2222961425781,4.84920654296877,10.9727416992188,16.5647216796875,23.6149841308594,25.0259033203125,23.9128662109375,20.4063659667969,12.0153137207031,7.2440124511719,6.1147399902344,6.675048828125,4.11431217193604,11.2222986221313,4.87057018280029,15.1662321090698,6.44896841049194,6.94738960266113,11.6385765075684,10.1366415023804,7.54169607162476,5.201416015625,13.527247428894,243151938.28125,302244159.375,467638607.8125,583479703.125,688734562.5,698487257.8125,754716571.875,653829721.875,520349273.4375,416092021.875,264272962.5,216383336.71875,0.00276785553433001,0.00240805791690946,0.0031941244378686,0.00483021698892117,0.00731041096150875,0.012013335712254,0.0128275277093053,0.0124864121899009,0.010732795111835,0.00578859494999051,0.0040100016631186,0.00344934337772429,"23"
"24",-4.0664123535156,-0.325292968749977,2.93108520507815,12.9873291015625,13.8654113769531,23.0321594238281,24.0755554199219,24.5190368652344,18.2812744140625,16.3001953125,6.59450683593752,-1.59638061523435,7.51422309875488,3.49252390861511,11.9421825408936,8.09024429321289,11.1399993896484,11.0211429595947,4.58985090255737,12.1600093841553,7.51580047607422,1.87404870986938,4.28644847869873,13.9999933242798,257352419.53125,304227667.96875,415035182.8125,574769292.1875,659627803.125,687832003.125,741587231.25,663135271.875,511243481.25,450747070.3125,268918291.40625,222911767.96875,0.00215466530062258,0.0025358994025737,0.00345306238159537,0.00554868578910828,0.0068064397200942,0.0107961148023605,0.0118632894009352,0.0122698461636901,0.00886435620486736,0.00699854036793113,0.00380775611847639,0.00227593863382936,"24"
"25",-1.85028686523435,3.8437438964844,7.16533813476565,15.2311340332031,15.8831726074219,25.2041870117188,25.3298889160156,24.7370849609375,24.1479736328125,8.82637939453127,5.39568481445315,-1.48529663085935,1.21631109714508,4.01564645767212,7.50155401229858,5.3134617805481,2.4793848991394,12.1258001327515,11.6634216308594,8.9284610748291,15.5872211456299,9.47804927825928,13.2671527862549,2.7294487953186,251185197.65625,311777247.65625,477353925,602466820.3125,718222612.5,716589871.875,737350846.875,694366593.75,525004748.4375,367072846.875,264458482.03125,217259233.59375,0.00264804647304118,0.00314785912632942,0.00387299922294915,0.0060543161816895,0.00632707076147199,0.0123842637985945,0.0128251221030951,0.012249419465661,0.0116561055183411,0.00566452322527766,0.00375751475803554,0.00252399640157819,"25"
"26",-1.76645507812498,1.9134460449219,1.8564392089844,8.9077087402344,18.627587890625,21.1449829101563,26.1356140136719,26.2007995605469,21.2138000488281,13.6829467773438,4.90401611328127,-0.985296630859352,6.62388324737549,6.66971063613892,7.90746068954468,10.1323566436768,9.11773681640625,3.67303156852722,9.25895977020264,12.5839881896973,15.494665145874,6.51328134536743,4.41984176635742,4.78902578353882,248427084.375,298054307.8125,436600715.625,562390171.875,709918340.625,718104993.75,758053603.125,620308378.125,493889695.3125,391003748.4375,258532150.78125,209522046.09375,0.00252528139390051,0.00314223510213196,0.00319048692472279,0.00433929078280926,0.00742244999855757,0.0101048657670617,0.0134608559310436,0.0139722535386682,0.0110534904524684,0.00669667311012745,0.00376108335331082,0.00301738502457738,"26"
"27",-2.14386596679685,4.34197387695315,7.43941650390627,12.3668762207031,17.2356506347656,20.7375122070313,24.8064819335938,21.3540588378906,22.9155212402344,15.6015258789063,9.07979736328127,0.314752197265648,7.49524259567261,5.60414171218872,15.8634099960327,14.2174234390259,14.4064235687256,3.77647089958191,8.72238922119141,6.78092336654663,7.4377498626709,4.80851173400879,12.0084180831909,7.3784966468811,243368571.09375,305913564.84375,438734053.125,544597425,641021048.4375,685079564.0625,735152287.5,663832378.125,545722017.1875,429174112.5,261617744.53125,220470946.875,0.00252677011303604,0.00351979909464717,0.00441958289593458,0.00581993442028761,0.0080993352457881,0.00985718332231045,0.0133057544007897,0.0107620973140001,0.0109343621879816,0.00700998585671186,0.00461900513619184,0.00264731561765075,"27"
"28",-1.4849914550781,-0.0106262207031023,4.88753662109377,9.64315185546877,17.1162048339844,20.26552734375,25.2700744628906,25.0133911132813,18.0738159179688,15.211328125,6.9202819824219,1.80379638671877,4.30901622772217,8.04593467712402,6.57820749282837,6.77522134780884,7.6999979019165,22.7826995849609,7.90529489517212,9.88999843597412,2.59855341911316,7.14842510223389,8.96257209777832,5.53000593185425,249328125,308277077.34375,449390784.375,551928051.5625,684214045.3125,670563646.875,717997584.375,655075139.0625,547026750,404547750,254370248.4375,219994481.25,0.00258547812700272,0.00284233479760587,0.00326379365287721,0.00481803715229034,0.00741711677983403,0.00963892415165901,0.0144215328618884,0.013512272387743,0.00886435620486736,0.0070018102414906,0.00406163185834885,0.00338542810641229,"28"
"29",-3.3962463378906,-3.27322998046873,9.23385009765627,13.4494262695313,16.2525573730469,21.8316284179688,25.2210327148438,23.5120178222656,19.9121948242188,12.1885620117188,4.1173034667969,-0.185247802734352,11.4576940536499,3.52231955528259,8.48064804077148,11.136589050293,21.6946125030518,13.9651374816895,13.5930156707764,6.20811128616333,5.86048650741577,8.42185115814209,5.71066856384277,10.4978799819946,257764380.46875,308761284.375,458642798.4375,552339126.5625,658246584.375,715691784.375,732883359.375,682838732.8125,527634210.9375,401847707.8125,255170292.1875,212149778.90625,0.0025203232653439,0.0019281777786091,0.00429950468242168,0.00606251787394285,0.0075471899472177,0.0103462254628539,0.0128215132281184,0.0118622547015548,0.0100551405921578,0.00578588433563709,0.00375840673223138,0.00264731561765075,"29"
"30",-3.62454833984373,5.20989379882815,4.7685485839844,13.26943359375,18.4436279296875,22.9316650390625,26.3226257324219,24.8113037109375,21.1021362304688,12.20546875,6.19732055664065,-0.485296630859352,14.0081443786621,6.88677358627319,4.64449119567871,10.032054901123,4.3489203453064,4.71074914932251,2.64168477058411,5.05090236663818,7.72787189483643,4.03025960922241,5.23906707763672,2.0195894241333,251169419.53125,310284843.75,456287807.8125,574680403.125,673592667.1875,735647146.875,806952965.625,705310875,536096095.3125,406678767.1875,263795800.78125,208500138.28125,0.00258815102279186,0.00351059227250516,0.00332086463458836,0.00551588414236903,0.00866199284791946,0.0110931461676955,0.0135720325633883,0.0126774925738573,0.0112876500934362,0.00579062895849347,0.00418904097750783,0.00270898221060634,"30"
"31",0.527154541015648,3.40899047851565,2.8734069824219,11.95693359375,15.6783996582031,24.4266906738281,27.2129760742188,24.5273681640625,22.8113647460938,15.020166015625,10.8015380859375,4.6147399902344,1.44916558265686,4.33137273788452,6.46138620376587,8.94225597381592,6.46839332580566,6.08361625671387,7.22161531448364,11.5787754058838,9.59650611877441,8.76465511322021,8.75998973846436,11.007776260376,245924078.90625,303597787.5,415780804.6875,573854203.125,665836368.75,721060734.375,756055940.625,629975854.6875,522703968.75,405648675,261085169.53125,209375992.96875,0.00277083134278655,0.00314427935518324,0.00343943294137716,0.0050762016326189,0.00730859767645597,0.0117192976176739,0.0145675577223301,0.013117603957653,0.0120447035878897,0.00701541407033801,0.00511876912787557,0.00369627843610942,"31"
"32",3.4101501464844,4.22295532226565,1.5302673339844,11.5323425292969,17.7395263671875,23.7438903808594,26.1612487792969,24.8334594726563,20.3412109375,13.6039978027344,4.43111572265627,0.603723144531273,14.5925979614258,3.62904453277588,5.26189947128296,6.71804618835449,1.51999986171722,15.3206539154053,7.43735027313232,7.99999856948853,18.6159324645996,7.66205835342407,6.69104480743408,11.9699907302856,243148964.0625,316972005.46875,438419418.75,576528342.1875,680688815.625,701855212.5,745507293.75,668080321.875,528112575,400223868.75,264237166.40625,218681690.625,0.00350847933441401,0.00327262934297323,0.00320452870801091,0.00500178756192327,0.00742837274447083,0.0118623366579413,0.0135456128045917,0.0129006570205092,0.0100850285962224,0.00602256041020155,0.00338484719395638,0.00301543483510613,"32"
"33",4.17305908203127,0.458978271484398,5.45232543945315,11.9877563476563,19.367822265625,26.8032470703125,26.8145690917969,24.3379455566406,23.8855529785156,12.9959655761719,5.83233032226565,3.31475219726565,5.16654825210571,4.54843616485596,15.9128322601318,10.3427686691284,18.2254829406738,6.23079538345337,13.4134750366211,4.73942232131958,13.1546669006348,3.02964925765991,2.93033719062805,5.35891723632812,250060858.59375,311484740.625,432314634.375,550504729.6875,631885682.8125,753875521.875,760940915.625,668237385.9375,530614040.625,415906607.8125,268570096.875,218573142.1875,0.00338304066099226,0.00265628867782652,0.00362209742888808,0.00508687924593687,0.00891694240272045,0.0124541027471423,0.0137554043903947,0.0124384788796306,0.0120297130197287,0.00590726407244802,0.00376108335331082,0.00301738502457738,"33"
"34",1.66091308593752,-3.5213684082031,3.66936645507815,12.2944274902344,20.4621520996094,27.2150817871094,28.604150390625,24.8064819335938,20.5296569824219,14.9079223632813,9.1715026855469,-0.585241699218727,3.19987344741821,2.09168910980225,8.6102123260498,5.63040590286255,1.50962543487549,7.49296760559082,6.6465277671814,6.24483013153076,11.2400360107422,0.472514241933823,5.60952091217041,4.71903991699219,245839071.09375,309957532.03125,460499807.8125,580738992.1875,720763481.25,741529434.375,760082653.125,640705570.3125,518844698.4375,420050896.875,264014205.46875,211273797.65625,0.00276587321422994,0.00191897246986628,0.0031941244378686,0.00483883963897824,0.00860823877155781,0.0124663868919015,0.0151877319440246,0.0131064420565963,0.010990172624588,0.00658873748034239,0.00498811062425375,0.00264731561765075,"34"
"35",0.216577148437523,1.88570556640627,9.80803833007815,10.8651977539063,15.5566650390625,21.6491638183594,27.1235290527344,25.7007995605469,20.7204833984375,13.9935546875,6.47481689453127,-2.88522949218748,5.78854703903198,0.542655050754547,8.92538833618164,3.98908352851868,17.9255485534668,12.0170669555664,8.63692474365234,11.539698600769,9.95919036865234,2.54787278175354,9.20858478546143,4.63905668258667,247094001.5625,295148707.03125,450740320.3125,536418239.0625,642409312.5,670002300,717934978.125,631859357.8125,546129590.625,412379268.75,247260157.03125,207916178.90625,0.00264755031093955,0.00303056673146784,0.004481450188905,0.00593526661396027,0.00693236477673054,0.0106100710108876,0.0148252137005329,0.0140801873058081,0.00957098230719566,0.00640042079612613,0.00443183956667781,0.00227741175331175,"35"
"36",-4.79389038085935,-4.34686889648435,7.8641296386719,9.76394042968752,19.7266174316406,24.1621643066406,28.7652526855469,27.9270874023438,22.6212707519531,13.5056091308594,4.54873046875002,2.80379638671877,3.37296342849731,7.84861135482788,6.01998090744019,9.39573669433594,3.84999895095825,7.00939512252808,1.58305048942566,6.54000425338745,11.7508611679077,7.98070049285889,10.9489707946777,8.05999755859375,244868864.0625,325673599.21875,461585207.8125,558136870.3125,694656253.125,776136853.125,789777759.375,689410406.25,523783125,400014112.5,267167953.125,220432113.28125,0.00202948320657015,0.00192508124746382,0.00411686301231384,0.00482724839821458,0.00865673273801804,0.0106306336820126,0.0146139804273844,0.0142792891710997,0.0114511754363775,0.00651244819164276,0.00375477550551295,0.00332375266589224,"36"
"37",1.29323730468752,0.0446716308593977,3.46761474609377,11.8777099609375,18.0477844238281,23.0224853515625,25.3403564453125,25.9854064941406,19.1179748535156,12.0926147460938,4.50567016601565,-1.18524780273435,12.2769927978516,4.24257326126099,4.12048578262329,11.0529756546021,4.28893613815308,9.63730335235596,13.0779113769531,8.43335056304932,8.98276424407959,12.6559658050537,5.03063154220581,9.45807647705078,245403189.84375,301310971.875,444724973.4375,550611759.375,661360654.6875,681834121.875,749561343.75,653328154.6875,538428389.0625,394557201.5625,264421694.53125,205288446.09375,0.00277008721604943,0.00295862904749811,0.00319730932824314,0.00526443170383573,0.00786383450031281,0.0117704123258591,0.0133394543081522,0.0142025630921125,0.00943958386778831,0.00578588433563709,0.00375885260291398,0.00270898221060634,"37"
"38",-1.15192260742185,4.35445556640627,8.83144531250002,12.7669616699219,17.6404663085938,21.7342163085938,25.434716796875,25.4056335449219,21.0263305664063,14.9903503417969,7.10149536132815,0.914727783203148,2.53373169898987,6.35398387908936,20.6250514984131,8.3095703125,13.2567129135132,16.833215713501,17.2703685760498,6.36178112030029,4.62561321258545,2.44594788551331,8.03869342803955,3.68924832344055,244707644.53125,297800339.0625,458061328.125,553045978.125,657378787.5,691224131.25,713070084.375,649219471.875,521756859.375,453003468.75,282667471.875,216091378.125,0.0025866620708257,0.00315246381796896,0.00441958289593458,0.00581870274618268,0.00791862420737743,0.0106036625802517,0.0140825984999537,0.0142117366194725,0.0103139877319336,0.00669667311012745,0.0037597450427711,0.00283232936635613,"38"
"39",1.5956970214844,0.665155029296898,6.32741699218752,9.80779418945315,19.5429931640625,23.9116760253906,24.9266296386719,23.9314208984375,22.7096496582031,14.6797119140625,5.52315673828127,1.91472778320315,13.0848608016968,7.63663816452026,7.92098712921143,14.8488664627075,2.60935258865356,14.5496206283569,17.1454639434814,6.84522247314453,3.33391714096069,6.78196382522583,3.04979681968689,2.84942150115967,245365474.21875,310753420.3125,460898943.75,544873753.125,682965632.8125,678999839.0625,723942393.75,660259771.875,591181453.125,431754637.5,268737855.46875,218427089.0625,0.00276934308931231,0.00277966470457613,0.00374207785353065,0.00483842892572284,0.00854506064206362,0.0122094498947263,0.0140729546546936,0.0132293272763491,0.0109293628484011,0.00663592107594013,0.00376420794054866,0.00344934337772429,"39"
"40",-8.72211303710935,0.474694824218773,3.69960937500002,9.9280944824219,15.6508728027344,23.0446716308594,25.5715270996094,25.520654296875,19.4670959472656,15.7953430175781,5.5454040527344,3.40361938476565,3.52553081512451,5.74806261062622,3.23377752304077,14.608172416687,10.789999961853,4.90362930297852,2.25012230873108,7.22000074386597,2.60220646858215,3.15527844429016,8.31627941131592,6.51999616622925,244469538.28125,293952332.8125,428174732.8125,558993951.5625,656701846.875,687248845.3125,759789618.75,658515782.8125,566432873.4375,442526160.9375,264246152.34375,209784072.65625,0.00166400731541216,0.00253453501500189,0.00320289307273924,0.00481803715229034,0.00742805935442448,0.0118007799610496,0.013612505979836,0.0135171869769692,0.00947363022714853,0.00645180745050311,0.00375575083307922,0.00344711216166615,"40"
"41",-0.509130859374977,-2.04279174804685,2.79921875000002,15.0585876464844,18.9411865234375,23.1249938964844,25.726708984375,24.7201477050781,22.1221252441406,15.5869995117188,7.32232055664065,3.6147399902344,4.14589643478394,1.61809599399567,2.90415143966675,4.8080849647522,3.01925086975098,17.0573825836182,3.19569969177246,3.68262195587158,6.05813789367676,16.5472278594971,6.02926778793335,3.99918627738953,239265984.375,301074996.09375,455159418.75,578980068.75,697935065.625,700498251.5625,744419278.125,680822971.875,547679601.5625,388095004.6875,262768577.34375,208208116.40625,0.00276760780252516,0.00234690634533763,0.00320322788320482,0.00606991024687886,0.00866634398698807,0.011838604696095,0.0140681378543377,0.0127379074692726,0.0111826453357935,0.00712476810440421,0.0040100016631186,0.00344934337772429,"41"
"42",-1.3962463378906,-1.3151916503906,6.56133422851565,14.15859375,18.0485778808594,23.1208435058594,25.2210327148438,23.5055480957031,19.1304565429688,13.6071411132813,7.76986083984377,-2.18524780273435,3.05147576332092,9.42246055603027,11.0084781646729,7.19961500167847,14.0265169143677,19.0140781402588,7.33194971084595,7.58463430404663,8.47644138336182,2.6775815486908,11.9078454971313,4.42909812927246,252662920.3125,289140257.8125,442202456.25,581952051.5625,657958148.4375,677681100,719673609.375,632985426.5625,517914590.625,420226143.75,259043294.53125,209522046.09375,0.00215387158095837,0.00235150731168687,0.00375118129886687,0.00606991024687886,0.00866743270307779,0.0120240049436688,0.0140633238479495,0.0122323632240295,0.0100701292976737,0.0068830200470984,0.0041262311860919,0.00252399640157819,"42"
"43",-1.08011474609373,0.934014892578148,3.15566406250002,10.0886169433594,17.5679260253906,25.0083251953125,25.6291748046875,24.8838745117188,17.8355346679688,12.8869873046875,4.60817871093752,-0.785192871093727,2.42499423027039,3.24605917930603,8.9890193939209,4.97206830978394,24.7438507080078,8.69212055206299,7.03457164764404,3.65932965278625,9.45700550079346,3.52995657920837,5.51907873153687,2.42951011657715,250858940.625,323242481.25,459391289.0625,563434228.125,636345492.1875,679874554.6875,726006712.5,654401910.9375,533176720.3125,421646006.25,271646746.875,219157080.46875,0.00264631048776209,0.0027138851583004,0.0031941244378686,0.00483596371486783,0.00817987881600857,0.0130754057317972,0.0140765691176057,0.0135830091312528,0.0093165235593915,0.00578588433563709,0.00375929893925786,0.00277065415866673,"43"
"44",1.30693969726565,1.76345214843752,3.70931396484377,11.1623474121094,20.9201904296875,24.5321594238281,25.5650573730469,24.7319274902344,20.0413146972656,13.3300415039063,7.27947387695315,-2.69623413085935,0.576960921287537,6.74582004547119,12.4313306808472,17.9338531494141,8.70999908447266,5.70377588272095,3.25570750236511,11.9600114822388,6.10140132904053,1.73168134689331,6.10176944732666,3.36999917030334,254012371.875,321041010.9375,439664118.75,554750521.875,660171557.8125,715203084.375,790385850,654187218.75,522366510.9375,429420825,245684854.6875,211242768.75,0.00277039525099099,0.00302652432583272,0.00320289307273924,0.00483278185129166,0.00940777827054262,0.0124758929014206,0.0126197459176183,0.0137786911800504,0.0110702123492956,0.00579488882794976,0.00448148418217897,0.00221434491686523,"44"
"45",-4.05512084960935,1.10808715820315,11.5089050292969,12.64443359375,14.8597961425781,21.3232971191406,23.7331176757813,23.5192810058594,20.8046813964844,12.2119384765625,6.96563110351565,-3.48529663085935,1.98818469047546,6.15666151046753,19.3706665039062,12.2041549682617,9.86754894256592,20.8255558013916,14.1576910018921,10.3660497665405,14.7667360305786,4.41012191772461,8.39924812316895,6.87859869003296,243649202.34375,303057892.96875,456588182.8125,553271175,648373317.1875,677367773.4375,730401637.5,660881657.8125,501937214.0625,411773540.625,256716274.21875,212879685.9375,0.00246291374787688,0.00291176070459187,0.00490781990811229,0.00587369920685887,0.00693308934569359,0.0107153365388513,0.0127038108184934,0.0124870678409934,0.0107944253832102,0.00579266296699643,0.00436990708112717,0.00221577635966241,"45"
"46",-0.577734374999977,1.80632934570315,12.0064636230469,12.8552185058594,16.3573852539063,22.5241638183594,25.0089660644531,21.8274475097656,20.1421447753906,15.9943786621094,8.60564575195315,2.91472778320315,3.10856366157532,5.90013456344604,9.70524501800537,3.19657874107361,19.7650966644287,10.2397193908691,5.44463777542114,5.68950510025024,2.64320254325867,4.4286527633667,8.0996561050415,8.49827003479004,251542125,314087224.21875,461948400,577314168.75,634438110.9375,689503598.4375,750454959.375,655986937.5,562632623.4375,437711512.5,269833338.28125,222660752.34375,0.00264631048776209,0.00272923451848328,0.0050261695869267,0.0053846063092351,0.00742643279954791,0.0107775842770934,0.0127572435885668,0.011611670255661,0.0097024105489254,0.00700998585671186,0.0046230205334723,0.00320248189382255,"46"
"47",1.85454711914065,-4.13571777343748,1.48137817382815,11.5619445800781,15.8509155273438,21.2150512695313,22.6727233886719,27.2838684082031,20.2562805175781,17.7465148925781,4.5223327636719,0.814752197265648,9.66824626922607,0.789315581321716,5.29341554641724,14.4642486572266,10.4973936080933,11.9159517288208,6.31562995910645,12.2908201217651,6.94429445266724,5.66090774536133,3.38991761207581,3.86921453475952,245895138.28125,301678952.34375,430580517.1875,553721864.0625,654492571.875,670478934.375,722818940.625,642388260.9375,528525548.4375,422540128.125,248141179.6875,219448996.875,0.00276636867783964,0.00204121647402644,0.00319958501495421,0.00556921074166894,0.00742607098072767,0.0107153365388513,0.0127424187958241,0.0164465308189392,0.0108194174245,0.00760848261415958,0.00376197602599859,0.0031407792121172,"47"
"48",-5.05109252929685,0.594476318359398,6.10918579101565,13.5115295410156,17.2379089355469,23.0396362304688,24.9668823242188,24.3406921386719,20.7221313476563,11.7508178710938,8.31279907226565,2.30379638671877,5.46771621704102,4.99181795120239,15.5001907348633,8.71916675567627,8.16000080108643,13.1593408584595,11.3103456497192,2.91000318527222,10.5719881057739,6.18130588531494,11.9659309387207,7.70999670028687,252409078.125,321991031.25,447760532.8125,564944414.0625,671875171.875,717553518.75,718991353.125,684619846.875,532922456.25,411986545.3125,255655068.75,215618582.8125,0.00166575168259442,0.00296842074021697,0.00382300140336156,0.00604381877928972,0.00742336641997099,0.0108751552179456,0.0141650075092912,0.0125334309414029,0.0107595203444362,0.00567781692370772,0.00479787494987249,0.00344711216166615,"48"
"49",2.18618164062502,2.9545837402344,6.18721923828127,11.2650085449219,18.4998107910156,24.0866333007813,26.9308715820313,24.4536071777344,17.05361328125,16.3362976074219,6.9833923339844,3.09414062500002,16.0502586364746,5.89810466766357,8.60317802429199,4.65166187286377,6.98799467086792,10.5957155227661,9.13966083526611,18.9525356292725,6.8880443572998,10.0100069046021,2.48000311851501,8.8900032043457,243526732.03125,307300078.125,444273778.125,569855798.4375,695044293.75,688998234.375,698633732.8125,642488456.25,535829723.4375,398111245.3125,267549792.1875,224334963.28125,0.00302846496924758,0.00310371047817171,0.00371211627498269,0.00491215521469712,0.0080890292301774,0.012447134591639,0.0157038755714893,0.013729658909142,0.00870058964937925,0.00714199244976044,0.00377282663248479,0.00320089398883283,"49"
"50",4.0327087402344,0.915979003906273,3.54818115234377,8.89248046875002,18.8392272949219,21.5828491210938,23.5841003417969,22.3777404785156,19.1651245117188,16.1204772949219,3.48592529296877,-3.8197082519531,19.2914886474609,12.8622398376465,8.66318798065186,7.61516571044922,6.69609498977661,17.9381313323975,5.67486190795898,9.98404121398926,14.5096225738525,2.54999852180481,13.7799921035767,6.28999137878418,251652656.25,300584629.6875,436223685.9375,542522348.4375,679624256.25,693995217.1875,712909181.25,645170231.25,497059790.625,416597259.375,257179408.59375,221842125,0.00290313176810741,0.00301270559430122,0.00318922195583582,0.00479884771630168,0.00841289572417736,0.0108645083382726,0.0128191402181983,0.0119992466643453,0.0101407673209906,0.00704336864873767,0.00370824243873358,0.00221156841143966,"50"
"51",-0.440802001953102,0.285516357421898,4.2796569824219,10.2539916992188,18.8484741210938,22.0938354492188,24.6146789550781,23.3662963867188,18.1500793457031,15.1623779296875,3.14681396484377,0.144891357421898,6.5057544708252,7.42244052886963,6.95484161376953,8.00220203399658,7.27716827392578,13.9777336120605,6.78036022186279,4.82627487182617,5.51000785827637,7.1255669593811,14.7085151672363,11.2399950027466,243907832.8125,305906540.625,439233721.875,541108307.8125,694001207.8125,686283342.1875,717447628.125,659414925,532104820.3125,424144856.25,257508217.96875,222696991.40625,0.0027742013335228,0.00288272835314274,0.00350060756318271,0.00533189298585057,0.0077435215935111,0.0108915399760008,0.013313208706677,0.0123283015564084,0.00938777253031731,0.00697592692449689,0.00336905336007476,0.00300332950428128,"51"
"52",1.56218872070315,2.89290771484377,5.22762451171877,12.2470031738281,17.2735229492188,25.9263854980469,26.1370788574219,23.9906555175781,19.9564453125,10.8883911132813,7.26247558593752,2.6700378417969,9.18000411987305,5.28967809677124,11.8072509765625,8.4763355255127,8.15999889373779,21.5580768585205,5.94370317459106,6.56088161468506,13.6980085372925,1.18993937969208,7.78999376296997,5.72999238967896,247608562.5,310487828.90625,441262223.4375,571063078.125,659373707.8125,716822240.625,734815293.75,684068835.9375,569662326.5625,440355276.5625,266581441.40625,203697871.875,0.00288705225102603,0.00313030928373337,0.00354046211577952,0.00521442340686917,0.00727780722081661,0.0124721061438322,0.0141928670927882,0.0122563643381,0.00941164419054985,0.00516228005290031,0.00413545360788703,0.00345852365717292,"52"
"53",1.52291259765627,3.08864746093752,6.59597167968752,9.8259216308594,19.3035827636719,25.4858642578125,25.5656066894531,24.6673828125,20.55361328125,15.7019897460938,7.62505493164065,1.39421997070315,5.46084499359131,3.51705479621887,10.8794994354248,6.33750009536743,13.5758638381958,10.0425090789795,12.1866302490234,6.00410175323486,3.13067007064819,3.08999681472778,4.46000003814697,5.19000244140625,236523944.53125,314460203.90625,439359398.4375,554881429.6875,650855714.0625,720328359.375,753430275,711724640.625,595637296.875,452174062.5,281864770.3125,225642585.9375,0.00301590492017567,0.00301086902618408,0.00436503905802965,0.00489030871540308,0.00876721180975437,0.0126108219847083,0.0131355291232467,0.0123246237635612,0.00959245301783085,0.00664624199271202,0.00393614731729031,0.00288985506631434,"53"
"54",0.327508544921898,5.58931884765627,4.17522583007815,15.3415466308594,15.5109497070313,25.1914611816406,26.5974060058594,24.3582397460938,22.0192810058594,14.4565979003906,6.88326416015627,1.10189208984377,7.24999952316284,6.00758028030396,7.2219409942627,6.99930000305176,4.67086458206177,5.95932102203369,5.94071340560913,9.33494472503662,2.43013191223145,10.8710927963257,4.21999788284302,5.33999633789062,248300817.1875,312237555.46875,458473879.6875,572852165.625,681546445.3125,710398856.25,774186609.375,644862726.5625,555220532.8125,402270975,267929479.6875,211755220.3125,0.00246614799834788,0.003285211045295,0.00339797581546009,0.00667617609724402,0.00665572937577963,0.0125604905188084,0.0131526002660394,0.0128343626856804,0.0104331811890006,0.00702580017969012,0.00427064439281821,0.00301544601097703,"54"
"55",-1.5174621582031,1.09798583984377,5.83818969726565,15.2285400390625,18.8404174804688,20.6036926269531,27.4837280273438,25.6439453125,21.6646667480469,13.8156066894531,4.4816833496094,-0.848516845703102,5.20956611633301,4.82971429824829,8.42815208435059,9.24999809265137,9.78999805450439,7.57411527633667,11.7737016677856,5.35620641708374,16.0350761413574,10.4091167449951,15.2599992752075,1.56000125408173,246193403.90625,300949720.3125,470003048.4375,576603646.875,675073321.875,712003500,727239262.5,673638314.0625,570340279.6875,414735946.875,264144564.84375,218762374.21875,0.00245421566069126,0.00286216684617102,0.00385749875567853,0.00649477960541844,0.00867457129061222,0.0101265227422118,0.0148893324658275,0.0141870342195034,0.00984635390341282,0.00665122317150235,0.00395882083103061,0.00271505233831704,"55"
"56",-1.6599182128906,1.95827636718752,5.7142272949219,10.6420227050781,18.1762634277344,23.4138427734375,23.8807006835938,23.9890991210938,18.8241821289063,17.013330078125,6.37355957031252,4.8475280761719,3.68999934196472,6.66999912261963,4.55000162124634,11.0406522750854,21.4264278411865,19.9401569366455,10.525465965271,7.42917633056641,2.35613894462585,2.46351552009583,5.33615875244141,11.3699989318848,251043468.75,310977646.875,460054603.125,563538979.6875,659204029.6875,718373306.25,693559673.4375,646955310.9375,571616873.4375,442744860.9375,269220206.25,211181132.8125,0.00246345018967986,0.00290329311974347,0.00339088798500597,0.00500610284507275,0.00873501133173704,0.0119952848181129,0.013229263946414,0.0131661053746939,0.0089657474309206,0.00708820531144738,0.0042219297029078,0.00370427360758185,"56"
"57",-3.70099487304685,3.64626464843752,5.86177978515627,12.9842163085938,17.8577209472656,23.4203735351563,25.3185974121094,24.1650634765625,19.1529479980469,11.8785949707031,6.17440185546877,3.37844238281252,7.74000549316406,4.50999546051025,6.58999872207642,19.7700157165527,17.295783996582,18.512170791626,9.93857192993164,9.56131553649902,6.08000516891479,7.9600076675415,8.63999938964844,17.3599834442139,244935457.03125,301673531.25,451099968.75,542308964.0625,660112115.625,678318046.875,721049596.875,655057082.8125,515974092.1875,405446934.375,254276571.09375,222486960.9375,0.00214895699173212,0.003329798579216,0.00355567154474556,0.00635249260812998,0.00806943606585264,0.0118337776511908,0.013557412661612,0.0122721353545785,0.0101222852244973,0.00589278759434819,0.00457194866612554,0.00352260959334671,"57"
"58",-1.1923889160156,-3.60257568359373,3.20217285156252,12.4457641601563,17.4910522460938,20.36220703125,24.2743774414063,23.335595703125,19.7875610351563,13.8510375976563,7.78728637695315,-3.26730957031248,3.1292827129364,0.860140204429626,3.46960878372192,6.09667587280273,10.2999925613403,20.1199989318848,25.8019485473633,13.8753490447998,8.49767017364502,7.34592247009277,12.1899976730347,0.330000251531601,241483485.9375,308519718.75,412440145.3125,571042828.125,688602304.6875,695855221.875,657544626.5625,650598075,516551596.875,431345756.25,270706155.46875,220963654.6875,0.00233353045769036,0.00213830126449466,0.00331380940042436,0.00513509940356016,0.00721721490845084,0.010120015591383,0.0135751962661743,0.0122060617431998,0.0102956146001816,0.00665938295423985,0.00470586866140366,0.00209505320526659,"58"
"59",-2.9455627441406,0.940545654296898,4.73565063476565,12.1628051757813,19.8988586425781,23.8937316894531,25.2037902832031,26.315087890625,21.3255554199219,13.2755065917969,3.14913330078127,3.23333129882815,12.9100017547607,6.86695194244385,6.79009056091309,10.1998844146729,8.94378662109375,5.20723676681519,12.7928228378296,5.43461656570435,6.14868927001953,12.6542539596558,6.39259386062622,8.28000259399414,251078125.78125,310005077.34375,460180026.5625,566153423.4375,656401303.125,723670368.75,740585868.75,633297318.75,525913931.25,398248860.9375,261304291.40625,210532478.90625,0.00203644717112184,0.00271521019749343,0.00348502234555781,0.00528063112869859,0.00934007670730352,0.011828301474452,0.0130370361730456,0.0149968294426799,0.0111066214740276,0.00700881192460656,0.0036068051122129,0.00351537251845002,"59"
"60",0.900354003906273,-1.0732482910156,-1.78604736328123,13.9581848144531,16.2268615722656,21.5004211425781,23.3290344238281,24.6128784179688,22.2414184570313,13.8411804199219,7.07229003906252,-2.97250976562498,6.06000232696533,11.3899993896484,3.38442754745483,5.18132352828979,12.4119548797607,16.8712215423584,10.8055362701416,7.657790184021,5.0875072479248,3.44991087913513,4.17726945877075,5.3900032043457,234174142.96875,296771090.625,442335937.5,567173981.25,655048012.5,695108376.5625,732034884.375,645315103.125,530683354.6875,413604267.1875,269289056.25,223258992.1875,0.00277154124341905,0.00258622667752206,0.00276594772003591,0.00649652071297169,0.00821847654879093,0.011250008828938,0.01255461294204,0.0135669354349375,0.0110086249187589,0.00698114465922117,0.00431706616654992,0.00227989908307791,"60"
"61",-3.6055969238281,2.33681640625002,7.44234619140627,8.88955078125002,14.8705078125,21.0677734375,24.2482543945313,23.1850830078125,22.6653686523438,14.5569702148438,6.7673278808594,-0.521887207031227,2.55999970436096,6.60449123382568,16.7245922088623,16.3591365814209,12.6783132553101,7.83000087738037,6.8565731048584,6.12826824188232,7.92767381668091,4.87529993057251,7.62001037597656,5.95999622344971,255543440.625,301657204.6875,434071237.5,543671789.0625,678126431.25,717446531.25,713972137.5,636232471.875,535466278.125,413491626.5625,258457415.625,210251320.3125,0.00196635420434177,0.00333230989053845,0.00426095677539706,0.00480195274576545,0.00701160868629813,0.0102549949660897,0.0128619680181146,0.0125704491510987,0.0115570593625307,0.00660554505884647,0.00405170721933246,0.00282755377702415,"61"
"62",-3.5023254394531,0.443200683593773,4.3061462402344,11.7528015136719,21.8079467773438,23.9994140625,24.1133666992188,23.595361328125,18.1945434570313,14.9981628417969,6.99245605468752,-2.57382812499998,9.88999938964844,5.91451072692871,9.17379283905029,2.57672786712646,17.3138599395752,2.40377020835876,23.285228729248,10.9397296905518,6.41031885147095,11.6100015640259,3.60999441146851,2.53999972343445,249200929.6875,296161565.625,433858275,574442001.5625,676527103.125,691536403.125,716894296.875,674028717.1875,526326018.75,400922620.3125,257834010.9375,223743642.1875,0.00184665399137884,0.00291569577530026,0.00352232437580824,0.00490347342565656,0.00957146752625704,0.0115592153742909,0.0126935122534633,0.0124760521575809,0.00959806982427835,0.00744445249438286,0.004059087485075,0.002443807432428,"62"
"63",-5.89511718749998,-4.89081420898435,6.89412841796877,13.0364624023438,16.6741271972656,22.9979797363281,24.1754699707031,21.8544250488281,19.7648254394531,17.8601928710938,8.52495727539065,-6.42645874023435,2.47687792778015,1.6503392457962,22.9281826019287,11.6840019226074,4.83080577850342,7.76538372039795,10.5901660919189,5.80320358276367,0.679999709129333,0.169435754418373,5.98488473892212,2.41380786895752,253458576.5625,314068303.125,447525295.3125,580314796.875,675751781.25,732522993.75,734883637.5,655865732.8125,558133621.875,450456271.875,266873716.40625,225309389.0625,0.00160104769747704,0.00196376210078597,0.0041792094707489,0.0056740497238934,0.00798615347594023,0.0115030258893967,0.0128417778760195,0.0118044624105096,0.00954732578247786,0.00746846059337258,0.00463121570646763,0.00208725151605904,"63"
"64",0.267846679687523,-0.676458740234352,5.87636718750002,13.9080749511719,19.9807373046875,24.1209655761719,24.7968994140625,23.7231994628906,20.62001953125,11.9824462890625,8.82366333007815,1.08919677734377,5.09918403625488,4.94859933853149,18.7299919128418,20.6330547332764,3.42298364639282,7.47606325149536,10.1655988693237,2.08000087738037,3.22999906539917,1.56999945640564,7.82999801635742,7.61999797821045,254585172.65625,325100123.4375,452130862.5,552407175,681260835.9375,705851043.75,725489746.875,669964753.125,533659640.625,438894576.5625,278146638.28125,213328750.78125,0.00251599051989615,0.00238055782392621,0.00371237564831972,0.00626906706020236,0.00898856855928898,0.0116434907540679,0.0133171463385224,0.0116981128230691,0.009950065985322,0.00545772630721331,0.00507174618542194,0.0031528240069747,"64"
"65",-1.44391479492185,-0.292944335937477,1.9527526855469,13.5335021972656,21.4061218261719,23.1988464355469,23.9405456542969,22.9131408691406,20.8918090820313,13.1767211914063,8.27254638671877,4.56585083007815,9.6609525680542,10.5046739578247,5.6339864730835,14.689995765686,3.59000205993652,9.0204496383667,7.81244707107544,8.07715225219727,12.2505617141724,2.57202696800232,3.56000113487244,7.07999753952026,250096781.25,312455242.96875,434483325,555083929.6875,672420445.3125,702348679.6875,721235390.625,646368314.0625,501067350,418502278.125,264514928.90625,214300223.4375,0.00259252660907805,0.00258331233635545,0.00305523327551782,0.00538041396066546,0.00909616611897945,0.0112134600058198,0.0127031477168202,0.0125091606751084,0.0112812342122197,0.00617695739492774,0.00427120504900813,0.00327255018055439,"65"
"66",-4.16058959960935,0.230401611328148,7.26400146484377,11.8014770507813,15.8600708007813,23.5555969238281,27.3297058105469,23.9809509277344,19.4128051757813,12.1142517089844,7.7315612792969,1.31203613281252,3.1899950504303,6.63829708099365,3.23312544822693,8.39478778839111,3.71510982513428,3.63353610038757,6.89687776565552,3.88034582138062,14.1330890655518,3.71129155158997,12.1299886703491,12.9899959564209,246221332.03125,296351810.15625,458636934.375,536509954.6875,684391907.8125,734933081.25,750490143.75,654530371.875,518131392.1875,422697740.625,257949351.5625,211241988.28125,0.00184932083357126,0.00264725764282048,0.00398828461766243,0.00536711607128382,0.00717155495658517,0.0113440249115229,0.0142788253724575,0.0128777995705605,0.0096318731084466,0.00602858839556575,0.00475744903087616,0.00301799620501697,"66"
"67",1.1945739746094,-1.45465698242185,7.49654541015627,13.1291748046875,16.2832885742188,24.3438049316406,24.2781311035156,22.850244140625,19.7449279785156,13.8843627929688,5.1594177246094,1.9063659667969,4.66999864578247,4.47019052505493,8.7020263671875,7.86216640472412,12.6385288238525,2.93000078201294,5.75756454467773,5.51640510559082,2.15999841690063,14.0932130813599,6.36244058609009,12.8597984313965,251204667.1875,315295790.625,449606615.625,558686109.375,662946735.9375,690767451.5625,698397314.0625,649728717.1875,533508398.4375,394539820.3125,254961168.75,212261470.3125,0.00282507459633052,0.00220186589285731,0.00430811755359173,0.00618936633691192,0.00689904950559139,0.0123369405046105,0.0126723228022456,0.0118183186277747,0.0093514584004879,0.00645901914685965,0.00390605698339641,0.00338721624575555,"67"
"68",-2.98795166015623,-2.10080566406248,6.9725280761719,13.2867065429688,16.012353515625,23.5060363769531,25.2549072265625,24.8234191894531,19.8841186523438,13.438134765625,7.2623229980469,0.179132080078148,7.63000202178955,3.72304511070251,9.01677989959717,6.9170560836792,22.5699939727783,6.70000076293945,5.99484920501709,11.1085529327393,4.25000143051147,2.94999957084656,12.2199974060059,10.3900012969971,245720228.90625,322731949.21875,462222070.3125,570984609.375,645381337.5,692672934.375,716020846.875,631522575,527758368.75,410865454.6875,246463699.21875,211810549.21875,0.00237662740983069,0.00212354399263859,0.00383559567853808,0.00584902567788959,0.00760742416605353,0.0121941352263093,0.0134338652715087,0.0141352759674191,0.0106568997725844,0.00724388938397169,0.00435552187263966,0.00257905037142336,"68"
"69",-2.54257812499998,0.889855957031273,3.01424560546877,13.5211730957031,18.6058898925781,22.0697875976563,25.5020385742188,23.7983337402344,19.4572998046875,13.1466003417969,4.34993896484377,-1.03888549804685,15.2481832504272,3.04535055160522,3.50831365585327,11.1199970245361,4.71487903594971,11.0606164932251,19.2905120849609,7.68999862670898,7.88001108169556,10.1214399337769,7.82001543045044,5.08999967575073,243361546.875,296665917.1875,463830300,562175943.75,673047604.6875,693139612.5,684747843.75,672952007.8125,513951665.625,399464493.75,258616926.5625,210157474.21875,0.0025122172664851,0.00264044222421944,0.00307675125077367,0.0058331242762506,0.00815699901431799,0.0109196417033672,0.014026690274477,0.0129067795351148,0.0102661782875657,0.00669694319367409,0.00404695374891162,0.00270004128105938,"69"
"70",-6.8512023925781,-0.842443847656227,4.42623291015627,13.8771301269531,19.8583923339844,22.8750244140625,25.0322509765625,24.513818359375,21.7447143554688,14.0401245117188,6.01262817382815,2.41823730468752,2.98960947990417,4.5386209487915,6.29999923706055,16.2040214538574,6.22517156600952,5.17028617858887,11.6185464859009,4.51872205734253,6.3099946975708,9.34000682830811,5.54463958740234,5.22298955917358,249567180.46875,310295285.15625,432347540.625,562732565.625,655311346.875,684677053.125,695985243.75,636778842.1875,509868337.5,383293476.5625,247159940.625,217250606.25,0.00183678162284195,0.00245182774960995,0.00332491844892502,0.00591208226978779,0.00867790821939707,0.0116209974512458,0.0137037793174386,0.0128387454897165,0.0113054076209664,0.00717187253758311,0.00427278270944953,0.00298911426216364,"70"
"71",-3.6949523925781,-0.560827636718727,3.85527954101565,11.80947265625,16.1275573730469,25.2921691894531,23.6404968261719,22.9200073242188,21.8584533691406,17.6988159179688,7.41555175781252,4.64785156250002,4.94041109085083,13.0394353866577,4.11000490188599,3.00000166893005,10.7099990844727,8.69317054748535,13.7008638381958,4.73947048187256,8.88046741485596,3.98765897750854,3.2799985408783,15.2400255203247,247541505.46875,293549210.15625,443747784.375,589374689.0625,674957939.0625,692631000,699801525,648519496.875,495095456.25,405221104.6875,262392750,212687015.625,0.00185497070197016,0.00278470618650317,0.00269609596580267,0.00382620794698596,0.00611828919500113,0.0122821070253849,0.0115012647584081,0.011131975799799,0.0106186969205737,0.00811498146504164,0.00393765419721603,0.00364077952690423,"71"
"72",-2.06256713867185,-1.00711669921873,5.23391113281252,12.4099670410156,19.5570922851563,21.4588562011719,24.8048645019531,24.013818359375,21.3594299316406,11.9338012695313,5.55913696289065,0.797021484375023,3.99000144004822,2.8199999332428,6.10623359680176,14.4786949157715,5.11228132247925,14.939001083374,5.77000093460083,7.56999015808105,14.7600030899048,5.41480302810669,14.1244525909424,7.29000949859619,252261485.15625,314022255.46875,449680401.5625,560859145.3125,693274950,712062225,697885664.0625,632977875,492686971.875,382402054.6875,235169388.28125,204351018.75,0.00228068372234702,0.00213096546940506,0.00324185448698699,0.00523804407566786,0.00736350100487471,0.00911054853349924,0.0123944776132703,0.0126369576901197,0.0105601428076625,0.00547395227476954,0.00367487850598991,0.00276842922903597,"72"
"73",0.147546386718773,0.702722167968773,10.6046997070313,11.8286987304688,16.4819885253906,24.0396667480469,25.6207824707031,24.7176147460938,21.9887939453125,16.3195434570313,9.10323486328127,0.351251220703148,5.60449695587158,2.75944685935974,14.5285091400146,7.15248203277588,4.58088445663452,15.5934934616089,16.4650211334229,6.89409685134888,5.8529486656189,7.04196882247925,9.30996704101562,10.6999998092651,246714314.0625,301376552.34375,434364145.3125,530365176.5625,642647756.25,683010773.4375,707527575,650084864.0625,512469281.25,404459451.5625,255042232.03125,210681168.75,0.00226426171138883,0.00226112664677203,0.00492940656840801,0.00533386785537004,0.00701786717399955,0.012037355452776,0.0139978881925344,0.0132097583264112,0.0111388070508838,0.00775988074019551,0.00473996065557003,0.00282047712244093,"73"
"74",0.672509765625023,1.18462524414065,8.1976257324219,13.8921142578125,17.7975402832031,21.2988220214844,25.6431213378906,23.3984008789063,17.0566040039063,12.4709716796875,7.03008422851565,1.4879089355469,8.70459842681885,6.26175832748413,9.02957916259766,8.85641288757324,15.1074590682983,13.1436147689819,2.89849162101746,13.9665794372559,8.07363700866699,2.57999610900879,6.43983173370361,6.53936052322388,243278015.625,306103134.375,446870460.9375,560003034.375,637165026.5625,679594345.3125,740019712.5,617659087.5,504275962.5,417137132.8125,253532974.21875,206836642.96875,0.00314499344676733,0.00228086370043457,0.00486339302733541,0.00575033016502857,0.0101088425144553,0.0104340212419629,0.0129134431481361,0.0128524051979184,0.00890070665627718,0.00564218498766422,0.00452866544947028,0.00313302176073194,"74"
"75",0.993127441406273,1.12294921875002,3.72002563476565,10.5711303710938,19.9299560546875,23.1318603515625,24.2759948730469,25.7002197265625,18.0684753417969,14.3934875488281,9.27718505859377,1.34493408203127,10.8112602233887,9.74251270294189,10.6599998474121,9.95393943786621,5.98412752151489,13.5922107696533,11.769998550415,11.5367698669434,5.84224271774292,6.94000768661499,9.07383060455322,8.81332588195801,242788260.9375,290538942.1875,432287254.6875,577711743.75,666613631.25,687785132.8125,729154321.875,605108685.9375,503962720.3125,415520212.5,266117020.3125,209663310.9375,0.00319017330184579,0.00277066417038441,0.00339170848019421,0.00492074247449636,0.00922065693885088,0.0127094481140375,0.0132581824436784,0.0151136051863432,0.00903620291501284,0.00678697088733315,0.00526470830664039,0.00281446310691535,"75"
"76",-3.52182617187498,4.8984313964844,9.2115417480469,13.2381225585938,16.0803161621094,23.0493408203125,24.5814147949219,23.0213562011719,18.6094604492188,10.4183898925781,2.73519287109377,-2.94830932617185,5.79060506820679,7.2099494934082,8.96835899353027,2.52999711036682,7.38295650482178,10.4076623916626,9.17236423492432,16.9628467559814,5.1299991607666,6.96000385284424,2.00999879837036,1.11000025272369,246212831.25,323413087.5,451389375,583028676.5625,670272046.875,694399879.6875,725624578.125,660404390.625,548068781.25,395983729.6875,272116462.5,228228363.28125,0.00190408946946263,0.00369249121285975,0.00480432622134686,0.00543798971921206,0.00652484456077218,0.0107670174911618,0.0130923129618168,0.0117791220545769,0.00865441001951694,0.00504186190664768,0.00245883362367749,0.00191198603715748,"76"
"77",-11.0693420410156,-0.925238037109352,9.19643554687502,15.1599060058594,22.617333984375,22.9052368164063,26.7444396972656,24.492333984375,21.9737182617188,13.2228637695313,8.71993408203127,-0.855230712890602,3.63999915122986,8.64683723449707,9.96303653717041,5.26999855041504,6.92285442352295,9.03115367889404,7.02747583389282,11.3005332946777,8.36521434783936,6.81953048706055,7.12482786178589,9.91464900970459,248605811.71875,307143414.84375,457880596.875,570931200,695468446.875,703722642.1875,707936793.75,622247695.3125,486775828.125,407944814.0625,243155903.90625,215523386.71875,0.000986943487077951,0.00253486237488687,0.00458277063444257,0.00680854776874185,0.0102784689515829,0.0108705023303628,0.0145715810358524,0.013843665830791,0.0115894135087729,0.0063493843190372,0.00532623426988721,0.00256707845255733,"77"
"78",-6.62433471679685,-6.89743652343748,3.29940185546877,13.8841796875,18.5231262207031,24.2766357421875,26.1116271972656,25.0399719238281,22.4374938964844,12.5830017089844,8.83815917968752,2.21804199218752,9.26999759674072,0.87169885635376,8.93951988220215,9.24932861328125,10.4798984527588,11.9492340087891,12.5504388809204,18.1399993896484,3.95241451263428,7.44255685806274,6.44000387191772,9.7100076675415,244007121.09375,310326946.875,440125439.0625,566526023.4375,660271879.6875,697049296.875,712138753.125,635149307.8125,537537937.5,418782192.1875,262373723.4375,223232034.375,0.00154114607721567,0.00117267947643995,0.0031674038618803,0.00566089432686567,0.00859133247286081,0.0110480021685362,0.0138705587014556,0.0134070441126823,0.0115228937938809,0.00569818774238229,0.00456339400261641,0.00295550539158285,"78"
"79",-6.7620910644531,-6.28668823242185,7.29680786132815,11.1385437011719,17.4218078613281,22.9302307128906,24.0271240234375,23.5841918945313,19.4858947753906,12.8250671386719,6.50917968750002,2.6369567871094,8.41055393218994,6.80719900131226,6.22086095809937,8.00335788726807,5.63585138320923,9.63098335266113,27.2971076965332,15.3351774215698,1.19056236743927,5.23716402053833,11.3633089065552,6.33482837677002,238752710.15625,302021578.125,440729226.5625,542248551.5625,673262718.75,716366193.75,685375678.125,609519009.375,544308567.1875,395830167.1875,255925785.9375,223676796.09375,0.00166368426289409,0.00173068069852889,0.00461950711905956,0.00604515103623271,0.00778751354664564,0.0116275968030095,0.0143130775541067,0.0147570986300707,0.00948479399085045,0.00604656804352999,0.00380424386821687,0.00277427094988525,"79"
"80",-0.925054931640602,-3.95343627929685,3.29335937500002,10.7484069824219,19.0090881347656,21.7289367675781,27.0305114746094,26.0570922851563,20.9968811035156,11.5612731933594,5.79158935546877,0.832055664062523,4.1670503616333,4.513427734375,10.8991031646729,5.39894437789917,5.92955350875854,10.9458465576172,7.65000200271606,21.3100032806396,8.39000225067139,4.72999620437622,3.55446648597717,1.96000146865845,241905656.25,310684127.34375,435525820.3125,554226595.3125,676145939.0625,717059081.25,720893840.625,633440250,531107128.125,412704745.3125,258621187.5,217903436.71875,0.00216154428198934,0.00179841078352183,0.00302951200865209,0.00469284923747182,0.00766049651429057,0.0102711291983724,0.0145320435985923,0.0150508554652333,0.0104793859645724,0.00472034094855189,0.00313569442369044,0.0026937029324472,"80"
"81",-3.7147277832031,1.60918579101565,5.2965026855469,15.2917114257813,16.7198120117188,24.03212890625,25.3297668457031,23.7710510253906,19.1503540039063,12.7121215820313,7.9149108886719,-1.4409240722656,0.90999960899353,6.92841672897339,3.1906144618988,14.7174806594849,22.7563533782959,4.74498605728149,14.0107946395874,5.34755659103394,5.33060455322266,5.90999984741211,2.61369395256042,8.28387928009033,251426278.125,304519795.3125,459554470.3125,555762979.6875,650929204.6875,681371873.4375,693361265.625,615236343.75,511893675,399005746.875,265869864.84375,213485118.75,0.00159760506357998,0.00289146206341684,0.002930459799245,0.00628724694252014,0.00691247219219804,0.0110256224870682,0.0131388939917088,0.0123083796352148,0.0091259777545929,0.00532824778929353,0.00420979084447026,0.00220299581997097,"81"
"82",-5.6616271972656,-1.97223510742185,6.70705566406252,10.3770080566406,21.515771484375,21.0338684082031,25.8476196289063,23.1768432617188,19.1699157714844,14.1167541503906,7.80556640625002,5.55037841796877,14.1408596038818,3.71221351623535,12.1118412017822,6.02623605728149,14.2171049118042,12.340220451355,8.98999786376953,2.88399386405945,2.88175702095032,2.64031362533569,10.34836769104,14.4899959564209,249900060.9375,306291902.34375,442589653.125,567047081.25,652492631.25,681286190.625,698252189.0625,630235265.625,511781540.625,406946067.1875,253658629.6875,206740455.46875,0.0016646416625008,0.00209704297594726,0.00400571478530765,0.00455158250406384,0.00884770695120096,0.00976351927965879,0.0140537358820438,0.0122181018814445,0.00922612939029932,0.00648605730384588,0.00470511661842465,0.00459989998489618,"82"
"83",0.226312255859398,3.02236328125002,7.10067138671877,10.2665954589844,15.8249755859375,23.3506713867188,27.7353454589844,27.8315979003906,21.8132873535156,15.0725952148438,8.03389892578127,-5.6276916503906,2.61000204086304,2.51000261306763,7.52855968475342,10.9602642059326,11.3190097808838,11.2786664962769,4.52512502670288,6.94353818893433,3.06401872634888,9.64917945861816,11.7275228500366,8.78999805450439,235277514.84375,298039964.0625,437188514.0625,526723087.5,654224048.4375,709773384.375,728995950,672628598.4375,543980475,392370454.6875,255842402.34375,209460178.125,0.00233671860769391,0.00265082041732967,0.00400337111204863,0.00504180788993835,0.00752734253183007,0.0110834203660488,0.0137383220717311,0.013807151466608,0.00882504787296057,0.00634648045524955,0.0043762344866991,0.00190334464423358,"83"
"84",-4.15924682617185,4.12593994140627,1.58333740234377,11.2787414550781,16.2828308105469,25.1601501464844,23.624169921875,24.7334533691406,19.1640869140625,17.3394104003906,7.13363037109377,4.79171142578127,2.41000032424927,7.54999589920044,7.94999742507935,10.6200037002563,10.6200017929077,4.16409111022949,12.0398616790771,8.233642578125,12.2000169754028,6.78000020980835,13.7153615951538,10.6469202041626,243879018.75,316875164.0625,421583104.6875,532507584.375,649592114.0625,694071070.3125,733769381.25,642049453.125,511105739.0625,374390564.0625,264360817.96875,217896939.84375,0.00160266773309559,0.00303863198496401,0.00272322678938508,0.00508050108328462,0.00694133061915636,0.0115066263824701,0.0125804543495178,0.0145421708002687,0.00992070604115725,0.00877576880156994,0.00391042837873101,0.00412350241094828,"84"
"85",-5.34396972656248,-2.1618713378906,8.07366333007815,15.2234130859375,19.3840576171875,22.4040771484375,24.7183776855469,23.0020080566406,20.2428527832031,15.2921691894531,9.27547607421877,-4.26959838867185,3.47042012214661,9.26546287536621,14.9584970474243,6.60174703598022,11.8149518966675,7.75893688201904,10.0806550979614,13.0390815734863,6.17418575286865,4.51351308822632,21.7771759033203,8.34000110626221,242422389.84375,302816728.125,451131229.6875,556567073.4375,655182759.375,680662532.8125,716313543.75,607173300,522317489.0625,390007532.8125,247593628.125,218435821.875,0.00153944711200893,0.00209800829179585,0.00401947740465403,0.00635962653905153,0.008325413800776,0.0106255048885942,0.012394966557622,0.0131021719425917,0.0102575132623315,0.00738237844780087,0.00571237271651626,0.00182987726293504,"85"
"86",-1.0255187988281,0.808587646484398,7.61345825195315,13.3099914550781,18.6634765625,23.8051086425781,26.5305725097656,22.407861328125,22.0918823242188,14.2455383300781,5.46477661132815,1.16176757812502,1.83732223510742,7.04999923706055,9.8867769241333,10.3590154647827,18.1084308624268,9.33684921264648,11.3230800628662,3.15368556976318,14.3045530319214,10.3536739349365,5.82357120513916,4.25000047683716,258525717.1875,289877231.25,455633985.9375,582351145.3125,648686306.25,694899337.5,712854253.125,649530393.75,497549756.25,391771476.5625,248571196.875,206290399.21875,0.00208897632546723,0.00309440307319164,0.00375443417578936,0.00551805319264531,0.00880815181881189,0.0120554445311427,0.0146253341808915,0.011181035079062,0.0112638771533966,0.00716639868915081,0.00392870930954814,0.00281925383023918,"86"
"87",-1.39127197265623,2.9709411621094,8.03753051757815,12.8329711914063,21.4271789550781,24.3190856933594,25.613916015625,24.455712890625,21.2755065917969,10.3497863769531,9.1096130371094,3.10482177734377,3.99000144004822,2.53493142127991,4.48859071731567,6.77949285507202,4.58211660385132,10.1461992263794,21.9703311920166,2.30961942672729,3.66114687919617,3.39877891540527,6.72875261306763,11.8560562133789,241030117.96875,299265510.9375,470621939.0625,578288953.125,689616998.4375,713970112.5,709464825,651197559.375,539633896.875,413285287.5,259014817.96875,206150421.09375,0.00233527785167098,0.0026286281645298,0.00344768608920276,0.00515089789405465,0.00922236498445272,0.0116943055763841,0.0146785927936435,0.0127561995759606,0.00912680104374886,0.00457842880859971,0.00442346045747399,0.00326073216274381,"87"
"88",-2.48709716796873,-1.60822143554685,6.28133544921877,12.4071594238281,19.1922241210938,24.2228942871094,26.9324279785156,26.522607421875,20.6750122070313,10.0258117675781,8.0856872558594,0.784661865234398,5.21314144134521,6.85702705383301,7.972496509552,10.2415857315063,2.66405916213989,0.91999876499176,11.9078941345215,3.47522044181824,3.65560007095337,7.34485816955566,11.3089761734009,6.20091104507446,248454527.34375,318359130.46875,457200028.125,592318448.4375,717327984.375,772447050,729272362.5,658790465.625,530247220.3125,408041845.3125,259636577.34375,229294378.125,0.00200720480643213,0.00206519360654056,0.0033194615971297,0.00480156857520342,0.00660386960953474,0.0079739959910512,0.0124085489660501,0.0138915721327066,0.00981924589723349,0.00463199801743031,0.00433194916695356,0.00245708110742271,"88"
"89",3.37355957031252,-1.64435424804685,6.8859802246094,12.0609680175781,16.3737731933594,23.0705200195313,25.5025573730469,23.3779235839844,19.0636535644531,14.1298767089844,6.15035400390627,-6.4439758300781,4.49123620986938,3.27189183235168,9.75787162780762,11.300555229187,14.568021774292,9.41999626159668,16.1482219696045,19.1624927520752,20.4000034332275,6.90000104904175,7.13999843597412,4.58999681472778,252240496.875,295022503.125,449880285.9375,562095787.5,657766195.3125,672557765.625,696177450,646492134.375,513221526.5625,411156970.3125,265463852.34375,225912902.34375,0.00312873744405806,0.00214389292523265,0.00415104115381837,0.00550704123452306,0.00743989273905754,0.0113774230703712,0.0138280736282468,0.0134611027315259,0.00978361908346415,0.00628151930868626,0.00376483076252043,0.00147078826557845,"89"
"90",3.90386352539065,4.27129516601565,8.9362731933594,11.9462219238281,16.7967468261719,22.8936706542969,24.5290771484375,23.6245056152344,20.5428405761719,13.2032409667969,9.80950317382815,2.38350830078127,4.58611249923706,12.3033313751221,5.53441476821899,6.30734443664551,18.8014087677002,8.26352691650391,9.07019805908203,11.3149728775024,6.99999856948853,11.660008430481,8.34000492095947,19.3499965667725,250282026.5625,310661050.78125,440843934.375,566496407.8125,641699212.5,681222445.3125,703675898.4375,650365621.875,510266207.8125,419031984.375,273224896.875,222872871.09375,0.00326083367690444,0.00339847384020686,0.00450427923351526,0.00546497665345669,0.00752277905121446,0.0112719349563122,0.0133124897256494,0.0130147160962224,0.0107162753120065,0.00603474024683237,0.00486812880262733,0.00338461343199015,"90"
"91",-1.74042358398435,2.9488464355469,7.6105895996094,14.26796875,21.5157409667969,24.7917419433594,25.9996276855469,25.2016845703125,20.9800048828125,15.2633605957031,5.62993774414065,3.03579101562502,4.11999702453613,4.74998998641968,16.3202590942383,10.8437919616699,11.0911140441895,2.48501491546631,5.32957315444946,8.54242610931396,2.9778254032135,13.602725982666,10.1108331680298,3.77000522613525,236716572.65625,304850207.8125,447525506.25,549268720.3125,644544717.1875,713357971.875,721532053.125,656931557.8125,529834289.0625,403254787.5,253406981.25,215000578.125,0.00234489073045552,0.00308300298638642,0.00425505777820945,0.00675136828795075,0.0115089323371649,0.0118454163894057,0.0130008785054088,0.0133040361106396,0.00901439227163792,0.0068900897167623,0.00397324375808239,0.00317754945717752,"91"
"92",0.635095214843773,4.74697265625002,7.25429687500002,12.4045043945313,17.0158630371094,21.1996398925781,24.3274780273438,22.0478454589844,19.5541931152344,13.0150695800781,7.4128356933594,1.70122680664065,3.63784718513489,2.8433883190155,6.72999858856201,10.9011650085449,4.14882802963257,10.5699987411499,29.1054191589355,3.77272748947144,9.55999851226807,6.7427773475647,19.887975692749,4.40777635574341,240303775.78125,304426096.875,452215448.4375,536700135.9375,686597259.375,667900434.375,669663576.5625,648889903.125,516815184.375,418484981.25,238487962.5,208226868.75,0.00283245602622628,0.00333525915630162,0.00426472071558237,0.00610612984746695,0.00777513813227415,0.00959083810448647,0.0141562446951866,0.0116508211940527,0.00993374083191156,0.005912478081882,0.00467546004801989,0.00301455752924085,"92"
"93",0.784204101562523,-1.5467590332031,4.90285644531252,11.5662170410156,18.7519775390625,22.8481384277344,26.3296142578125,25.3016906738281,17.9316345214844,12.1270385742188,7.00664672851565,1.09502563476565,8.60433101654053,5.75000143051147,8.95988368988037,9.0719518661499,7.16922044754028,13.4269037246704,12.6462287902832,15.5892772674561,13.9537343978882,5.61569166183472,21.21999168396,5.55999565124512,239533031.25,312172924.21875,426547139.0625,545454548.4375,668402592.1875,674937731.25,690961514.0625,619091015.625,495745903.125,403935187.5,254295175.78125,206033962.5,0.00263904151506722,0.00202548434026539,0.00375574850477278,0.00558143854141235,0.00804934371262789,0.012031702324748,0.0152001222595572,0.0144503600895405,0.00932302698493004,0.00588717684149742,0.00402745325118303,0.00289082177914679,"93"
"94",-4.70795288085935,-0.207556152343727,6.06267700195315,13.5753112792969,17.0045104980469,25.0219970703125,25.3117919921875,23.3117919921875,20.2126403808594,14.9918762207031,10.4855285644531,4.72139892578127,7.02833652496338,3.37962937355042,2.44999861717224,13.7761745452881,5.12669277191162,16.9978637695312,3.50568461418152,7.29597997665405,5.56598091125488,2.42186737060547,8.20847034454346,4.21999931335449,243431578.125,310721146.875,454421812.5,571786256.25,690777239.0625,689366615.625,702399726.5625,632233012.5,536324076.5625,408874753.125,266155052.34375,214272105.46875,0.00203708373010159,0.00228996062651277,0.00339848478324711,0.00551186036318541,0.00669985171407461,0.011277842335403,0.0132577745243907,0.0118236178532243,0.00874469708651304,0.00614635040983558,0.00481483153998852,0.00388438138179481,"94"
"95",-0.913397216796852,-0.00858154296872726,8.28835449218752,12.3701416015625,17.6440673828125,23.8282409667969,26.0227600097656,27.5931640625,19.2378784179688,14.3526245117188,3.8842712402344,-1.05899658203123,6.19929695129395,2.27399802207947,7.53261756896973,7.28238344192505,18.3130073547363,9.17901802062988,6.48989820480347,10.6442317962646,3.16009211540222,5.30000019073486,6.79000329971313,6.74999618530273,236242849.21875,306545850,461627901.5625,550925971.875,636124682.8125,684781045.3125,704029767.1875,638781820.3125,537905601.5625,409418085.9375,256706971.875,217150052.34375,0.00282794889062643,0.0027015816885978,0.00396172376349568,0.00582038098946214,0.0085253743454814,0.0115309823304415,0.01369284465909,0.0161089785397053,0.00822930689901114,0.00583166815340519,0.00317294476553798,0.00238900468684733,"95"
"96",-2.88303222656248,0.752252197265648,2.9357849121094,10.8186584472656,17.7947631835938,23.2924438476563,23.883447265625,25.0364318847656,19.6801086425781,14.1537109375,3.93654785156252,2.22628173828127,9.73999691009521,2.92000031471252,9.39347457885742,16.2188091278076,19.3403148651123,13.3650236129761,10.6162071228027,5.23804807662964,19.4099979400635,4.61407899856567,14.7834825515747,5.83793544769287,247220205.46875,314216739.84375,445126978.125,564036454.6875,666926071.875,696023254.6875,713005031.25,643260318.75,518540779.6875,406207659.375,257279287.5,216035775,0.00253598345443606,0.00397435110062361,0.00308493222109973,0.00506419409066439,0.00974094588309526,0.012879409827292,0.0122388200834394,0.0130137400701642,0.00970184896141291,0.00709625799208879,0.00330626359209418,0.00329769356176257,"96"
"97",-3.31497802734373,3.07198486328127,7.02382812500002,10.0880676269531,14.8667846679688,21.9154602050781,25.2472778320313,22.9781433105469,19.9148803710938,13.559228515625,4.82576904296877,1.63912353515627,10.0100011825562,8.31151676177979,11.8299942016602,4.88231563568115,12.0017862319946,7.76502466201782,1.58862578868866,7.78171157836914,3.9141993522644,3.81789612770081,4.96792984008789,3.23786282539368,247309706.25,304825696.875,446201620.3125,560091923.4375,668360067.1875,700826892.1875,718505184.375,637905206.25,522455357.8125,405944620.3125,258633464.0625,216053599.21875,0.00263816467486322,0.00304325041361153,0.00405867956578732,0.00400790944695473,0.00633702520281076,0.01242820546031,0.0137034766376019,0.012746456079185,0.0096846790984273,0.00676328828558326,0.00397406611591578,0.00305527192540467,"97"
"98",3.82247314453127,6.02620849609377,6.42241821289065,12.8452392578125,20.6326232910156,22.9150329589844,25.066552734375,25.2422424316406,22.8008972167969,14.7686706542969,8.4354187011719,3.21535644531252,6.44999742507935,3.23657703399658,13.467752456665,11.8998584747314,14.9971952438354,25.7945461273193,10.1902742385864,9.40000057220459,7.36000299453735,12.1900005340576,6.10577774047852,2.30851483345032,247413508.59375,302822929.6875,446870207.8125,563665753.125,669230775,701739871.875,715414106.25,639624937.5,518808796.875,406944000,258298263.28125,216078405.46875,0.00369650637730956,0.00364322657696903,0.0049005183391273,0.00619386928156018,0.0107681769877672,0.0129923792555928,0.0132860774174333,0.0134190879762173,0.0104583026841283,0.00699783442541957,0.00452688802033663,0.00354373408481479,"98"
"99",-1.12180175781248,3.81304321289065,4.31081542968752,13.6167541503906,19.1083618164063,24.2175231933594,27.4087768554688,23.6243225097656,20.6313110351563,13.8966003417969,10.5613952636719,2.4316345214844,15.6330108642578,8.23952007293701,3.91251277923584,10.6016664505005,9.24407577514648,6.42882299423218,7.7567138671875,3.21439790725708,1.94999945163727,4.55997705459595,1.84999394416809,6.4899959564209,247326053.90625,304948441.40625,449295778.125,561645435.9375,665545528.125,702129389.0625,712140440.625,642842114.0625,518990329.6875,405474862.5,258514221.09375,214887642.1875,0.00294587993994355,0.00320484070107341,0.00317318574525416,0.0065432395786047,0.00852099154144526,0.0124314250424504,0.0155687443912029,0.0110999615862966,0.00742395641282201,0.00603297725319862,0.00542210228741169,0.00345553294755518,"99"
"100",-1.36093749999998,4.6916442871094,9.29177246093752,11.7845703125,19.3877807617188,22.70498046875,23.9035583496094,24.3118530273438,19.4471069335938,15.2967163085938,5.97365722656252,-5.74616088867185,5.26999235153198,6.06000137329102,4.28999853134155,9.76999187469482,13.4099998474121,12.0199975967407,7.71181869506836,10.4434909820557,12.4199981689453,7.65000343322754,6.88636112213135,6.90999984741211,247380454.6875,314148353.90625,446402390.625,560426976.5625,664371028.125,699996726.5625,711552853.125,645264857.8125,518836514.0625,405914371.875,258086777.34375,214965836.71875,0.00252817408181727,0.00362344435416162,0.00419162213802338,0.00579157611355186,0.0098267300054431,0.0119500020518899,0.0133865037932992,0.0140816131606698,0.0102378213778138,0.00745436921715736,0.00399450678378344,0.00183740386273712,"100"
"101",-1.21088256835935,2.54790649414065,4.53695068359377,15.9027038574219,19.1821838378906,22.3179870605469,24.6957946777344,25.210107421875,19.3344970703125,13.4689880371094,10.9114013671875,4.27559814453127,1.88723564147949,4.77398872375488,1.81526350975037,5.01947164535522,9.70825672149658,11.4523239135742,20.8713321685791,7.06676387786865,11.3116064071655,17.4699974060059,6.88929128646851,7.63855361938477,247380454.6875,314148353.90625,446402390.625,560426976.5625,664371028.125,699996726.5625,711552853.125,645264857.8125,518836514.0625,NA,620360943.75,542768976.5625,0.0023957397788763,0.00326989288441837,0.00277995504438877,0.0070914295502007,0.00888375099748373,0.0115058561787009,0.0137986531481147,0.0149236610159278,0.00982388481497765,0.00678475620225072,0.00543163996189833,0.0039319321513176,"101"
"102",2.63228759765627,2.96199951171877,5.55962524414065,13.8250366210938,16.3618408203125,24.1765075683594,26.8994689941406,26.3831726074219,22.7613464355469,12.8937622070313,5.89995727539065,1.63778076171877,5.40974521636963,3.92063665390015,10.789999961853,13.9240961074829,18.4190635681152,7.70637607574463,4.16870594024658,3.7929425239563,9.36400604248047,6.57000303268433,7.3898811340332,7.52839612960815,247634001.5625,303822583.59375,446666104.6875,562688732.8125,666792759.375,704161729.6875,715377318.75,641556196.875,522725062.5,404692495.3125,258165815.625,215765057.8125,0.00322957918979228,0.00274845189414918,0.00414538150653243,0.0075418776832521,0.00891835335642099,0.0130374664440751,0.0148522695526481,0.0139171173796058,0.0109286466613412,0.00701123895123601,0.00420862110331655,0.00314624141901731,"102"
"103",-4.9337219238281,-2.71613159179685,7.23555908203127,13.3872009277344,17.3340698242188,21.2417846679688,24.5046325683594,25.0069213867188,19.1587463378906,13.519921875,9.4566589355469,2.26116333007815,2.9701132774353,8.15468215942383,9.59000396728516,6.67443227767944,17.7225723266602,6.39127397537231,20.1034374237061,11.5955038070679,11.3654050827026,6.62439584732056,9.39956474304199,8.55984210968018,247328078.90625,305903292.1875,445441485.9375,562984635.9375,667644356.25,700945523.4375,715070531.25,641352853.125,521525840.625,405307715.625,258123037.5,215232166.40625,0.00202310201711953,0.00257853651419282,0.00463144108653069,0.0062862834893167,0.00883058831095695,0.00991285778582096,0.0138569120317698,0.0139192584902048,0.00895934458822012,0.00621708063408732,0.00522022461518645,0.00294497539289296,"103"
"104",-2.80887451171873,1.1185241699219,8.32439575195315,13.9070678710938,20.6267639160156,22.6324096679688,23.9963623046875,22.2145629882813,21.6350646972656,14.319482421875,9.37941894531252,0.841516113281273,11.6995515823364,1.93991696834564,10.9138507843018,3.88302755355835,20.8346271514893,11.4698877334595,19.5820751190186,11.8015012741089,1.97999918460846,10.7399997711182,12.4994840621948,4.50071334838867,242196792.1875,290529428.90625,443995045.3125,549406335.9375,643734379.6875,684634443.75,703548450,620077064.0625,508085240.625,407677176.5625,250429007.8125,206714130.46875,0.00216200179420412,0.00246072397567332,0.00474814558401704,0.00585962599143386,0.0108947083353996,0.012020911090076,0.0134518165141344,0.012354739010334,0.0102050993591547,0.00697316927835345,0.00516087561845779,0.00318039790727198,"104"
"105",0.342950439453148,3.4667907714844,4.38823852539065,13.9564147949219,16.7507263183594,24.7990661621094,25.8070007324219,25.9090209960938,22.5486083984375,14.6105590820313,8.1490417480469,-1.68387451171873,11.1799974441528,6.24102449417114,2.91748881340027,11.9398241043091,6.28963565826416,9.15808963775635,7.6234335899353,10.713770866394,12.1024627685547,4.09954404830933,9.43954753875732,6.68981695175171,243914899.21875,305656642.96875,418401914.0625,560098251.5625,650774207.8125,677189531.25,685732204.6875,614214942.1875,521854860.9375,394563825,243826115.625,213946291.40625,0.00326834293082356,0.00315012014470994,0.00320195965468884,0.00624703336507082,0.0070465519092977,0.0116466525942087,0.012995065189898,0.0135903181508183,0.0108407605439425,0.00659577874466777,0.00426035141572356,0.0027709431014955,"105"
"106",5.34029541015627,1.1246276855469,6.24309692382815,15.1013427734375,17.3932434082031,22.3881469726563,25.9861083984375,25.1158081054688,18.9019714355469,12.2163330078125,8.57204589843752,4.66753540039065,8.39228820800781,4.64446353912354,16.8869609832764,8.88614654541016,10.5992021560669,13.7008295059204,9.99332809448242,7.83238792419434,8.71276569366455,13.5156126022339,9.66494274139404,12.7022285461426,243518083.59375,287922832.03125,428017204.6875,560096100,655990523.4375,685640404.6875,703224618.75,624358462.5,526129762.5,391834462.5,260896528.125,204379453.125,0.00394452456384897,0.00256760301999748,0.00403567124158144,0.00616410654038191,0.00782944168895483,0.0101725878193974,0.0139099853113294,0.0131044872105122,0.0090130316093564,0.0057290131226182,0.00454003643244505,0.00373675557784736,"106"
"107",1.2479187011719,-5.77179565429685,10.3625732421875,11.4890686035156,21.1677185058594,24.5192199707031,24.6093688964844,27.8227172851563,23.1141906738281,17.6993347167969,7.52901611328127,2.22982177734377,11.1698417663574,6.90965890884399,11.8873157501221,8.27426242828369,4.86504459381104,5.71033620834351,4.84988212585449,8.89980506896973,4.12986946105957,6.96972465515137,4.89976644515991,13.8797693252563,241523057.8125,295088041.40625,424090307.8125,560844379.6875,652600884.375,692401457.8125,688492575,610504973.4375,496631714.0625,394579307.8125,249375501.5625,212945941.40625,0.00296096783131361,0.00165349547751248,0.00534513127058744,0.00512198358774185,0.00787791423499584,0.0098869176581502,0.0101443771272898,0.013096833601594,0.00878510251641273,0.00759975239634514,0.00382024748250842,0.00339245656505227,"107"
"108",-1.0014709472656,-0.221899414062477,5.5374694824219,13.2744689941406,16.4993225097656,23.9408508300781,25.0366760253906,24.3893676757813,22.2216430664063,14.3984313964844,6.4689880371094,0.269189453125023,4.71950626373291,10.856954574585,18.9937419891357,3.96299433708191,13.8774948120117,20.4949264526367,16.3191471099854,4.53470897674561,5.2901086807251,4.94930982589722,5.10943031311035,13.8242206573486,239163700.78125,290639854.6875,435081332.8125,549658026.5625,668010712.5,700158431.25,718950093.75,625078139.0625,527499295.3125,398274510.9375,252671885.15625,205109929.6875,0.00276447948999703,0.00258465460501611,0.00372801488265395,0.00541451247408986,0.00702218944206834,0.0109654366970062,0.0122622428461909,0.0110280308872461,0.00909246038645506,0.00572217581793666,0.00349996471777558,0.00270007224753499,"108"
"109",-4.13348999023435,2.14885864257815,9.44375000000002,13.2489562988281,18.710595703125,24.1559692382813,22.8279052734375,23.9698120117188,21.4924255371094,12.0551391601563,9.8813415527344,0.583520507812523,4.36996173858643,6.65746164321899,5.90534925460815,17.7980155944824,16.3841743469238,17.0573692321777,11.7809391021729,12.6461200714111,4.77993965148926,13.9999952316284,2.94999766349792,8.26999664306641,248201191.40625,301036078.125,417987000,558508921.875,655407871.875,687248887.5,705664321.875,645405004.6875,518451468.75,407263106.25,249981503.90625,213537009.375,0.00178090611007065,0.00296088680624962,0.00407424755394459,0.00539774680510163,0.00734128709882498,0.0112323313951492,0.010771069675684,0.0119132902473211,0.00919047370553017,0.00574837857857347,0.00463416939601302,0.00257995794527233,"109"
"110",-3.9527648925781,-2.60037841796873,7.60445556640627,15.3284851074219,19.4796081542969,25.0097290039063,26.4121948242188,26.1621337890625,20.9221435546875,14.6701904296875,8.33992919921877,-2.74249877929685,5.60637283325195,4.16363334655762,7.68722772598267,8.40840816497803,16.409854888916,12.4192018508911,13.3540868759155,8.12471580505371,6.82616519927979,5.8685188293457,10.7062473297119,4.3620982170105,249039878.90625,298291021.875,447320221.875,549814331.25,658071042.1875,674570573.4375,689446181.25,616668356.25,499302857.8125,376768082.8125,254105775,206063493.75,0.00216231658123434,0.00209874357096851,0.00410710880532861,0.00651258556172252,0.00944792199879885,0.0133165130391717,0.0146313393488526,0.0145683130249381,0.00965038314461708,0.00609713466838002,0.00435958104208112,0.00227907532826066,"110"
