"","temp.Jan","temp.Feb","temp.Mar","temp.Apr","temp.May","temp.Jun","temp.Jul","temp.Aug","temp.Sep","temp.Oct","temp.Nov","temp.Dec","precip.Jan","precip.Feb","precip.Mar","precip.Apr","precip.May","precip.Jun","precip.Jul","precip.Aug","precip.Sep","precip.Oct","precip.Nov","precip.Dec","radiation.Jan","radiation.Feb","radiation.Mar","radiation.Apr","radiation.May","radiation.Jun","radiation.Jul","radiation.Aug","radiation.Sep","radiation.Oct","radiation.Nov","radiation.Dec","airhumidity.Jan","airhumidity.Feb","airhumidity.Mar","airhumidity.Apr","airhumidity.May","airhumidity.Jun","airhumidity.Jul","airhumidity.Aug","airhumidity.Sep","airhumidity.Oct","airhumidity.Nov","airhumidity.Dec"
"1",-8.26383056640623,-10.0658325195312,-5.44037475585935,-0.573980712890602,7.4340759277344,10.0146118164063,16.7280822753906,14.2608276367188,8.41146240234377,4.52800903320315,0.175866699218773,-7.80356445312498,2.37999534606934,2.18040370941162,3.18012189865112,2.72556710243225,4.88028287887573,4.51285266876221,1.17000246047974,4.34000968933105,2.0100085735321,3.15998387336731,1.25999903678894,2.00000095367432,265343554.6875,313588335.9375,466692806.25,563952501.5625,665465118.75,713262375,744195768.75,643840101.5625,548498629.6875,418936260.9375,287452567.96875,228473282.8125,0.000918515142984688,0.000311213545501232,0.000796074862591922,0.000993182766251266,0.00275430059991777,0.00309624313376844,0.00530893029645085,0.00474817911162972,0.0030268335249275,0.00219840533100069,0.000858163053635508,0.000983920996077359
"2",-8.42413940429685,-5.40778198242185,-5.42828979492185,0.909356689453148,6.95180664062502,11.6704040527344,13.1556335449219,14.0584350585938,7.91643676757815,4.60701904296877,-2.2966369628906,-7.0035461425781,1.32999897003174,1.95040440559387,2.12685251235962,2.44527792930603,2.27231454849243,2.31121826171875,3.37000036239624,2.14000582695007,5.25001001358032,2.45998907089233,2.60000133514404,2.66000270843506,264158845.3125,308171144.53125,458285259.375,576646045.3125,668916942.1875,720546384.375,729732206.25,659512167.1875,556352001.5625,418157057.8125,276231009.375,225423696.09375,0.000677672796882689,0.00074162904638797,0.0012824865989387,0.000994979520328343,0.00299428263679147,0.00272004632279277,0.0041387933306396,0.00455664889886975,0.00198012706823647,0.001835499657318,0.00097571115475148,0.000430320913437754
"3",-7.10971679687498,-14.5247863769531,-5.33395996093748,0.292535400390648,4.35347900390627,9.29793701171877,14.0498901367188,14.2551818847656,7.71221313476565,3.9183288574219,-1.59073486328123,-5.60355224609373,1.71999752521515,1.75720345973969,3.19720005989075,3.21848821640015,4.47119855880737,3.50667762756348,3.54000067710876,3.23001885414124,3.40000176429749,2.94998931884766,2.90999794006348,1.05000007152557,254332933.59375,307902030.46875,453616537.5,557480559.375,656387803.125,670258209.375,717509643.75,660705060.9375,528481082.8125,430317267.1875,285924410.15625,238869675,0.00128469825722277,0.000250895303906873,0.000856860599014908,0.000986898667179048,0.00190429436042905,0.00308648776262999,0.00401014555245638,0.00369506329298019,0.0019729295745492,0.00122261047363281,0.000617225072346628,0.0012916378909722
"4",-9.30988159179685,-4.49152221679685,-2.95062866210935,1.26455078125002,5.56975708007815,9.15828857421877,12.6928649902344,13.4855285644531,9.62331542968752,4.14290771484377,-0.274481201171852,-5.93344726562498,1.36999845504761,2.11999940872192,3.27000188827515,2.64999985694885,6.26890516281128,5.75176477432251,3.59000015258789,3.03999805450439,3.63999938964844,1.99999356269836,0.0800002738833427,1.25000154972076,264556167.1875,325253960.15625,483765243.75,575214075,644664023.4375,686239003.125,718336856.25,656933498.4375,552105407.8125,419454407.8125,303422709.375,234590786.71875,0.000554487109184265,0.000619216414634138,0.00110093480907381,0.00117531057912856,0.00220767664723098,0.00283694919198751,0.00412745540961623,0.00351651525124907,0.00315126753412187,0.00219926075078547,0.00103399169165641,0.000798049673903733
"5",-8.77591552734373,-12.0149597167969,-1.76862182617185,-0.403936767578102,4.07363281250002,11.4712463378906,13.0595642089844,14.4721313476563,9.9697204589844,1.1392761230469,-1.80661621093748,-7.7036193847656,2.50999879837036,2.0700044631958,2.91477203369141,3.89504528045654,5.84612131118774,1.16557157039642,4.94000816345215,2.25000476837158,3.12000298500061,2.82999205589294,0.680000066757202,0.420000046491623,252998985.9375,310186504.6875,455254340.625,551998546.875,626785889.0625,700805967.1875,709416984.375,658421114.0625,542587950,411053146.875,278063824.21875,241226226.5625,0.000490417936816812,0.000258959626080468,0.00177115155383945,0.00129120156634599,0.00190581509377807,0.00327023561112583,0.00401055254042149,0.00376815651543438,0.00374903623014688,0.000989653635770082,0.00128304248210043,0.000860866857692599
"6",-6.74527587890623,-6.3238586425781,-8.1016906738281,1.4969421386719,6.04372558593752,9.7820983886719,12.6531921386719,13.2737365722656,8.99056396484377,2.6086364746094,-4.05240478515623,-3.5035461425781,3.07999706268311,1.44440233707428,4.35997915267944,6.65927457809448,4.64263963699341,4.40326833724976,6.8100004196167,4.54000902175903,4.9400110244751,3.90999007225037,2.3899998664856,1.96999931335449,271691275.78125,323387711.71875,458787585.9375,556614829.6875,648495534.375,711643387.5,703930035.9375,638828985.9375,513460518.75,406490315.625,267482967.1875,224453341.40625,0.00098314241040498,0.000735180743504316,0.000560832268092781,0.00220479280687869,0.00190328061580658,0.00296494155190885,0.00413187174126506,0.00351814040914178,0.00313803600147367,0.00122351106256247,0.000678473967127502,0.00135319482069463
"7",-7.0169738769531,-3.08637084960935,-0.772711181640602,0.0818725585937727,2.86556396484377,9.2971130371094,13.9450012207031,13.5737854003906,9.3056579589844,4.69893798828127,-3.1875061035156,-6.80356445312498,1.86999893188477,2.27240371704102,2.21671223640442,3.7404043674469,5.76348304748535,2.8292498588562,5.03000736236572,3.71001482009888,2.01000761985779,0.669999182224274,1.31000101566315,2.12999987602234,257516613.28125,313675157.8125,471294365.625,562922156.25,629051146.875,689687325,721474678.125,648968498.4375,542275467.1875,424972321.875,290701764.84375,235958610.9375,0.000682206824421883,0.00129358400590718,0.0017091209301725,0.00110860622953624,0.00190328061580658,0.00296401302330196,0.00400892458856106,0.00350975734181702,0.00185614067595452,0.00171126332134008,0.000800077221356332,0.00135319482069463
"8",-7.6462463378906,-7.2622131347656,-2.34418334960935,2.64376220703127,4.48177490234377,9.56084594726565,13.3806701660156,12.6960083007813,10.0991455078125,1.72207031250002,-5.24698486328123,-7.63348999023435,1.57999885082245,2.43999814987183,1.39000189304352,1.18000054359436,7.83058547973633,2.20998930931091,7.03000116348267,6.47003889083862,2.54000568389893,2.84999132156372,2.20000171661377,2.3299994468689,266582264.0625,334404618.75,483841392.1875,593780751.5625,663264196.875,708531553.125,716545068.75,633610012.5,554724787.5,400342331.25,282935404.6875,237363412.5,0.000922514009289443,0.000800091831479222,0.0009788564639166,0.00111238320823759,0.00190576678141952,0.00295911822468042,0.00412745540961623,0.00351457064971328,0.00283005530945957,0.000985037535429001,0.000974671274889261,0.000920895312447101
"9",-5.47092285156248,-8.1872619628906,-5.9492248535156,-2.1899475097656,3.9720397949219,11.1912475585938,15.1467529296875,14.9624572753906,9.3048034667969,4.62154541015627,-0.557379150390602,-12.5035461425781,2.75999665260315,2.79680490493774,3.43956112861633,3.98203349113464,4.21106147766113,2.67981672286987,4.55000972747803,6.32003879547119,3.5,1.42999613285065,2.75,2.56000232696533,255765663.28125,317828517.1875,462589776.5625,560108460.9375,666124087.5,704110514.0625,727356796.875,627185953.125,516480468.75,434507667.1875,273389132.8125,228196047.65625,0.000800854060798883,0.000856968748848885,0.000552977900952101,0.000986898667179048,0.00190581509377807,0.00327116413973272,0.00414001569151878,0.00474977726116776,0.00325789744965732,0.000987851177342236,0.00115592440124601,0.000122925892355852
"10",-8.36051025390623,-9.71762695312498,0.246667480468773,3.4777770996094,5.76632080078127,12.2771240234375,14.5377746582031,13.2842346191406,10.2989440917969,4.93123779296877,0.985131835937523,-5.9035705566406,1.67999768257141,2.50240635871887,2.17920708656311,2.65791153907776,5.36886358261108,3.0284948348999,5.85000371932983,1.08000266551971,2.87000441551208,3.08998537063599,1.30000066757202,1.67000043392181,257445949.21875,318093454.6875,497180531.25,592980539.0625,661198654.6875,749837671.875,744009300,673958432.8125,545725898.4375,444401817.1875,278375779.6875,234017985.9375,0.00085691298590973,0.000258959626080468,0.00177468580659479,0.00184013089165092,0.00202465592883527,0.00296865683048964,0.00462302984669805,0.0033951576333493,0.00314163416624069,0.00152989837806672,0.000857255596201867,0.000860866857692599
"11",-5.08148803710935,-9.0390686035156,-1.45969238281248,1.00441894531252,6.46392211914065,12.6645751953125,13.447412109375,13.3826232910156,10.1755920410156,2.00786743164065,-4.79828491210935,-9.70364990234373,2.7899956703186,2.2448034286499,1.56898236274719,3.74040389060974,1.18032968044281,3.67603421211243,5.99000406265259,3.18001914024353,2.09000825881958,2.95998883247375,1.63999903202057,2.04000043869019,257654081.25,305529827.34375,467462306.25,574610920.3125,672606618.75,718618331.25,717267909.375,669010218.75,528008920.3125,408169462.5,276861860.15625,231522911.71875,0.000795819039922208,0.000258959626080468,0.00176918902434409,0.000986898667179048,0.00191291701048613,0.004128263797611,0.00400811107829213,0.0033979550935328,0.00356482504867017,0.000977042247541249,0.000427608931204304,0.000307349167997018
"12",-8.16156616210935,-9.68198242187498,-7.03537597656248,-0.920385742187477,5.17775878906252,9.75921020507815,13.3847290039063,13.1548095703125,5.54677734375002,2.83895263671877,-2.0893615722656,-9.53348388671873,2.17999744415283,3.55999755859375,3.86999917030334,4.13000059127808,3.10570621490479,3.42596673965454,7.3799991607666,4.39001083374023,5.04001092910767,2.13999724388123,2.30000185966492,1.89999914169312,260542617.1875,315910947.65625,451063434.375,551432390.625,646974042.1875,699594215.625,690774834.375,632438170.3125,507359742.1875,405281221.875,280206885.9375,231540989.0625,6.70483932481147e-05,0.000734637142159045,0.00055331620387733,0.00123493582941592,0.00190576678141952,0.00295911822468042,0.00412745540961623,0.00350912939757109,0.0019711737986654,0.000985037535429001,0.000978570315055549,0.00135100004263222
"13",-9.1702941894531,-11.7533325195312,-5.72025146484373,1.60274658203127,6.85189208984377,11.5753723144531,13.6564270019531,14.6527648925781,7.79818115234377,2.34505615234377,0.0467468261718977,-11.4035400390625,2.36999535560608,2.12520360946655,1.06387364864349,1.88469958305359,1.74495315551758,3.99482154846191,7.8599967956543,3.90001392364502,5.11001062393188,2.9199903011322,2.39999961853027,1.67000043392181,259857808.59375,308135348.4375,466323243.75,575047096.875,658115718.75,696004523.4375,722276746.875,665997525,528075196.875,397053857.8125,270893700,231938669.53125,6.30476351943798e-05,0.000248209194978699,0.000554940314032137,0.00129344500601292,0.00221486575901508,0.00394525518640876,0.00414246134459972,0.00511100003495812,0.00197005202062428,0.000995062640868127,0.00164954189676791,0.00104545534122735
"14",-6.36856689453123,-8.76581420898435,-4.13397827148435,1.50692138671877,7.24941406250002,11.6820922851563,14.5418029785156,13.7834106445313,10.6972290039063,5.12960205078127,0.942620849609398,-11.0035461425781,2.63999772071838,2.01480436325073,2.15846610069275,4.1366720199585,5.92042207717896,2.5104603767395,4.90000820159912,4.70000696182251,0.920001447200775,4.3399920463562,0.789998829364777,1.74999952316284,258102914.0625,312497198.4375,478332970.3125,554408170.3125,643040395.3125,707682993.75,717160753.125,665021221.875,565296932.8125,413091225,309037865.625,232493203.125,0.00128469825722277,0.000248209194978699,0.000556903542019427,0.00160100415814668,0.00263687339611351,0.00358400237746537,0.00499342102557421,0.00357844075188041,0.00296548125334084,0.00221012136898935,0.00164273893460631,0.000122925892355852
"15",-9.12433471679685,-6.1131652832031,-6.7000793457031,3.0660339355469,3.9510437011719,8.59038696289065,12.4385620117188,11.2825866699219,8.11385498046877,4.51189575195315,-1.80328979492185,-7.30356445312498,1.49999713897705,1.67440390586853,3.64752292633057,4.27198457717896,6.05270528793335,3.50667762756348,3.21000075340271,3.91001391410828,4.31001472473145,3.04998660087585,1.22000014781952,2.52000212669373,266567097.65625,305696784.375,446083453.125,554540428.125,631182585.9375,693044015.625,721035506.25,647571079.6875,516413728.125,431346220.3125,271111746.09375,234295242.1875,0.000681199016980827,0.00116259383503348,0.000683157937601209,0.00232758023776114,0.00202465592883527,0.00295937317423522,0.00339365308173001,0.00339036574587226,0.00240198662504554,0.00123432325199246,0.00140791363082826,0.0012916378909722
"16",-10.8122924804687,-6.26047363281248,-1.16190185546873,1.66457519531252,5.98418579101565,11.3666015625,15.862939453125,12.9887329101563,9.52178344726565,3.8059020996094,-5.17276611328123,-10.6335205078125,3.38999485969543,2.43999814987183,3.32000160217285,2.1800000667572,3.74514150619507,0.559735655784607,5.25000667572021,4.27001142501831,1.95000946521759,3.40998959541321,2.26000237464905,2.97000217437744,260605223.4375,327062960.15625,475702453.125,560811726.5625,661798265.625,743727487.5,728669334.375,627837328.125,550163137.5,399282285.9375,288011531.25,233065877.34375,6.60457299090922e-05,0.000619216414634138,0.00110122398473322,0.00123427470680326,0.00178455153945833,0.00296488311141729,0.00486442493274808,0.00350912939757109,0.0019711737986654,0.000977159827016294,0.000484129937831312,0.000122726472909562
"17",-10.4273742675781,-7.8176330566406,-8.92343749999998,-2.0030578613281,2.5800720214844,10.8021179199219,16.0224243164063,12.8882690429688,10.3822875976563,3.04656372070315,1.0084167480469,-3.10355224609373,1.91999793052673,1.45360255241394,3.50802779197693,4.91955184936523,8.12684631347656,0.488145262002945,2.31000447273254,2.21000504493713,1.6100013256073,2.13999700546265,1.89999973773956,1.78999972343445,270911608.59375,308149439.0625,456539371.875,543187434.375,606662704.6875,730351096.875,736589025,663313640.625,542372962.5,429312023.4375,283822713.28125,232077339.84375,0.000307231966871768,0.000248209194978699,0.000552977900952101,0.000986898667179048,0.00190024042967707,0.00260087638162076,0.00456232903525233,0.00351853971369565,0.00319652515463531,0.000995062640868127,0.00164908810984343,0.000983920996077359
"18",-10.3185791015625,-6.55692138671873,-0.982275390624977,-1.2723449707031,6.97115478515627,14.0662475585938,15.0434204101563,14.4624572753906,8.8156677246094,5.37801513671877,-5.08072509765623,-7.90354003906248,2.95999503135681,2.34600353240967,2.5683217048645,4.28164863586426,2.08787870407104,3.19785141944885,7.01000022888184,3.05999851226807,5.4100079536438,2.64999675750732,2.35000038146973,2.22999978065491,254954988.28125,315948789.84375,472052475,542066006.25,658803206.25,731897268.75,707816137.5,661923646.875,515864489.0625,392030592.1875,278677884.375,226394050.78125,0.000803876842837781,0.00123319332487881,0.00176918902434409,0.000989142223261297,0.00221689604222775,0.00419051526114345,0.00413268571719527,0.00363435386680067,0.00210701278410852,0.00219660368748009,0.000734281609766185,0.000676319759804755
"19",-6.66303100585935,-8.37116088867185,-4.33075561523435,1.70351562500002,7.05422363281252,12.0970397949219,16.7385803222656,15.5754028320313,11.4630981445313,1.81197509765627,-4.4848693847656,-7.80356445312498,0.919999480247498,2.05160331726074,2.66102480888367,2.80288672447205,0.994271397590637,1.53417181968689,4.94000816345215,2.24000453948975,3.07000279426575,2.7299952507019,3.33999705314636,1.89999902248383,267543105.46875,308736351.5625,467990746.875,556459875,678399679.6875,762409293.75,720019546.875,678743128.125,524261025,388336865.625,265711366.40625,238176555.46875,0.00073674350278452,0.000491658633109182,0.000553370278794318,0.00104819901753217,0.00197005039080977,0.00370982335880399,0.00542392721399665,0.00352213671430945,0.00374903623014688,0.000977042247541249,0.000426702259574085,0.000184395728865638
"20",-6.15915527343748,-7.38883056640623,-5.57163085937498,-3.88870849609373,5.97695312500002,10.4600158691406,14.1711059570313,12.2870422363281,8.62420043945315,3.2164245605469,-4.4569152832031,-8.03348388671873,2.02999877929688,2.27999901771545,2.24000644683838,6.72999858856201,4.1147928237915,2.4609043598175,3.37000107765198,3.99001383781433,2.21000814437866,4.22999477386475,1.62999939918518,2.43000435829163,261483145.3125,317090974.21875,462096731.25,527324259.375,631976385.9375,695007210.9375,735226031.25,637164351.5625,530539495.3125,400062079.6875,262344972.65625,229045598.4375,0.000619574740994722,0.00109917507506907,0.000552160199731588,0.000992163550108671,0.00233016582205892,0.00296103931032121,0.00437391176819801,0.00363636575639248,0.00265661999583244,0.00188888772390783,0.000607711437623948,0.000429622741648927
"21",-7.0476135253906,-6.86044921874998,-1.67108764648435,-0.582312011718727,6.45745239257815,11.8803649902344,14.5402160644531,13.5786071777344,9.9147888183594,6.4102722167969,-0.0957092285156023,-4.70358886718748,2.42999529838562,2.17120361328125,1.87628149986267,4.30097913742065,3.66434788703918,4.47300434112549,6.44000291824341,3.53001618385315,1.44000208377838,1.13999688625336,1.96999883651733,2.7300021648407,257099568.75,315772003.125,472938328.125,558634176.5625,643747120.3125,701324873.4375,713989012.5,635662350,553912214.0625,431323312.5,278849313.28125,226809829.6875,0.00104324298445135,0.000619858969002962,0.0012824865989387,0.000995878013782203,0.0031264703720808,0.00400656228885055,0.00413553509861231,0.00406979210674763,0.0028363058809191,0.0016496031312272,0.000738365226425231,0.00123008515220135
"22",-9.94672241210935,-9.6622375488281,-4.6492980957031,-0.883947753906227,5.96953735351565,12.8679138183594,14.0563293457031,15.0737854003906,10.7873168945313,3.9925476074219,-4.66666259765623,-5.80356445312498,2.04999899864197,2.76920485496521,3.01701474189758,5.54778289794922,3.43496751785278,1.33492720127106,2.27000522613525,5.8999981880188,1.06000423431396,1.87999725341797,2.81999897956848,2.19999980926514,263210765.625,314556075,477896625,546377400,645747525,741650006.25,733291143.75,648127153.125,554322487.5,436117162.5,271351835.15625,230829792.1875,0.000307231966871768,0.000248209194978699,0.00055572553537786,0.00142193376086652,0.00312799285165966,0.00418773107230663,0.00377204548567533,0.00487256096675992,0.00320012215524912,0.00129505095537752,0.00140110857319087,0.000368832872482017
"23",-5.68967285156248,-10.6836608886719,-8.01621093749998,-0.192449951171852,5.6501403808594,10.1945739746094,14.5337463378906,12.7697082519531,7.97725830078127,0.0449768066406477,-2.20749511718748,-8.2036193847656,2.37999534606934,2.19880342483521,3.73745632171631,2.19398260116577,3.59216713905334,3.68599581718445,6.67000007629395,5.12000417709351,4.82001256942749,3.84999179840088,1.02999889850616,2.28999948501587,257941863.28125,319342964.0625,473303798.4375,562797703.125,641114493.75,693161803.125,704926715.625,626401012.5,514069706.25,378846407.8125,275748679.6875,239008324.21875,0.00110133469570428,0.000248209194978699,0.000554547819774598,0.00123392220120877,0.0023929460439831,0.0034614538308233,0.00499382801353931,0.00364154041744769,0.00319652515463531,0.000995062640868127,0.00165181118063629,0.00135319482069463
"24",-10.1099609375,-5.33978881835935,-9.30948486328123,-0.0346130371093523,4.39956054687502,11.6483093261719,13.9896484375,14.3621154785156,7.63579711914065,3.63567504882815,-1.69855346679685,-10.2335876464844,1.83999800682068,2.5199978351593,2.97000312805176,2.12000036239624,5.47369813919067,0.405325800180435,2.25000476837158,0.63000100851059,4.58001327514648,3.12998366355896,1.54999792575836,3.06000161170959,266024017.96875,321308796.09375,448164267.1875,564895771.875,655414157.8125,733815534.375,739739587.5,687972867.1875,540309107.8125,404800537.5,280028538.28125,230847827.34375,0.000252687052125111,0.00103840732481331,0.000552160199731588,0.00098786607850343,0.00154217390809208,0.00295719807036221,0.00388587662018836,0.00406687892973423,0.00265804585069418,0.00201321975328028,0.000786162214353681,0.000122726472909562
"25",-8.8161682128906,-4.78815307617185,-2.6372131347656,2.59856567382815,7.34060058593752,10.6928955078125,14.8288818359375,12.4826293945313,9.28399047851565,2.1207214355469,-3.09323730468748,-7.4035705566406,1.77999651432037,1.78480279445648,1.50123059749603,3.08317613601685,3.04916620254517,3.85535144805908,5.78000402450562,4.79000759124756,3.99001669883728,3.92999005317688,2.33000087738037,2.31999945640564,259582408.59375,309810318.75,475436123.4375,569409960.9375,657019307.8125,703329665.625,708831843.75,630953507.8125,515064445.3125,382815407.8125,272594573.4375,228750496.875,0.000193188461707905,0.00122781621757895,0.00116871122736484,0.00221152603626251,0.00282012159004807,0.00370006659068167,0.00413187174126506,0.00352173717692494,0.00368762761354446,0.00097884307615459,0.000554619182366878,0.00104545534122735
"26",-9.61624755859373,-5.6042541503906,-5.22748413085935,1.20351562500002,6.54778442382815,10.7787719726563,13.2506652832031,13.5673461914063,8.51308593750002,4.8111511230469,-1.61737670898435,-8.8035949707031,2.19999742507935,2.17120361328125,2.86001682281494,5.1708459854126,6.63353681564331,2.88902235031128,3.36000037193298,3.59001636505127,1.29000329971313,2.74999403953552,1.48999881744385,2.12999987602234,259314855.46875,311312531.25,455564165.625,569175735.9375,644838131.25,715187981.25,713662228.125,659116364.0625,540522365.625,426933914.0625,257525261.71875,226948521.09375,0.000683718826621771,0.00147048174403608,0.00104159954935312,0.00135970744304359,0.00293757463805377,0.00320990919135511,0.00413594208657742,0.00412693899124861,0.0021683017257601,0.00220200908370316,0.00109962793067098,0.000737830763682723
"27",-6.44672241210935,-6.20242919921873,-5.62833251953123,0.706842041015648,6.44536743164065,10.3861938476563,13.7296997070313,11.4842163085938,8.51140747070315,4.62557373046877,-0.0473693847656023,-10.8035949707031,2.15999794006348,1.64680373668671,3.70661330223083,4.93888092041016,2.49025893211365,5.04084444046021,5.36000633239746,4.55000877380371,3.77999973297119,3.52998685836792,1.92999935150146,1.28000116348267,264359721.09375,310325301.5625,452752579.6875,557543039.0625,660063473.4375,689621850,717720750,631077075,505689539.0625,424684603.125,262505264.0625,232493203.125,0.00092758156824857,0.00141276535578072,0.00140884658321738,0.00171876302920282,0.00208535068668425,0.00296587008051574,0.00425402401015162,0.00339675601571798,0.00339505216106772,0.00220921984873712,0.00158187071792781,0.000122925892355852
"28",-6.0703186035156,-8.66388549804685,-3.96115722656248,-1.00461425781248,6.9527526855469,8.47005615234377,13.381494140625,12.7886291503906,9.32839355468752,4.4188171386719,-2.97604980468748,-8.8335021972656,1.60999846458435,2.53999781608582,3.33000111579895,2.16000056266785,6.35436153411865,6.15709018707275,6.20000267028809,2.27000427246094,1.12000453472137,3.30999255180359,2.62000250816345,1.12000000476837,258865980.46875,324231820.3125,459056067.1875,562467248.4375,637670306.25,688782487.5,719350790.625,664518642.1875,553150814.0625,396852581.25,258104411.71875,234452158.59375,0.00128920027054846,0.000804803683422506,0.00140490860212594,0.00105773017276078,0.00311892270110548,0.00295911822468042,0.00412745540961623,0.00350912939757109,0.00197758432477713,0.00153274042531848,0.00109498656820506,0.000859470572322607
"29",-9.8734191894531,-12.8443969726562,-5.84042968749998,-0.990545654296852,5.06154785156252,10.9929138183594,15.142724609375,14.4535766601563,7.71221313476565,3.86834106445315,-7.73660888671873,-5.30356445312498,2.04999876022339,1.77560305595398,4.4415864944458,4.60060262680054,4.57704925537109,2.74955177307129,6.48000240325928,5.92999744415283,5.56000804901123,3.7099826335907,2.42999958992004,1.62000048160553,258039843.75,308876013.28125,445345931.25,546081032.8125,648434067.1875,730296759.375,711600103.125,641217431.25,503043918.75,400268714.0625,266617680.46875,235542832.03125,6.30476351943798e-05,0.000253582402365282,0.00116399710532278,0.00147383788134903,0.00190328061580658,0.00296958582475781,0.00475502293556929,0.00474458560347557,0.00247481768019497,0.00219300156459212,0.000496102613396943,0.00135319482069463
"30",-12.9790405273437,-4.42117919921873,-5.89682617187498,4.26253662109377,4.76876220703127,11.5878540039063,15.1362548828125,13.6712890625,9.09383544921877,3.11348876953127,-3.00739135742185,-9.0035461425781,2.55999875068665,1.64680361747742,2.58599662780762,2.45494294166565,4.93826770782471,1.56405830383301,3.77999925613403,6.60003709793091,2.45000624656677,3.09998559951782,2.26000213623047,2.21999955177307,266874032.8125,306011460.9375,463116487.5,572739018.75,648276201.5625,743968715.625,722207728.125,624341081.25,538302375,408803625,282940825.78125,242473732.03125,7.31213585822843e-05,0.00146994437091053,0.00098629982676357,0.00220479280687869,0.00190328061580658,0.00297051528468728,0.00487808277830482,0.00474817911162972,0.00301675382070243,0.00134407100267708,0.000615409691818058,0.00104545534122735
"31",-7.2291320800781,-4.81851806640623,-6.02426757812498,0.794213867187523,5.07845458984377,13.08291015625,16.0313049316406,13.985009765625,11.0921875,4.88930664062502,-4.18417968749998,-7.4035705566406,1.18999803066254,2.17120361328125,3.28238153457642,2.56126070022583,3.50991249084473,2.84917402267456,4.3700098991394,3.27001857757568,1.99000835418701,2.00998783111572,2.20000123977661,1.59000015258789,271489935.9375,306677622.65625,468523912.5,569597357.8125,667295170.3125,722326950,734807025,658795190.625,527040000,405320878.125,277337798.4375,237899341.40625,0.00111140834633261,0.00146833236794919,0.000798822555225343,0.00141340296249837,0.00197563250549138,0.0043786889873445,0.00468698842450976,0.00376815651543438,0.003761992091313,0.00207861978560686,0.000979793490841985,0.000983920996077359
"32",-10.9057373046875,-5.6302551269531,-8.50632324218748,1.17708740234377,6.96807250976565,10.3699279785156,15.2807861328125,14.5765930175781,9.61248168945315,2.84456787109377,-1.41940917968748,-12.4334167480469,1.92999744415283,2.66999912261963,3.85999917984009,5.05999946594238,3.73692417144775,3.75408697128296,3.48000073432922,2.69000124931335,1.39000248908997,2.04999947547913,1.24999976158142,1.77999985218048,259590107.8125,322160920.3125,463063246.875,561750904.6875,655195120.3125,696817054.6875,720829125,655277807.8125,561292579.6875,410170795.3125,275692042.96875,232234087.5,0.000802327122073621,0.00103840732481331,0.000556786602828652,0.00197427184320986,0.00257640401832759,0.00333005795255303,0.0046884217299521,0.00467801420018077,0.00197046203538775,0.000928363879211247,0.00120975321624428,0.000184096541488543
"33",-6.78800048828123,-11.530126953125,-2.96292724609373,-0.892279052734352,4.98574218750002,13.8803955078125,16.5224243164063,13.3939147949219,11.6046997070313,6.91188964843752,0.624261474609398,-1.60355224609373,1.54999947547913,1.8952043056488,2.34910988807678,4.44595527648926,4.36364841461182,1.21538197994232,1.60000085830688,3.60001611709595,3.19000148773193,0.0600001476705074,1.63999915122986,2.98000168800354,264655117.96875,317314441.40625,465072046.875,553659637.5,641078929.6875,735283490.625,730001109.375,632735634.375,542793782.8125,448863609.375,284778892.96875,231522911.71875,0.00091801182134077,0.000254657526966184,0.0012824865989387,0.000987347331829369,0.00197410979308188,0.00419980799779296,0.00536235235631466,0.00352093763649464,0.00357130100019276,0.00154071301221848,0.00159094308037311,0.00135319482069463
"34",-4.9434875488281,-4.2783264160156,-1.04682006835935,3.01943359375002,10.2300354003906,12.2946105957031,16.6354614257813,15.0544067382813,8.43062744140627,6.8030944824219,-0.603216552734352,-6.10355224609373,1.87999868392944,2.01480436325073,2.12975645065308,3.82738971710205,3.38141465187073,2.84917402267456,4.70000839233398,3.35001802444458,3.3100004196167,0.260000020265579,1.58999741077423,2.11000037193298,262163798.4375,308523810.9375,476972760.9375,575071143.75,678611250,730416656.25,739980478.125,663885239.0625,550298306.25,431963128.125,276135918.75,228196047.65625,0.00129628425929695,0.00165656046010554,0.00141081097535789,0.00203097192570567,0.00312291900627315,0.0035867914557457,0.00537008885294199,0.00467980559915304,0.00198444817215204,0.00221012136898935,0.00164727331139147,0.000737830763682723
"35",-4.75494995117185,-5.49075927734373,-3.65009155273435,-0.0155700683593523,3.07683715820315,10.8962036132813,15.4410034179688,14.5705505371094,9.8906188964844,3.50789794921877,-3.2874816894531,-6.9035705566406,1.629998087883,1.0488018989563,2.02747750282288,5.80874347686768,8.617844581604,2.24148344993591,3.41000056266785,3.64001536369324,3.12000274658203,2.45998883247375,1.52999794483185,1.82999968528748,272002176.5625,323803279.6875,470702812.5,545877098.4375,600196415.625,716406018.75,732736293.75,641766079.6875,541029839.0625,422598600,264722006.25,237344786.71875,0.00086597865447402,0.00135021505411714,0.00122245401144028,0.00110860622953624,0.00190429436042905,0.00309670809656382,0.00536723714321852,0.00425362586975098,0.00271003250963986,0.00134136970154941,0.000435321271652356,0.00135319482069463
"36",-8.65753784179685,-9.65439453124998,-3.84097900390623,1.5854431152344,8.3793884277344,13.1549621582031,16.2751403808594,14.8726135253906,9.4143005371094,2.83977661132815,-1.95773925781248,-5.63348999023435,2.29999589920044,1.84999859333038,3.52000522613525,3.54999828338623,2.28196811676025,5.35608530044556,3.47000098228455,4.27001142501831,2.0800085067749,3.11998391151428,1.67999839782715,2.09000015258789,254513854.6875,321731198.4375,471849131.25,569768428.125,671703764.0625,717998765.625,726810721.875,638897878.125,539781975,408614076.5625,289368766.40625,228907054.6875,0.000551480043213814,0.000252204423304647,0.000857374747283757,0.00118027371354401,0.00313525530509651,0.00462461356073618,0.00597986299544573,0.0047465767711401,0.00308416318148375,0.00170980824623257,0.00079673994332552,0.00128954206593335
"37",-14.0016540527344,-8.1810363769531,-5.23636474609373,0.117730712890648,7.14046630859377,10.4954162597656,14.9538513183594,15.6689086914063,10.7972961425781,5.2070251464844,-1.69501342773435,-6.2036193847656,2.2299964427948,1.88600468635559,3.3516092300415,4.04002237319946,5.14534044265747,6.63479328155518,6.70000076293945,4.11001205444336,1.92000043392181,2.84999179840088,2.58000183105469,2.33999943733215,264442514.0625,314396395.3125,459716132.8125,560310960.9375,658227600,701794715.625,717185475,665653275,545151093.75,417478556.25,268858532.8125,227918770.3125,6.60681689623743e-05,0.000613410607911646,0.00055572553537786,0.00142058590427041,0.00293757463805377,0.00321920122951269,0.0053737573325634,0.00524262571707368,0.00326725258491933,0.00177472992800176,0.000980247277766466,0.00104545534122735
"38",-6.84357299804685,-6.1783508300781,-2.94357910156248,1.49111328125002,5.36556396484377,11.7795959472656,14.35390625,15.0737854003906,10.8006225585938,5.57637939453127,-5.06989135742185,-6.60355224609373,2.65999698638916,1.45360267162323,3.8204402923584,6.14702177047729,6.91821622848511,4.97111034393311,5.83000469207764,3.33001804351807,3.33000111579895,2.49998807907104,2.41000008583069,2.68000245094299,254860382.8125,310972858.59375,447487200,568169521.875,628407998.4375,699467442.1875,727178428.125,658122384.375,530746467.1875,422813798.4375,272476132.03125,230552535.9375,0.00128872587811202,0.000744317600037903,0.00159056752454489,0.00160190230235457,0.00276190834119916,0.00400888407602906,0.00444664945825934,0.00462740752846003,0.00339505216106772,0.00219210120849311,0.000435321271652356,0.00135319482069463
"39",-6.69205322265623,-11.9291748046875,-3.23557128906248,2.20684204101565,7.93972167968752,11.1962524414063,15.7329040527344,13.8850646972656,10.9897399902344,4.52398071289065,-0.273291015624977,-2.2036193847656,2.59999775886536,2.00560426712036,2.7847626209259,3.51810574531555,3.56407022476196,1.49432301521301,1.28000175952911,1.52999937534332,4.12001514434814,2.08999800682068,0.439999431371689,1.32000148296356,254750231.25,313471181.25,470572242.1875,571546800,677632246.875,722826365.625,761172018.75,685380740.625,549277917.1875,427901442.1875,319829027.34375,244553006.25,0.00128469825722277,0.000252507452387363,0.00104238488711417,0.00148281722795218,0.00311784911900759,0.00297237420454621,0.00511610927060246,0.00351853971369565,0.00320012215524912,0.00129144580569118,0.00116499676369131,0.00135319482069463
"40",-10.0163330078125,-5.96994628906248,-1.96030273437498,1.0845886230469,7.78176269531252,12.8524108886719,15.6711059570313,13.7902465820313,10.5301147460938,5.79619750976565,-4.3319152832031,-4.93344726562498,3.01999354362488,2.88999795913696,2.97000312805176,3.68999743461609,3.14108538627625,2.69251871109009,5.72000503540039,2.69000148773193,4.24001502990723,2.31999206542969,1.7799973487854,1.41000092029572,254466984.375,311734364.0625,468179451.5625,558805204.6875,666605657.8125,734353509.375,724217878.125,673270650,510746470.3125,421729410.9375,270876086.71875,227104867.96875,0.000313740019919351,0.00104378978721797,0.00104061618912965,0.00129820220172405,0.00227859313599765,0.00388558092527092,0.00536178378388286,0.00432115932926536,0.00394990434870124,0.00218941364437342,0.000434871762990952,0.00135100004263222
"41",-6.5395568847656,-5.4033264160156,-4.94440307617185,-0.571478271484352,7.7332702636719,10.1928649902344,14.3385559082031,13.1648498535156,7.8056579589844,3.2296081542969,-0.894079589843727,-5.30356445312498,2.51999855041504,1.75720345973969,3.43121719360352,5.81840801239014,2.45022940635681,4.91133594512939,4.96000719070435,4.74000692367554,2.38000750541687,3.85999131202698,1.54999792575836,2.66000270843506,266398073.4375,312291935.15625,447213529.6875,537870712.5,640239567.1875,691063734.375,727139784.375,636884943.75,526065595.3125,388308557.8125,282091950,234017985.9375,0.00116899784188718,0.00104290910530835,0.000923933228477836,0.00197004782967269,0.00312444055452943,0.0037622838281095,0.00426298147067428,0.00474937772378325,0.00321092153899372,0.00220651528798044,0.00140836765058339,0.00135319482069463
"42",-9.66544189453123,-11.6595520019531,-6.31220092773435,1.98442993164065,5.05669555664065,10.3987060546875,15.2393737792969,14.163232421875,8.6030212402344,3.7255798339844,-0.889898681640602,-4.80356445312498,2.46999502182007,2.7324059009552,2.31761527061462,5.35448408126831,4.28801155090332,4.72205638885498,2.2700047492981,2.32000422477722,2.53000593185425,2.79999303817749,2.0999972820282,2.72000193595886,266327114.0625,309304659.375,468226996.875,553137314.0625,649909785.9375,699639356.25,735993000,655438415.625,544043756.25,408398667.1875,276488901.5625,229443637.5,0.000430861458880827,0.000433475419413298,0.00086432188982144,0.00214385474100709,0.00190581509377807,0.00327116413973272,0.0041343136690557,0.0038840037304908,0.00265302020125091,0.00171666906680912,0.00116499676369131,0.00135319482069463
"43",-6.43460693359373,-4.71939697265623,-5.99445190429685,4.46111450195315,4.76229248046877,10.7996154785156,15.7442260742188,15.2632385253906,9.70308837890627,4.81197509765627,-1.4948791503906,-6.0035461425781,2.25999641418457,2.35520696640015,2.02434611320496,3.1218376159668,5.31182813644409,3.62622308731079,4.84000873565674,3.79001450538635,0.660001814365387,1.78999304771423,1.76999723911285,1.210000872612,267571223.4375,325002016.40625,485069301.5625,576154096.875,642546801.5625,703976400,742438068.75,641567123.4375,579118148.4375,436296332.8125,286760925,233324908.59375,0.00049243145622313,0.000491658633109182,0.000560832268092781,0.00220479280687869,0.00190378748811781,0.00302710453979671,0.00426298147067428,0.0047413925640285,0.00197221012786031,0.00116639060433954,0.00092033768305555,0.00116853753570467
"44",-8.44608154296873,-8.0888732910156,-6.24100341796873,-0.807073974609352,6.87050781250002,10.5549560546875,13.6912475585938,14.2797790527344,9.73491821289065,5.62114868164065,-1.47772827148435,-7.53348388671873,1.72999715805054,2.20999908447266,3.70000100135803,5.79999876022339,3.0818235874176,2.27754330635071,4.75000858306885,0.690000295639038,1.02000463008881,1.9799941778183,1.64999914169312,2.02000093460083,271328378.90625,325609959.375,448733545.3125,550238231.25,657737254.6875,700422356.25,733208034.375,680076675,572769520.3125,437331698.4375,275662975.78125,244572096.09375,0.000675640709232539,0.000491702987346798,0.00055331620387733,0.00124022783711553,0.00287493783980608,0.00283694919198751,0.00412963889539242,0.00381656968966126,0.00197972217574716,0.00171867432072759,0.00133566989097744,0.000736633723136038
"45",-7.05002441406248,-7.18192138671873,-4.36545410156248,-2.5639709472656,6.62673339843752,8.30877075195315,14.345849609375,14.0584350585938,7.9239440917969,5.50545654296877,-1.60822143554685,-7.7036193847656,2.15999841690063,2.43800640106201,3.08476638793945,6.20501470565796,4.12459421157837,5.93744373321533,3.99999856948853,6.09999656677246,2.27000713348389,2.16999650001526,2.45999908447266,1.86999976634979,262116485.15625,306250200,475382039.0625,550837462.5,657907860.9375,685314843.75,734419659.375,641433346.875,543101160.9375,434763281.25,274045528.125,228611953.125,0.000553502526599914,0.000495956861414015,0.00103924458380789,0.000986898667179048,0.00190024042967707,0.00259762606583536,0.00413675652816892,0.00424883654341102,0.00197580782696605,0.00146464887075126,0.00055008300114423,0.000430320913437754
"46",-7.43381347656248,-5.57120361328123,-1.52753295898435,4.8502136230469,3.87606201171877,11.5887084960938,15.2377563476563,13.9737487792969,9.68392333984377,2.51348266601565,-3.54987182617185,-2.7036193847656,1.63999831676483,2.07920408248901,2.14371132850647,1.63340735435486,6.53336906433105,2.54034686088562,2.30000495910645,5.72999954223633,2.88000512123108,4.6999831199646,2.71000027656555,1.74999952316284,267405953.90625,324211211.71875,473044218.75,579818292.1875,632729053.125,731134940.625,733200440.625,643959618.75,552603895.3125,384218690.625,262880416.40625,227918770.3125,0.000985660939477384,0.00104828469920903,0.001533655798994,0.00220479280687869,0.00190328061580658,0.0029714445117861,0.00499545596539974,0.00388759840279818,0.00320012215524912,0.0012842386495322,0.000678473967127502,0.00135319482069463
"47",-7.2517150878906,-7.5819152832031,-4.7387756347656,0.311730957031273,6.63079223632815,8.80458984375002,14.3522583007813,14.8794189453125,11.2997985839844,5.96273193359377,-6.35822143554685,-6.5035461425781,2.2299964427948,2.14360451698303,2.20722055435181,4.76490879058838,6.20297193527222,6.63479328155518,7.07000017166138,4.75000810623169,3.15000319480896,3.35999155044556,2.84999895095825,2.07999992370605,265516776.5625,314537470.3125,467036296.875,551141592.1875,655330921.875,680169487.5,729451996.875,646430456.25,546145368.75,407306812.5,262587213.28125,229166339.0625,0.000551488948985934,0.000249820732278749,0.00073529384098947,0.000989142223261297,0.00220573833212256,0.0028448065277189,0.00444664945825934,0.00462620938196778,0.00321596534922719,0.00262050330638885,0.000617679033894092,0.00135319482069463
"48",-9.64948120117185,-9.6871398925781,-7.60391845703123,2.37029418945315,7.3729187011719,11.3557678222656,14.5855346679688,14.4952026367188,11.8058715820313,4.20351562500002,-5.04520263671873,-7.23358764648435,2.68999743461609,1.99999809265137,2.4300057888031,2.30999994277954,1.65004134178162,4.27521753311157,2.67000341415405,1.71000933647156,2.89000296592712,1.86999773979187,2.55000281333923,3.09000110626221,261479221.875,316839536.71875,459904500,576639210.9375,664309729.6875,697483153.125,733300340.625,665022782.8125,559198518.75,438571842.1875,258447585.9375,228491149.21875,0.000859409803524613,0.0005524298758246,0.000556497252546251,0.00191095401532948,0.00221553537994623,0.00363137573003769,0.00413182331249118,0.00413189921528101,0.00319913472048938,0.00104270165320486,0.000792841194197536,0.000859470572322607
"49",-14.1192687988281,-8.9683898925781,-3.4816955566406,2.58416137695315,7.04055175781252,10.5801940917969,14.4806762695313,14.1299987792969,10.2119689941406,2.67397460937502,2.79973754882815,-5.97562255859373,2.09999752044678,1.87999260425568,4.59000062942505,3.54936671257019,6.41649150848389,6.70999813079834,2.31000113487244,2.3600013256073,1.18998968601227,3.82000541687012,1.34999406337738,1.40999817848206,261923941.40625,313422096.09375,456068053.125,569270573.4375,637424775,684407939.0625,721346175,674871285.9375,555317564.0625,402673401.5625,295543350,239006003.90625,6.25091706751846e-05,0.000250416167546064,0.000800970592536032,0.00161175255198032,0.00314557505771518,0.00388662447221577,0.00414335494861007,0.00449526403099298,0.00257444870658219,0.00135482219047844,0.00165499583818018,0.000733137887436897
"50",-7.7356018066406,-3.9973205566406,-4.51260986328123,0.916833496093773,4.23214111328127,10.6959167480469,12.7871643066406,12.5239807128906,8.5506530761719,7.83413085937502,-1.8614562988281,-3.65720214843748,2.44999718666077,1.74178755283356,1.67294013500214,4.58252000808716,4.88000154495239,1.72999715805054,6.06002283096313,1.16993081569672,4.95000791549683,1.13000452518463,3.06000590324402,1.3100049495697,268368018.75,318639044.53125,465910354.6875,573426337.5,650569851.5625,742140731.25,714589340.625,671328084.375,520291392.1875,445782150,276189433.59375,234384869.53125,0.000309073919197544,0.000617677986156195,0.000554528494831175,0.001172378892079,0.00190896890126169,0.00295931985601783,0.00376724591478705,0.00350578082725406,0.00351304351352155,0.00220322771929204,0.000616153469309211,0.000982722966000438
"51",-8.7428039550781,-5.60785522460935,-5.78635253906248,-0.386938476562477,6.9438415527344,7.99236450195315,14.9113403320313,13.4898010253906,8.75966796875002,2.9992614746094,-4.2901672363281,-7.79257812499998,3.2199981212616,2.5801088809967,2.75999617576599,5.43000364303589,3.13157248497009,3.84000134468079,3.30000615119934,3.90467596054077,1.46001291275024,4.07001304626465,1.98998486995697,2.59998893737793,261966740.625,315283324.21875,474059587.5,558252000,648027379.6875,691192237.5,736656862.5,645966689.0625,553631793.75,398625257.8125,279249398.4375,228603874.21875,0.000680665543768555,0.0012362856650725,0.0005545569001697,0.000993252848275006,0.00270551256835461,0.00246892007999122,0.00413529155775905,0.00410738168284297,0.002202108502388,0.00208203727379441,0.000433562410762534,0.000734369445126504
"52",-7.32089843749998,-7.33237304687498,-7.21243896484373,1.4095397949219,6.79720458984377,13.5236145019531,14.5580688476563,13.820947265625,10.9666076660156,5.50765380859377,-6.26322021484373,-6.59610595703123,2.87998604774475,2.05999708175659,3.97894597053528,2.97550439834595,4.91834592819214,2.67000150680542,4.7099814414978,6.12482166290283,0.575494050979614,0.559993028640747,2.63000059127808,2.31999516487122,261736164.84375,325558617.1875,454585078.125,567534810.9375,648615473.4375,728812350,727575918.75,641140143.75,567741150,466293923.4375,276528515.625,229099134.375,0.000612512929365039,0.000610838702414185,0.000556923274416476,0.0016016490990296,0.00239642569795251,0.00406582746654749,0.00413156859576702,0.00444260193035007,0.00301299849525094,0.0011629048967734,0.000433945650001988,0.00110618898179382
"53",-2.7935852050781,-7.76590576171873,-2.11954345703123,-1.40534057617185,4.2883239746094,12.2477661132813,15.4476867675781,13.687890625,11.3315063476563,5.2554870605469,-0.457586669921852,-7.17233886718748,2.84999442100525,2.53999924659729,2.99866008758545,2.66082763671875,4.01045989990234,3.94998145103455,7.79999685287476,4.74318933486938,0.380417585372925,1.0599752664566,1.70999419689178,2.23000073432922,254627550,313193566.40625,478399584.375,553466081.25,637872848.4375,722026828.125,725078081.25,646459185.9375,576620353.125,426884639.0625,274135176.5625,225708187.5,0.00122843112330884,0.000920456543099135,0.00158811395522207,0.0011093441862613,0.00209624622948468,0.00419078627601266,0.00529975118115544,0.00431133201345801,0.00318501540459692,0.00196477281861007,0.00122109428048134,0.000795232481323183
"54",-3.94199218749998,-1.74750366210935,-6.38901367187498,3.7243591308594,6.7695251464844,11.6974426269531,16.7344604492188,14.0559631347656,11.2004333496094,4.67165527343752,0.224969482421898,-5.6742004394531,1.74999904632568,1.69999575614929,3.42000150680542,1.20305621623993,2.84000015258789,1.60001492500305,4.66994476318359,4.31001996994019,4.08992195129395,1.53999674320221,1.79999792575836,1.90999674797058,261568406.25,327560941.40625,458167514.0625,584388379.6875,651723764.0625,726575737.5,729821559.375,662087165.625,539459114.0625,413113837.5,287643635.15625,235080393.75,0.00110547547228634,0.00158583314623684,0.000556959945242852,0.00160670629702508,0.00210469099693,0.00382188288494945,0.00554216234013438,0.00480340095236897,0.00325977662578225,0.00209826859645545,0.00135902443435043,0.000922470935620368
"55",-8.52103271484373,-10.2949279785156,-6.6912902832031,1.08016357421877,6.72576293945315,9.28048095703127,15.4853454589844,14.8923889160156,10.4113708496094,5.05999145507815,-4.81241455078123,-4.22122802734373,2.73998212814331,2.64000058174133,2.58999991416931,1.1600034236908,4.09000015258789,4.23000574111938,2.92999935150146,4.04000091552734,1.41999924182892,1.17999851703644,2.53999900817871,1.88000380992889,258648778.125,315616942.96875,467505675,572704804.6875,657703209.375,697099204.6875,738275765.625,640985231.25,552279473.4375,431667604.6875,267879571.875,227318104.6875,0.000608375645242631,0.000305792549625039,0.000499104964546859,0.00183919863775373,0.00287958653643727,0.00303422915749252,0.00531075056642294,0.00488083111122251,0.00283255660906434,0.00166070961859077,0.000312603078782558,0.000920354155823588
"56",-5.32257690429685,-11.5778564453125,-4.95233764648435,0.432824707031273,8.22408447265627,13.7264343261719,13.9004455566406,12.5898681640625,11.1296020507813,5.59084472656252,-5.5616516113281,-6.2613586425781,2.3244776725769,2.579993724823,1.65999186038971,2.90325427055359,3.83999991416931,1.78999650478363,5.80436515808105,4.60467338562012,0.555984139442444,0.769998252391815,3.09000110626221,2.33999752998352,256263813.28125,322864375.78125,480439687.5,564896784.375,657387393.75,742526409.375,722654578.125,655698079.6875,580101581.25,440733023.4375,264288297.65625,234205108.59375,0.000862931949086487,0.000551934237591922,0.000614972552284598,0.00105004047509283,0.0029620286077261,0.00461325515061617,0.00473875133320689,0.00412566773593426,0.0030753412283957,0.00202027219347656,0.000736327434424311,0.00073615403380245
"57",-10.0898498535156,-3.76938476562498,-4.73261108398435,-1.5385803222656,4.86373291015627,10.2912536621094,14.5559020996094,13.9983154296875,8.36696777343752,4.4052673339844,-5.0720275878906,-3.31589355468748,3.23998832702637,2.44522976875305,2.98026561737061,4.33850002288818,7.75801277160645,2.57925844192505,4.94999837875366,4.24997425079346,1.51999413967133,4.60999250411987,2.38999938964844,2.71000242233276,258379537.5,313393260.9375,454566726.5625,539517585.9375,607963303.125,697791923.4375,711482231.25,644831760.9375,549133931.25,373751128.125,257321496.09375,235479635.15625,0.00092087360098958,0.001231495058164,0.00115967693272978,0.00134684913791716,0.00222471193410456,0.00338658620603383,0.00529683567583561,0.00474018137902021,0.00201830128207803,0.00202915049158037,0.000920922611840069,0.00141552672721446
"58",-7.16422119140623,-3.46707763671873,-7.79691162109373,-0.918432617187477,9.0286804199219,11.6785522460938,13.1808715820313,15.5533386230469,10.7730041503906,5.87517700195315,-1.40982666015623,-4.64359130859373,2.73999190330505,2.09623193740845,3.11368608474731,3.31171822547913,5.46000051498413,3.14000487327576,4.57998847961426,3.29999232292175,1.88818943500519,0.817082107067108,1.74999821186066,2.51999735832214,269662605.46875,307142908.59375,456970528.125,546487931.25,664359764.0625,728132456.25,714138271.875,664710300,545986996.875,442612518.75,283328022.65625,230019412.5,0.00134897313546389,0.00104628573171794,0.000619016645941883,0.00141678762156516,0.00308370473794639,0.00357346679084003,0.0042021363042295,0.00455777812749147,0.00315468781627715,0.00215203571133316,0.00104132411070168,0.00061412580544129
"59",-7.2138732910156,-7.40067138671873,-5.1291564941406,0.256799316406273,6.04030761718752,13.4224487304688,14.6414428710938,14.6819091796875,8.31014404296877,2.8679138183594,-2.5152648925781,-3.7257141113281,2.29999923706055,2.88998603820801,3.97297811508179,2.39747285842896,6.41715335845947,4.54814529418945,2.17999672889709,3.54000926017761,4.56070184707642,3.75922393798828,1.69999885559082,0.979999303817749,262329975,306039220.3125,456178710.9375,569121693.75,637300828.125,720338737.5,739658840.625,651638376.5625,524084850,404374950,286534462.5,241546071.09375,0.000556558312382549,0.00074006529757753,0.00122266157995909,0.00123003171756864,0.00258603855036199,0.00402110628783703,0.00430788239464164,0.0044337953440845,0.00221406389027834,0.0012248728889972,0.000557521998416632,0.00141259108204395
"60",-7.81293334960935,-10.929541015625,-3.44306030273435,2.57402954101565,6.90151367187502,12.7620483398438,15.3943115234375,14.6475463867188,11.5451599121094,5.16619262695315,-1.60086669921873,-8.43411865234373,1.8669718503952,2.80190849304199,2.03044271469116,2.04710173606873,4.25000429153442,3.58415484428406,2.9351441860199,1.80999600887299,1.54998958110809,2.93999743461609,2.19999599456787,2.26999974250793,256257611.71875,315507550.78125,459924876.5625,573168318.75,657390009.375,720699103.125,734627728.125,675772368.75,543953896.875,405836746.875,276411276.5625,236385717.1875,0.000368464068742469,0.000367798347724602,0.000685784150846303,0.00178513419814408,0.00203936826437712,0.00363305420614779,0.00437844358384609,0.00417140917852521,0.00338678853586316,0.00196753838099539,0.00104421796277165,0.000796543958131224
"61",-7.81561889648435,-5.42490234374998,-4.2690490722656,-0.140234374999977,6.8381286621094,11.4584899902344,13.9505554199219,14.2129455566406,6.19683227539065,3.54021606445315,-4.95291748046873,-8.4899963378906,1.57998991012573,1.68999898433685,3.89999842643738,2.58999943733215,5.62000417709351,4.30999994277954,7.34001636505127,5.46995401382446,5.06999969482422,2.14999842643738,2.37999534606934,1.76999938488007,272384437.5,312250717.96875,454068534.375,558211415.625,645963314.0625,716429728.125,726248784.375,639390754.6875,503782537.5,414787246.875,261436654.6875,225634148.4375,0.000797819928266108,0.00110390747431666,0.00129039806779474,0.00110525055788457,0.00234070094302297,0.00308815622702241,0.00418750150129199,0.00423941342160106,0.00184981478378177,0.0012863123556599,0.000669993809424341,0.000671939575113356
"62",-12.7410339355469,-6.66788330078123,-6.9277404785156,2.61837158203127,7.54097900390627,10.1850830078125,13.4242492675781,13.7637573242188,9.7520690917969,6.0292907714844,-0.131170654296852,-4.84860839843748,2.829993724823,2.43000054359436,1.51210224628448,2.8972373008728,4.19728660583496,3.37079358100891,3.71911215782166,1.06000018119812,1.89999604225159,4.15998792648315,1.61999380588531,1.3799991607666,268570645.3125,300699885.9375,461259942.1875,576698146.875,658953562.5,701413467.1875,718802184.375,681942839.0625,545768760.9375,427973962.5,278574229.6875,238243760.15625,0.00025276601081714,0.00110610132105649,0.000620912353042513,0.00185928144492209,0.00301273819059134,0.00320409913547337,0.00425124261528254,0.00465682474896312,0.00290102022700012,0.00233307131566107,0.00122880388516933,0.00122412922792137
"63",-12.4909729003906,-4.44089355468748,-4.6596740722656,1.32561645507815,7.99956665039065,11.5781799316406,15.7841125488281,13.5916076660156,12.0562683105469,7.65874633789065,-0.246771240234352,-6.87921752929685,3.44000744819641,2.09998393058777,2.7599995136261,2.03999495506287,1.70999765396118,5.26000165939331,2.80999732017517,3.56767821311951,3.73443508148193,1.77258431911469,1.34391987323761,1.97000098228455,264271169.53125,313877868.75,473719809.375,566713631.25,673053046.875,710852203.125,734939156.25,622431042.1875,535977421.875,424892250,284566900.78125,235849514.0625,0.000129606982227415,0.000863608729559928,0.00164995866362005,0.00190025439951569,0.00289013795554638,0.00419842358678579,0.00538200931623578,0.0048534139059484,0.00356005458161235,0.00271474639885128,0.00104254367761314,0.000367968983482569
"64",-8.59830322265623,-11.1486267089844,-8.39945068359373,-0.491125488281227,7.12673339843752,10.0269714355469,16.2782531738281,12.8463684082031,9.30977783203127,4.7807556152344,-2.67514648437498,-6.75876464843748,2.04999542236328,1.8000020980835,2.74999690055847,3.47891235351562,3.44378185272217,4.3927173614502,2.54994869232178,3.50999402999878,1.41420924663544,0.517382562160492,1.86999118328094,2.22999477386475,263577121.875,322279889.0625,461624526.5625,547486804.6875,651000037.5,702161240.625,738210796.875,656486817.1875,550907662.5,446448796.875,267956711.71875,227650352.34375,0.00055409490596503,0.000672049063723534,0.000553623656742275,0.00141969905234873,0.00325350346975029,0.00321014155633748,0.00522588472813368,0.00344486022368073,0.00301622343249619,0.00164760160259902,0.00084992143092677,0.000550128286704421
"65",-5.14554443359373,-8.80051269531248,-10.084814453125,1.83181152343752,5.51278076171877,10.0170837402344,14.1451354980469,12.6136108398438,5.5314880371094,6.37612304687502,0.301019287109398,-5.01840820312498,2.11336278915405,1.36011290550232,2.37999749183655,4.37999677658081,6.36200857162476,5.39000272750854,6.73199653625488,2.09559392929077,5.64000225067139,1.4700049161911,1.99999558925629,2.09999871253967,254206771.875,312659409.375,465978782.8125,548164209.375,634156551.5625,677187379.6875,704898365.625,646373714.0625,500043037.5,432146432.8125,273748422.65625,231592500,0.000985190854407847,0.00079582683974877,0.000497628818266094,0.0021470682695508,0.00276059517636895,0.00377581780776381,0.00571774272248149,0.00387593149207532,0.00197816221043468,0.0016026790253818,0.00147509831003845,0.00116867187898606
"66",-8.29266967773435,-9.10495605468748,-2.64572753906248,0.0392395019531477,7.9880310058594,10.7570434570313,16.496728515625,13.0617004394531,10.1010070800781,3.55288085937502,-0.853735351562477,-6.62283935546873,1.34500181674957,1.4268958568573,1.74999690055847,1.2200003862381,1.04999542236328,3.59999537467957,3.3600025177002,3.35024499893188,4.7500114440918,3.04999899864197,1.6299968957901,2.13999819755554,261493502.34375,313107735.9375,490255537.5,572741423.4375,692058262.5,717517659.375,726688209.375,655336321.875,534315782.8125,419540934.375,274648514.0625,229236813.28125,6.45114851067774e-05,0.00043424527393654,0.00122261059004813,0.00110810634214431,0.0021579114254564,0.00374560174532235,0.00528416596353054,0.00355275790207088,0.00307111535221338,0.00111062021460384,0.000984870595857501,0.000734761415515095
"67",-6.08930053710935,-6.79776611328123,-1.7150939941406,1.17458496093752,4.8966003417969,8.7315612792969,14.1489196777344,12.9113098144531,9.51558837890627,4.61593017578127,-3.16647949218748,-10.5627197265625,3.07999300956726,1.6999968290329,2.27999925613403,4.04507207870483,5.36662435531616,5.95709943771362,6.26999950408936,4.14325141906738,1.75109910964966,2.57999777793884,2.07999730110168,3.44000935554504,253658840.625,314098572.65625,473057465.625,571308735.9375,630465862.5,678438154.6875,709534181.25,661519532.8125,531794910.9375,424067146.875,281467532.8125,226088001.5625,0.000372910697478801,0.000733917229808867,0.00129454664420336,0.0022220085375011,0.00203359941951931,0.00296365981921554,0.00413335720077157,0.00325803156010807,0.00281768292188644,0.00147346640005708,0.00128306809347123,0.000551881385035813
"68",-8.3042053222656,-6.53946533203123,-2.92239990234373,-2.44266357421873,4.62227783203127,11.2930236816406,14.0603576660156,12.2692199707031,8.40142211914065,4.85991821289065,-4.89093627929685,-7.52655639648435,1.76274168491364,2.49646353721619,1.47999942302704,6.20174598693848,5.24143695831299,1.84427618980408,4.03372478485107,4.99599981307983,1.76999521255493,1.36723864078522,2.14302110671997,1.43999969959259,263239242.1875,319232707.03125,469825143.75,556257332.8125,639993023.4375,722974950,718083309.375,634892343.75,548962228.125,425637998.4375,265877648.4375,231624625.78125,0.00110395054798573,0.00104304542765021,0.0012846221216023,0.00104574835859239,0.00191446195822209,0.00339082884602249,0.00420989375561476,0.00363526842556894,0.00239287223666906,0.00147767784073949,0.00152744469232857,0.000245723989792168
"69",-4.9783996582031,-7.04410400390623,-9.08841552734373,2.87481079101565,8.23565063476565,8.40969238281252,15.3997741699219,15.339013671875,11.0978637695313,-0.0746826171874773,-3.2791809082031,-5.64218749999998,2.42999935150146,2.05999851226807,1.35249042510986,2.29542374610901,3.66496253013611,6.2271671295166,2.78999829292297,2.4499979019165,3.24999928474426,5.27998828887939,1.73999691009521,2.21999955177307,258256033.59375,304970041.40625,464373379.6875,569589468.75,665978329.6875,669924717.1875,728142665.625,661449881.25,535281792.1875,362867850,276161378.90625,231148792.96875,0.00110881391447037,0.000983526580967009,0.000616247649304569,0.00184512964915484,0.00308466656133533,0.00290879025124013,0.00530841713771224,0.00491478061303496,0.00349634815938771,0.00177548208739609,0.000985324615612626,0.00122615450527519
"70",-6.8062805175781,-4.4041809082031,-6.7908996582031,-1.91110839843748,7.43215332031252,11.1889587402344,15.3098083496094,15.6829772949219,8.1420837402344,0.755944824218773,-2.32193603515623,-5.9635070800781,2.85999941825867,1.81999599933624,3.40781831741333,1.66543364524841,1.45414233207703,6.03056955337524,2.68999719619751,1.63999974727631,5.50999927520752,3.79999542236328,1.9500058889389,1.35999763011932,253007887.5,320283871.875,449128335.9375,550504096.875,665883745.3125,708323821.875,720310893.75,651945923.4375,528218339.0625,393815798.4375,255993581.25,237212676.5625,0.000616526289377362,0.000978753785602748,0.000677817792166024,0.00111358775757253,0.00284931040368974,0.00389293977059424,0.00506475754082203,0.00461238576099277,0.00202151061967015,0.00104503950569779,0.000617822108324617,0.000735675159376115
"71",-5.7911437988281,-8.29328002929685,-4.8540100097656,0.629266357421898,5.19051513671877,12.0705810546875,13.9284301757813,14.5315795898438,7.3268981933594,3.1348815917969,-2.37070312499998,-7.28354492187498,2.2000048160553,2.6899995803833,2.51777124404907,3.42244696617126,5.39881372451782,0.914601445198059,2.50759363174438,3.92999267578125,4.76000165939331,2.60000133514404,1.38999962806702,1.79999303817749,248422211.71875,304556498.4375,468108618.75,545711259.375,654406087.5,727378734.375,730373793.75,654247589.0625,541104553.125,407634862.5,265680126.5625,227625820.3125,0.000800654292106628,0.00085715256864205,0.00074295443482697,0.00154211407061666,0.00222739856690168,0.00418792618438601,0.00406344002112746,0.00400895019993186,0.0024993650149554,0.00190118898171932,0.000986691331490874,0.000798865396063775
"72",-7.65225830078123,-4.79852905273435,-0.771551513671852,1.58281860351565,6.2112976074219,11.9480834960938,13.3664794921875,13.1413818359375,9.31380615234377,3.83364257812502,-5.99600830078123,-10.1599792480469,2.64999079704285,1.00639128684998,1.61460947990417,3.94179153442383,3.3360698223114,5.85999917984009,3.28000688552856,4.91123723983765,1.93000817298889,3.42999911308289,2.88999915122986,2.9900016784668,261803327.34375,322083400.78125,476768489.0625,575885531.25,637253029.6875,700327181.25,704397009.375,636891904.6875,514875065.625,393652532.8125,253730791.40625,222184624.21875,0.000247860094532371,0.000558362749870867,0.00135350704658777,0.00142235751263797,0.00209705368615687,0.00377522315829992,0.00437370641157031,0.00479334592819214,0.00258773821406066,0.001922013820149,0.00104035914409906,0.000612532428931445
"73",-11.0085205078125,-9.45401611328123,-5.81912841796873,-2.5911926269531,5.59307250976565,11.0259033203125,13.2891174316406,14.558251953125,8.16826782226565,5.40761718750002,-3.20273437499998,-6.95255126953123,2.40000176429749,1.45999896526337,2.18000197410583,5.08057641983032,4.86177730560303,3.76999020576477,7.54398584365845,0.249690920114517,4.22000122070312,1.3288437128067,3.53898906707764,3.28000020980835,250740330.46875,314083617.1875,450261239.0625,546488901.5625,654688828.125,698196459.375,719779331.25,657288843.75,511294106.25,429230348.4375,264313926.5625,224410436.71875,0.000982803176157176,0.00109964585863054,0.00134557718411088,0.00110605591908097,0.00166215468198061,0.00264742225408554,0.00401161052286625,0.00412088772282004,0.00271550170145929,0.0018391179619357,0.00116381957195699,0.000795951287727803
"74",-9.93341674804685,-7.76276245117185,-2.4354309082031,-0.0179809570312273,7.81768188476565,11.7310119628906,14.6011596679688,12.2181335449219,7.66167602539065,4.96831665039065,-2.45560302734373,-8.47647705078123,2.31000256538391,2.32157206535339,2.50931668281555,4.76557016372681,0.426287323236465,4.47999286651611,2.54415726661682,2.51999807357788,2.67000222206116,4.16741466522217,2.05101680755615,2.0599946975708,253219415.625,314077710.9375,464395865.625,566096723.4375,659283806.25,740997787.5,736707909.375,649921640.625,550283329.6875,414333604.6875,271200698.4375,233612226.5625,0.000735203560907394,0.000734451226890087,0.00123043498024344,0.00184460356831551,0.00270692119374871,0.00363096501678228,0.00436923606321216,0.00319324596785009,0.00141911942046136,0.00154355308040977,0.000983232515864074,0.000553688209038228
"75",-7.87372436523435,-8.64523925781248,-4.83759155273435,-1.56659545898435,4.74416503906252,9.40191040039065,14.5957275390625,13.3069702148438,8.3314147949219,4.89934692382815,-3.61176147460935,-5.06113281249998,2.86742568016052,2.75678277015686,2.58973073959351,3.07316470146179,6.85492038726807,2.65074133872986,5.85459041595459,2.58000493049622,1.53999304771423,2.37999987602234,2.36999797821045,1.77999889850616,259991901.5625,320815518.75,452288685.9375,545860898.4375,651223335.9375,697637264.0625,707107387.5,675112851.5625,548974968.75,433796217.1875,282224587.5,226609122.65625,0.00091765756951645,0.000310661795083433,0.000797604268882424,0.00111160578671843,0.0020382683724165,0.00295743835158646,0.00506476825103164,0.00411456683650613,0.00265332334674895,0.00140977220144123,0.000738134782295674,0.00123296666424721
"76",-8.31842651367185,-4.74826660156248,-5.68244018554685,1.40072021484377,6.20803222656252,10.5649353027344,15.3843322753906,13.2431884765625,9.12990722656252,2.2155700683594,-3.22675170898435,-6.11087646484373,1.9799952507019,2.63999891281128,1.98999726772308,3.1933536529541,3.42101049423218,2.95164346694946,4.69253921508789,3.65787935256958,4.11000347137451,0.979999423027039,0.837303996086121,0.999997198581696,264647418.75,325484599.21875,477956657.8125,568478123.4375,660931945.3125,709434028.125,734708306.25,657448481.25,526634662.5,412701243.75,289483453.125,244204178.90625,0.000556090206373483,0.00110099161975086,0.000920535356272012,0.00196752836927772,0.00215467321686447,0.00258226646110415,0.00425518956035376,0.00348916812799871,0.00246174004860222,0.00091558980057016,0.00036802189424634,0.000367836270015687
"77",-8.8890441894531,-5.67734374999998,-5.5335754394531,1.8992858886719,7.0393005371094,13.7254272460938,15.3335510253906,13.1083618164063,10.9346557617188,4.94558105468752,-1.8624328613281,-4.18805541992185,1.78998947143555,1.28999817371368,1.22000098228455,3.96999859809875,2.8100004196167,1.73999905586243,5.77000093460083,4.10999584197998,1.45999622344971,0.849996089935303,1.81999862194061,3.50998115539551,261939086.71875,323863375.78125,465724645.3125,578957667.1875,650648784.375,717502134.375,711766996.875,628770473.4375,541999181.25,428216371.875,269798807.8125,232985489.0625,0.000189215468708426,0.000799308472778648,0.000860852713230997,0.0016072946600616,0.00270275818184018,0.00377203174866736,0.00451856851577759,0.00457179732620716,0.00307266041636467,0.00183666916564107,0.000803258502855897,0.000922725303098559
"78",-8.1774963378906,-7.4995178222656,-1.96417846679685,1.65996704101565,5.30986938476565,11.4060913085938,15.3825927734375,13.1731506347656,10.2075134277344,4.47170410156252,-2.66034545898435,-11.0562805175781,1.97000122070312,2.5199978351593,3.05118131637573,3.72706127166748,8.59056377410889,1.9537113904953,2.91999936103821,3.2599995136261,1.11999666690826,3.25999975204468,1.21999847888947,3.22999310493469,252009182.8125,292607669.53125,463704201.5625,557206804.6875,640986496.875,716865356.25,728218181.25,672071175,550214775,433799760.9375,258222452.34375,228724614.84375,0.000551342440303415,0.000435370980994776,0.00141008640639484,0.00202427757903934,0.00307604484260082,0.00413065915927291,0.00486052827909589,0.0037557459436357,0.0034429682418704,0.00140841770917177,0.000912123534362763,0.000489809375721961
"79",-13.2550720214844,-6.7293762207031,-3.59781494140623,1.37990722656252,5.32732543945315,10.7383666992188,15.2047668457031,13.0284057617188,11.1254821777344,5.2936950683594,-7.44223632812498,-5.19174804687498,3.05444478988647,1.87999963760376,4.45040798187256,2.04565763473511,5.24720478057861,3.01175570487976,2.26271414756775,4.15058326721191,1.29999589920044,2.52999973297119,3.18999791145325,1.42000007629395,253339312.5,306558105.46875,450764071.875,555887728.125,642250645.3125,716021437.5,721544456.25,634434356.25,569944139.0625,423231412.5,270127933.59375,234181610.15625,0.000247892807237804,0.000680772471241653,0.00116893544327468,0.00165619549807161,0.00215944601222873,0.00302106724120677,0.00474468106403947,0.00399557175114751,0.00215833308175206,0.00172672886401415,0.000618067977484316,0.000924160121940076
"80",-8.46085205078123,-6.68479003906248,-5.36997070312498,0.00496826171877274,5.80874023437502,12.9717651367188,16.0861145019531,14.0124755859375,10.81044921875,3.40047607421877,-1.7102111816406,-0.847967529296852,3.65000009536743,2.37223219871521,3.14018821716309,2.09500551223755,5.03533983230591,0.770000636577606,3.61001324653625,2.68999409675598,2.36999464035034,2.37999701499939,2.17999529838562,1.25999927520752,250032403.125,313811760.9375,447685650,563766370.3125,638050289.0625,734751337.5,737692143.75,649260393.75,536995575,428614790.625,278408010.9375,228712886.71875,0.000924574153032154,0.00111070636194199,0.000922517850995064,0.00123191135935485,0.00222149072214961,0.00400970410555601,0.0045625614002347,0.00382389570586383,0.00264661782421172,0.000922594452276826,0.000861076929140836,0.0011660170275718
"81",-4.27274169921873,-4.96695556640623,-3.60251464843748,4.4951110839844,5.03194580078127,12.5910583496094,14.5812927246094,13.1073852539063,11.0540405273438,3.26711425781252,-0.149908447265602,-5.09360351562498,1.27737760543823,0.937338054180145,3.83999586105347,2.2153639793396,7.35303020477295,2.70511293411255,6.28671646118164,3.99999380111694,2.86998629570007,3.48000264167786,1.12736105918884,2.40631580352783,276973614.84375,320799297.65625,466278314.0625,566106257.8125,618629231.25,709316662.5,725259487.5,647916215.625,540422634.375,394416632.8125,275721173.4375,226642071.09375,0.00116908131167293,0.00110841053538024,0.00135153613518924,0.00185004563536495,0.0031259551178664,0.00356434402056038,0.00522444862872362,0.00437802681699395,0.00258447602391243,0.00172557367477566,0.00141656072810292,0.000860714644659311
"82",-7.61411132812498,-7.43378295898435,-2.79752197265623,0.234979248046898,5.51653442382815,9.37252197265627,14.1047912597656,15.3232055664063,9.00509033203127,2.49956665039065,-5.1983703613281,-7.45612182617185,2.7899956703186,1.25999820232391,1.919997215271,1.58753538131714,6.39893817901611,2.60729908943176,5.10000038146973,5.1399941444397,5.05273056030273,1.99374532699585,2.79957842826843,2.17999982833862,251819950.78125,316863963.28125,457352282.8125,569534962.5,638289196.875,681644615.625,707301914.0625,631699003.125,519907359.375,413101856.25,269690786.71875,224152818.75,0.000372240319848061,0.000865424051880836,0.0016483070794493,0.00128942739684135,0.00258859223686159,0.00340724573470652,0.00571164162829518,0.00474565429612994,0.00288643036037683,0.00158635689876974,0.00115956552326679,0.00110151758417487
"83",-5.46042480468748,-5.0009826660156,-4.5489562988281,-3.43854370117185,3.71074829101565,9.41655883789065,14.5737243652344,15.712548828125,10.8732849121094,4.7447448730469,-3.2008117675781,-11.9066223144531,1.61866211891174,2.64699101448059,4.6857213973999,6.45799207687378,5.6895170211792,5.95129060745239,4.88982820510864,3.67863988876343,1.32814204692841,1.88837826251984,4.01791667938232,2.52999711036682,249407753.90625,305597580.46875,433147964.0625,550773885.9375,649139779.6875,696632062.5,716945596.875,641879100,540425123.4375,416978634.375,260537660.15625,218080792.96875,0.00104750297032297,0.00123174034524709,0.00164853665046394,0.00116551341488957,0.00203251605853438,0.00333706615492702,0.00493464944884181,0.00541561702266335,0.00250868033617735,0.0021982598118484,0.00171094015240669,0.000491440645419061
"84",-10.4039672851562,-8.5206359863281,-5.44342651367185,-2.48135986328123,7.8001647949219,10.5729614257813,15.3170104980469,14.5153137207031,8.50472412109377,0.731561279296898,-2.29938354492185,-6.81256713867185,2.11999225616455,2.2699978351593,4.49555110931396,5.01350450515747,1.50985765457153,3.27095341682434,4.37331104278564,4.08229398727417,3.13999462127686,2.9300000667572,1.98999917507172,1.68999981880188,256364388.28125,325936553.90625,444481171.875,553661704.6875,651783796.875,707503781.25,715329140.625,648623784.375,529436376.5625,373056089.0625,275432695.3125,229042518.75,0.0010444656945765,0.00116002396680415,0.0011020191013813,0.00117117946501821,0.00240330398082733,0.00375327770598233,0.00449170963838696,0.0048508383333683,0.00221272022463381,0.00167058547958732,0.00110430677887052,0.000798657827544957
"85",-11.8362182617187,-9.90653076171873,-3.6323303222656,2.2112976074219,7.50014648437502,12.0890441894531,14.711083984375,14.1120239257813,7.44393310546877,3.22005615234377,-6.2395080566406,-7.85861816406248,2.159996509552,1.46999835968018,1.69833898544312,4.23496437072754,2.97377157211304,3.65000700950623,7.4178318977356,0.799555361270905,4.13000106811523,3.2320339679718,3.35492157936096,2.5319619178772,257968673.4375,312277359.375,484119407.8125,570051253.125,663791203.125,719645259.375,700322835.9375,660490115.625,513690651.5625,412588771.875,252987257.8125,228750475.78125,0.000618325197137892,0.000742925680242479,0.00128696265164763,0.0016619770321995,0.00257864454761147,0.00240700575523078,0.00426080310717225,0.0043432260863483,0.00277971080504358,0.00135628809221089,0.000615063065197319,0.000615016382653266
"86",-3.42600097656248,-5.3248352050781,0.405267333984398,1.58220825195315,5.65398559570315,12.9047790527344,13.9091430664063,13.8276611328125,8.06502685546877,2.99770507812502,-2.78195800781248,-7.21646728515623,1.17999315261841,1.78000020980835,2.38880324363708,6.25042867660522,3.79000020027161,4.3613109588623,3.94553065299988,2.36036038398743,1.3642383813858,3.95780038833618,2.08519291877747,0.90302187204361,267649734.375,293633564.0625,464955060.9375,555480323.4375,672696098.4375,711691228.125,713990446.875,656315114.0625,499738654.6875,409688634.375,264434878.125,235146100.78125,0.00122548907529563,0.00116678816266358,0.00184604176320136,0.00209109717980027,0.00258347112685442,0.00474271411076188,0.00474045379087329,0.00441129039973021,0.00275441748090088,0.0018472692463547,0.00116787641309202,0.000920212711207569
"87",-7.41669311523435,-5.65643920898435,-4.82404174804685,2.35231933593752,7.34676513671877,11.9973388671875,14.2248779296875,12.8712097167969,9.12630615234377,4.47908935546877,-3.30130615234373,-8.5163635253906,1.92999613285065,1.80999994277954,4.68999910354614,4.0030837059021,5.64434957504272,2.9609591960907,3.10713791847229,4.28378105163574,1.77000200748444,1.80298757553101,3.11503005027771,2.28000020980835,261135878.90625,301588797.65625,450325153.125,597704273.4375,644133853.125,716186896.875,709533759.375,638945170.3125,542425696.875,432025607.8125,268720410.9375,227879810.15625,0.000861418666318059,0.00129161844961345,0.00122573482804,0.00153600901830941,0.00301050860434771,0.00321653066202998,0.00497165462002158,0.00416691601276398,0.00233396980911493,0.00092528888490051,0.00116366485599428,0.000736588146537542
"88",-10.2611145019531,-7.82309570312498,-5.4252990722656,2.07253417968752,6.89287719726565,14.4117065429688,15.2390686035156,14.2752014160156,9.0888610839844,6.07491455078127,-2.4222473144531,-7.63052978515623,2.56664609909058,1.63024199008942,4.95314645767212,2.21822118759155,5.96494102478027,4.92155027389526,1.3218629360199,2.4800009727478,4.07999992370605,0.369999349117279,1.83999609947205,1.53999173641205,257810617.96875,322290351.5625,461374270.3125,582688265.625,669474871.875,720816806.25,745197975,663925696.875,546620273.4375,426053925,266783160.9375,234210782.8125,0.000615984026808292,0.000796234235167503,0.000917876488529146,0.0011721266200766,0.00227715657092631,0.00352319539524615,0.00381540763191879,0.00387819856405258,0.00196255766786635,0.00165877176914364,0.00110251316800714,0.000797984073869884
"89",-6.4426330566406,-12.6979431152344,-1.5133117675781,2.24947509765627,6.99202880859377,10.0949645996094,15.2705322265625,13.3350158691406,9.1544128417969,3.9678894042969,-1.2382873535156,-8.02472534179685,1.67999649047852,2.38882923126221,1.5400801897049,2.22073769569397,3.47670960426331,2.91325950622559,2.79470729827881,3.32451915740967,5.59000396728516,1.198686003685,1.40002024173737,1.94000029563904,265920510.9375,305094916.40625,473362650,573304921.875,668095551.5625,697664896.875,731747418.75,634975495.3125,553364789.0625,408627871.875,283977900,231670125,0.000975968956481665,0.000493671628646553,0.00129177758935839,0.00172791793011129,0.00271253776736557,0.00321390200406313,0.00528862560167909,0.00385828176513314,0.00203450513072312,0.00141893804538995,0.00110833905637264,0.000613329641055316
"90",-5.35196533203123,-7.3638977050781,-4.0283264160156,1.11980590820315,4.9306579589844,12.6780029296875,13.1395202636719,13.0975891113281,11.1532836914063,4.00985107421877,-0.917639160156227,-10.2766174316406,1.60999441146851,1.75999665260315,4.27999687194824,3.94000267982483,2.5204861164093,0.834353864192963,4.42188787460327,4.93220901489258,3.58998799324036,3.3036253452301,3.12649726867676,1.99999976158142,261936281.25,312535652.34375,464982525,560978367.1875,656119701.5625,735417478.125,711573693.75,659844731.25,539731392.1875,412651082.8125,271100903.90625,235402200,0.0012304336996749,0.000986066763289273,0.00153227581176907,0.00191192247439176,0.00259462045505643,0.00416988553479314,0.00437856046482921,0.00430376967415214,0.00294891907833517,0.00098435441032052,0.0011590332724154,0.000183567259227857
"91",-8.61200561523435,-4.31406249999998,-3.1524719238281,-0.193029785156227,6.82460937500002,11.4201599121094,13.7737365722656,13.5739379882813,9.0887390136719,3.89766845703127,-4.36163940429685,-6.2490295410156,2.51999735832214,1.21999835968018,1.26999938488007,3.70999908447266,6.53219175338745,6.55095195770264,7.58999967575073,5.43000984191895,2.89000296592712,1.87392950057983,3.050457239151,0.700000405311584,255720290.625,318131402.34375,453002582.8125,545969531.25,648220935.9375,702135042.1875,729138459.375,645475753.125,537577256.25,423804951.5625,254313717.1875,235613095.3125,0.000680184864904732,0.00146963004954159,0.00141156010795385,0.00209301058202982,0.00357676832936704,0.00438024615868926,0.00462841428816319,0.00406751222908497,0.0025201162789017,0.00140936521347612,0.000867637048941106,0.00110905256588012
"92",-7.9035705566406,-4.72360839843748,-1.6810363769531,4.08855590820315,7.74831542968752,10.0465942382813,12.5812316894531,12.3844848632813,10.2625671386719,5.1901794433594,-6.53961791992185,-9.23074951171873,1.82000732421875,1.74874043464661,4.12997341156006,1.77262461185455,4.86525630950928,5.77879285812378,4.02999639511108,4.7900071144104,0.609989583492279,1.21582865715027,1.96753644943237,2.18999910354614,267242139.84375,325202976.5625,463155764.0625,568539759.375,657406673.4375,694889465.625,705243459.375,644234090.625,550425965.625,427600560.9375,258433263.28125,223019535.9375,0.00116601551417261,0.0013460242189467,0.00147728505544364,0.00196469901129603,0.00271356920711696,0.00364346406422555,0.00455709360539913,0.00357279996387661,0.00227158586494625,0.00178213394246995,0.000856639759149402,0.00073638214962557
"93",-8.69516601562498,-10.1351379394531,-3.72781982421873,0.209985351562523,6.8100524902344,9.89742431640627,13.069482421875,12.9794250488281,8.08590087890627,2.34160766601565,-5.86063232421873,-6.4538635253906,2.35998964309692,2.53999900817871,3.36910009384155,3.59736394882202,4.41540193557739,4.56128263473511,2.81269884109497,4.42000007629395,6.13000345230103,4.67000102996826,2.5700044631958,0.999999225139618,259399230.46875,308927207.8125,459242114.0625,548955562.5,651669637.5,703646367.1875,716239462.5,643784625,542835801.5625,401637318.75,268305370.3125,230724028.125,0.000798343389760703,0.000736351532395929,0.00128808105364442,0.00141714513301849,0.00271541089750826,0.00363287469372153,0.00530753191560507,0.004742874763906,0.00208960566669703,0.00135375128593296,0.000556693412363529,0.00110227323602885
"94",-5.54633178710935,-7.6292785644531,-1.63202514648435,1.37941894531252,8.62844238281252,13.4943481445313,14.6512390136719,15.0462890625,10.7864624023438,4.0549255371094,-3.64142456054685,-4.75540771484373,2.05999684333801,2.16863608360291,2.08600068092346,4.27617263793945,1.79838192462921,1.99000370502472,2.06999754905701,1.93919312953949,0.473444104194641,2.57000398635864,1.40000581741333,1.32000052928925,256959569.53125,310171928.90625,481459443.75,556303696.875,670569384.375,735129421.875,742055259.375,659474957.8125,546924360.9375,398401115.625,265980839.0625,230950701.5625,0.00104679574724287,0.000682235520798713,0.00135191273875535,0.0019664338324219,0.00284415576606989,0.00444565201178193,0.00487061077728868,0.00436523696407676,0.00292387674562633,0.00208567827939987,0.00128745136316866,0.0012852712534368
"95",-6.75156249999998,-3.66348876953123,-2.34061279296873,-0.254888916015602,3.79903564453127,9.73699340820315,13.9056030273438,15.9680114746094,9.30916748046877,3.89058837890627,0.0464416503906477,-4.71695556640623,2.7599995136261,2.21302533149719,2.76599884033203,5.00442266464233,8.50963115692139,4.99671840667725,5.56349754333496,1.7250269651413,6.05593299865723,2.3073992729187,1.36000287532806,1.62999963760376,261394783.59375,312789367.96875,455395921.875,537440315.625,600589814.0625,680792343.75,719218996.875,669041606.25,517674079.6875,414280659.375,269904023.4375,240933297.65625,0.00134256400633603,0.00135423813480884,0.00172401394229382,0.00172137736808509,0.00289009604603052,0.00364551972597837,0.0049262922257185,0.00498729106038809,0.00319548277184367,0.00128349976148456,0.00141065625939518,0.00122282782103866
"96",-8.11212768554685,-5.4809631347656,-4.31241455078123,1.27266845703127,7.40664062500002,12.1473022460938,15.209130859375,14.0148559570313,8.7468200683594,3.82879028320315,-1.3404602050781,-5.67746582031248,2.29215526580811,3.4697630405426,2.81489682197571,0.848948836326599,5.43598461151123,3.22019457817078,3.05000257492065,1.21999788284302,4.20000457763672,1.09133446216583,2.03648614883423,1.78999733924866,258884606.25,321514460.15625,462265185.9375,563459920.3125,651417018.75,709017890.625,722058721.875,651066525,533082220.3125,415017464.0625,270355746.09375,230039746.875,0.000742456817533821,0.00141922244802117,0.00092617521295324,0.00166308460757136,0.00315023818984628,0.00436708284541965,0.0048592803068459,0.00479137385264039,0.00283038034103811,0.00172504398506135,0.000989294145256281,0.00123083824291825
"97",-8.26883544921873,-8.26206054687498,-4.49399414062498,-2.88153686523435,6.2152038574219,11.5595336914063,14.276513671875,12.6875854492188,9.99920043945315,3.2977233886719,-4.6485656738281,-6.9419006347656,2.19999361038208,1.73598909378052,1.30135011672974,6.02181100845337,2.83485102653503,5.53549814224243,4.42114877700806,6.01412534713745,2.70000290870667,3.0273745059967,2.04206085205078,2.48000121116638,259174350,310551089.0625,465033740.625,562891190.625,651903735.9375,706677159.375,719945718.75,651627028.125,534331350,415379896.875,270539388.28125,229999837.5,0.0011662042234093,0.00152496783994138,0.0015314711490646,0.00141324067953974,0.00276542105711997,0.00383031298406422,0.00558260641992092,0.00429638288915157,0.00301423948258162,0.00184618914499879,0.0012301200767979,0.00116350222378969
"98",-5.2801574707031,-6.34042968749998,-4.7716125488281,-0.227362060546852,6.8580261230469,8.42611083984377,15.5004821777344,14.7371765136719,12.3350769042969,3.24184570312502,-1.0340637207031,-7.98563232421873,1.797931432724,2.05380964279175,4.31000089645386,4.91138553619385,2.85315275192261,4.1399998664856,5.41480731964111,2.28713440895081,3.38999319076538,2.14988875389099,1.75860023498535,1.81999981403351,259287307.03125,310760001.5625,461819939.0625,562704975,652757737.5,706867171.875,720005203.125,651733340.625,535574742.1875,416190107.8125,271172137.5,230158546.875,0.00147706351708621,0.0015392362838611,0.00141914817504585,0.00184451846871525,0.00320271123200655,0.0041840192861855,0.00641730427742004,0.00539805553853512,0.00350797013379633,0.0025804431643337,0.0018952761311084,0.00128385971765965
"99",-5.30155029296873,-4.64313354492185,-2.06146850585935,-1.67172851562498,5.1090026855469,10.4302612304688,15.251123046875,13.8269592285156,7.2684265136719,4.17742309570315,1.43865356445315,-4.99387207031248,2.66999173164368,1.57999932765961,1.06999921798706,5.06336355209351,4.38433647155762,3.2955858707428,3.46704149246216,4.05450105667114,4.21000480651855,1.19999480247498,1.61999917030334,1.60999739170074,258987121.875,310293892.96875,463454535.9375,562767496.875,654277331.25,709066406.25,722590537.5,651439757.8125,534045529.6875,415723429.6875,270111353.90625,230156268.75,0.00129170890431851,0.00152596994303167,0.00153345661237836,0.00202452670782804,0.00282960617914796,0.00369324488565326,0.0043132328428328,0.0046687163412571,0.00214735348708928,0.000867006601765752,0.00141198060009629,0.00110143842175603
"100",-1.36740722656248,-4.0535949707031,-2.7697814941406,2.67458496093752,8.4428649902344,11.5512023925781,16.390771484375,15.6196838378906,9.48381958007815,3.76754150390627,-7.8667053222656,-7.83905639648435,3.04999732971191,3.14999556541443,3.32000041007996,2.29999876022339,3.6800000667572,2.26000070571899,3.53999543190002,2.20000100135803,4.06000280380249,1.55539751052856,1.76346290111542,1.24726450443268,258665779.6875,321427659.375,461679581.25,564147450,652784990.625,707789728.125,721131862.5,648504857.8125,535901020.3125,415480767.1875,270923821.875,230437870.3125,0.00129493966232985,0.0015373962232843,0.00141754059586674,0.0019166610436514,0.00313661736436188,0.00320425233803689,0.00493742851540446,0.00467483699321747,0.00244098249822855,0.0020814617164433,0.000609543989412487,0.000674483890179545
"101",-7.16754760742185,-7.9818176269531,-3.19306030273435,1.78850708007815,6.98641357421877,12.4716735839844,16.2879577636719,14.9073425292969,11.3822875976563,4.0350280761719,-0.690252685546852,-6.3175109863281,2.14000034332275,2.72741174697876,2.73828458786011,2.91000056266785,3.98243284225464,1.2802255153656,7.25003099441528,3.51998448371887,2.04000091552734,2.51999616622925,2.58999943733215,1.85999917984009,258665779.6875,321427659.375,461679581.25,564147450,652784990.625,707789728.125,721131862.5,648504857.8125,535901020.3125,0,NA,618913237.5,0.00147346314042807,0.000986386206932366,0.00147454172838479,0.00172507821116596,0.00271194032393396,0.00406403420493007,0.00610587419942021,0.0040652034804225,0.00331369950436056,0.00153306091669947,0.00172095303423703,0.00104227440897375
"102",-7.23847045898435,-7.3158020019531,-6.45175781249998,2.1655212402344,6.12185058593752,14.1343322753906,17.1505981445313,13.5480285644531,9.77987060546877,0.232598876953148,-3.32779541015623,-4.61029663085935,1.37488603591919,1.19241297245026,2.18563580513,2.3508665561676,2.61110997200012,1.42000186443329,1.31000149250031,4.07998847961426,2.38000321388245,2.80917716026306,2.03713369369507,1.99049758911133,259249781.25,310201713.28125,462213042.1875,562524412.5,651380020.3125,709460268.75,720182643.75,650485940.625,536438531.25,415707440.625,271029269.53125,230476893.75,0.00116986152715981,0.000985513208433986,0.00086035009007901,0.00184280320536345,0.00233149621635675,0.00381794990971684,0.00482851499691606,0.00438181078061461,0.0030193270649761,0.00148053700104356,0.00129348563496023,0.00128787371795624
"103",-3.2535461425781,-8.96817626953123,-2.31488647460935,2.30257568359377,7.18734130859377,9.7363220214844,18.0974060058594,15.6381469726563,8.65847167968752,6.50057373046877,-4.03021850585935,-5.73190917968748,1.93999826908112,3.39751601219177,3.05128192901611,2.47186732292175,4.5058708190918,4.16730213165283,2.566241979599,1.76977169513702,3.23824143409729,2.24468159675598,2.87691020965576,2.22488713264465,259021631.25,311037996.09375,463561270.3125,561723609.375,652687579.6875,707351400,719939137.5,648578221.875,533110528.125,415148287.5,270064800,230178100.78125,0.00128637044690549,0.00115806900430471,0.00141164986416698,0.00184876704588532,0.00301200989633799,0.00375461112707853,0.00504727941006422,0.0046099298633635,0.00220671412535012,0.00190949777606875,0.00116901786532253,0.00134777929633856
"104",-6.77802124023435,-7.89072265624998,0.101007080078148,1.7037292480469,8.1767517089844,10.6950927734375,14.1190734863281,12.7320190429688,9.47646484375002,4.37310180664065,-3.1304992675781,-5.17404785156248,1.64614009857178,2.69239139556885,2.03134655952454,5.94936037063599,1.70496165752411,5.46731758117676,3.61910629272461,3.36982417106628,3.69797897338867,2.12600803375244,1.81300258636475,2.09999799728394,262362733.59375,298524719.53125,444994425,551256215.625,646683581.25,691820451.5625,750970153.125,653692654.6875,542219695.3125,428087446.875,256683114.84375,224976403.125,0.00116802204865962,0.00110676232725382,0.0016570397419855,0.00178887252695858,0.00259164744056761,0.00333689549006522,0.00486952671781182,0.00370601541362703,0.00301078124903142,0.00202339747920632,0.00117201963439584,0.00129189831204712
"105",-5.66266479492185,-5.18402709960935,-3.2710021972656,0.997766113281273,6.3715759277344,10.7396484375,16.1971069335938,13.4012390136719,11.3152404785156,4.54860839843752,-0.918890380859352,-6.98261108398435,1.45000314712524,4.77998781204224,3.13360357284546,3.48866271972656,7.9404764175415,1.81618309020996,3.17932534217834,4.56046438217163,1.95702660083771,3.35978174209595,1.38661897182465,1.88189721107483,257134183.59375,310380187.5,471372370.3125,556623478.125,660762562.5,694632585.9375,706675471.875,647556820.3125,523600917.1875,395493004.6875,262978059.375,225112057.03125,0.0012312731705606,0.00116902706213295,0.00141467561479658,0.00142596289515495,0.00278139906004071,0.00444029038771987,0.0051686936058104,0.00395645573735237,0.00283647631295025,0.00215820083394647,0.0015422300202772,0.00123161217197776
"106",-3.7967590332031,-8.2519592285156,-4.9085754394531,2.9704528808594,7.92839965820315,14.3024536132813,16.1868225097656,14.1149841308594,7.0433288574219,2.69979248046877,-1.98248901367185,-6.2661193847656,1.77969551086426,1.83946537971497,4.11969470977783,2.66580438613892,1.2021381855011,2.65193891525269,5.11901760101318,3.78020691871643,5.76883554458618,2.8159773349762,1.74761390686035,1.65991461277008,256327284.375,307023602.34375,450749432.8125,555862120.3125,655161918.75,700855875,739247850,643135696.875,543404910.9375,410638359.375,267290170.3125,226003246.875,0.00140913273207843,0.000853550271131098,0.00146591092925519,0.00233298446983099,0.00288435351103544,0.00356407626532018,0.00425509735941887,0.0040057678706944,0.00191397895105183,0.00197974080219865,0.00135773664806038,0.000985230086371303
"107",-10.33017578125,-6.5317443847656,-0.324163818359352,0.843560791015648,6.98784790039065,12.5140014648438,16.5726867675781,15.5762878417969,10.2192016601563,4.72957763671877,-1.50897827148435,-9.4320129394531,1.70989692211151,1.68638205528259,2.0977144241333,4.82423734664917,5.32037353515625,3.29960775375366,5.39050102233887,4.25553512573242,2.67879867553711,1.76015567779541,2.13808131217957,2.50986504554749,260336214.84375,305088503.90625,450990871.875,574314131.25,673705898.4375,741506990.625,735482531.25,643187292.1875,527952515.625,400573940.625,273215763.28125,226801708.59375,0.00104552612174302,0.000867388735059649,0.00185092317406088,0.00178666750434786,0.0035658807028085,0.00436961464583874,0.00542330183088779,0.00448225857689977,0.00301230303011835,0.00215685437433422,0.00115842442028224,0.000796227133832872
"108",-9.7838195800781,-7.23367919921873,-4.20108642578123,-0.510534667968727,5.13936767578127,10.8592163085938,16.3857666015625,13.542138671875,8.81328735351565,3.80910644531252,-0.875402832031227,-8.73953857421873,2.35901808738708,2.55902814865112,1.75030326843262,4.19277095794678,7.12411737442017,4.105788230896,2.00757050514221,5.12972497940063,1.6698853969574,3.98027348518372,2.17228698730469,2.72450113296509,256862749.21875,301332656.25,459906946.875,549723248.4375,657328626.5625,732943856.25,717869756.25,641338382.8125,530485621.875,413566846.875,278670817.96875,222560852.34375,0.000861619308125228,0.00110153330024332,0.00110474717803299,0.00129345781169832,0.0025156126357615,0.00320296082645655,0.00517033971846104,0.00363445933908224,0.00275379163213074,0.00197066436521709,0.00171860307455063,0.000921498576644808
"109",-6.5916809082031,-4.83722534179685,-2.75046386718748,-0.176062011718727,7.1840759277344,9.94829711914065,13.7075134277344,13.0990539550781,9.91134033203127,-0.251440429687477,-1.37052001953123,-11.5827392578125,2.6299901008606,1.86824488639832,1.98853814601898,5.22508192062378,1.51785671710968,5.47500467300415,2.92944693565369,2.66011548042297,2.82947659492493,3.58774518966675,2.10104274749756,2.56999850273132,258264302.34375,311898410.15625,449691960.9375,573393473.4375,643958268.75,714201300,740886243.75,637654359.375,535629206.25,415067793.75,266724140.625,231538099.21875,0.00116739934310317,0.00129533221479505,0.00154204957652837,0.00190638599451631,0.00258066412061453,0.00339107890613377,0.00469302479177713,0.00431101582944393,0.0028320390265435,0.00135549728292972,0.0015910902293399,0.000673379399813712
"110",-7.38706054687498,-9.72635498046873,-3.70038452148435,0.949731445312523,4.4025817871094,12.0568176269531,14.9648681640625,13.8946166992188,10.5708557128906,6.43514404296877,-3.1578430175781,-5.13760986328123,1.6158150434494,2.1865291595459,2.7218713760376,5.02456283569336,4.41772413253784,2.99875998497009,4.52925109863281,4.02454948425293,2.23517441749573,1.42700791358948,1.97748136520386,2.74928641319275,258447691.40625,303072764.0625,466717907.8125,543550415.625,650264793.75,679583714.0625,712888593.75,663577312.5,542472946.875,380144221.875,276590046.09375,222152709.375,0.00111658056266606,0.000947578402701765,0.00141798541881144,0.00185411190614104,0.00268456013873219,0.00383738079108298,0.00503676338121295,0.00461438996717334,0.00262078712694347,0.00191381829790771,0.0011537428945303,0.00120190565939993
