"","MMA001","MMA002","MMA003","MMA004","MMA005","MMA006","MMA007","MMA008","MMA009","MMA010","MMA011","MMA012","MMA013","MMA014","MMA015","MMA016","MMA017","MMA018","MMA019","MMA020","MMA021","MMA022","MMA023","MMA024","MMA025","MMA026","MMA027","MMA028","MMA029","MMA030","MMA031","MMA032","MMA033","MMA034","MMA035","MMB001","MMB002","MMB003","MMB004","MMB005","MMB006","MMB007","MMB008","MMB009","MMB010","MMB011","MMB012","MMB013","MMB014","MMB015","MMB016","MMB018","MMB019","MMB020","MMB021","MMB022","MMB023","MMB024","MMB025","MMB026","MMC001","MMC002","MMC003","MMC005","MMC006","MMC007","MMC008","MMC010","MMC011","MMC012","MMC013","MMC014","MMC015","MMC016","MMC017","MMC018","MMC019","MMC020","MMC021","MMC022","MMC023","MMC024","MMC025","MMC026","MMC027","MMC029","MMC030","MMC031","MMC032","MMC033"
"1903",0.134649478949206,0.206785878607261,0.0809536421464645,0.202150862871289,0.0376741718213287,0.0417048111759801,0.109425601718521,0.0820607599030153,0.0781336039561776,0.0374583952585702,0.0219551162014524,0.0716757963627874,0.135337726345577,0.168889816760355,0.151451951921308,0.160961324421595,0.154216754510328,0.478875273819674,0.117467957076058,0.115680530047768,0.0813979517701452,0.113688437198594,0.122610248324085,0.433998284905015,0.0805454256087431,0.0406123584806026,0.115274455983954,0.1590789836704,0.164702057214819,0.117100591254174,0.0993673916913442,0.339,0.145971506598632,0.123470914504984,0.157570114284758,1.024,0.0578050936603356,0,0.0235959301863938,0.106390829690419,0.136518587613353,0.127562642587576,0.191110900882775,0.321435937401608,0.21297894159226,0.275334084807725,0.0875691785870589,0.328764269814924,0.288781571163657,0.284250615963195,0.125455120320401,0.0629500182026185,0.241922996012598,0.0610635805852092,0.0378967476685926,0.163762226985937,0.117684225964725,0.172392001031421,0.0470197072668277,0.14315773213135,0.104227312382796,0.121989572332226,0.247767291977604,0.178195665079852,0.336114591420144,0.0675430015351312,0.0541147060734994,0.178276386057914,0.121184346923891,0.157633219925582,0.273507143842399,0.131990857553405,0.160457036546251,0.486652009292204,0.382968676483715,0.233062182786149,0.0595987779522496,0.157816803440901,0.00752314616462705,0.195702946904386,0.0341606076322423,0.211371513637035,0.0926552710073319,0.272505027328584,0.212897398607049,0.106188401293298,0.130525167296058,0.126076359589447,0.233781315892768,0.203539786733698
"1904",0.079,0.202650705223326,0.0821043435536746,0.202150867233589,0.038779669278462,0.0436572959621106,0.106988083219597,0.0831143989458247,0.0795925782378854,0.040031350495427,0.0228256855764266,0.0727680713539613,0.134007388335677,0.164573712296354,0.488,0.161522570078645,0.154216904070723,0.474701726603635,0.116668205792531,0.346,0.0819518269658329,0.114209062880379,0.12333619723516,0.432301907558755,0.0823243423662293,0.0418492518427422,0.115422589425751,0.159639678185661,0.164702057832341,0.118579793469549,0.101306955246992,0.229,0.147070535051818,0.123470912562427,0.157570116048107,0.705,0.0591546600015146,0,0.0272577675012098,0.105779484642943,0.13693553869144,0.128723079404558,0.197491372424992,0.318088118770359,0.211342418699687,0.272110144595577,0.0883288872990682,0.328628422995393,0.28939089781979,0.284509518802773,0.134161383031188,0.064246016594854,0.243195829577325,0.0618551632766644,0.0401892834189327,0.163819814466689,0.11800316947245,0.171966202123442,0.148,0.143157734442014,0.105304491398325,0.12198948842578,0.248344222642611,0.178618956412521,0.341148647402706,0.0690811471494342,0.0555318309082631,0.178276380189059,0.121184345907464,0.158174752881689,0.273507145487435,0.131991238558609,0.160858688407466,0.481001706915679,0.385158914203378,0.234343310036949,0.0622699616345834,0.15792802277744,0.0120486210718754,0.19614621418022,0.0358786797473292,0.207340799884319,0.0926552736443151,0.271482991572557,0.210998092337712,0.107147088663868,0.130986252683789,0.126578917058725,0.282,0.203539695441004
"1905",0.13,0.198517697028944,0.0832554168522674,0.202150871595983,0.0398854762007119,0.0456098954856148,0.167,0.0841678814316321,0.0810516114785498,0.0426035944264077,0.0236964549859559,0.0738601171223194,0.132677797508597,0.234,0.507,0.162083715145632,0.154217053672649,0.470530118624885,0.115869997799017,0.259,0.0825057918132211,0.114730283691744,0.124061471633427,0.430604544615175,0.0841034721010648,0.0430862710639436,0.115571286515745,0.160200820339545,0.164702058450371,0.120059236920213,0.103246507185596,0.156,0.148169178640115,0.326,0.084,0.674,0.060504071887959,0,0.0309197187341292,0.105168228158332,0.1373529792777,0.129883231924647,0.203867720737334,0.314741275945189,0.209705943972116,0.268888201988103,0.0890886044611944,0.328491499248667,0.289998461242481,0.284767313588037,0.142863006117249,0.06554204407027,0.244466300928724,0.0626488058374003,0.0424823917176148,0.163877680050526,0.118322156837756,0.192,0.062,0.09,0.106382143211173,0.121989404521169,0.248920139724892,0.179042205884661,0.34617461417147,0.0706182543897837,0.0569481263909488,0.178276374319243,0.121184344891468,0.158715552528954,0.273507147132869,0.131991619608431,0.161259601762586,0.475354469899248,0.387343854455585,0.235622974843628,0.0649397744961134,0.158039811580864,0.0165732666418014,0.196589446136204,0.0375973161974807,0.203314166534023,0.0926552762830078,0.270461288822969,0.209100433547412,0.108106000256829,0.131447285957952,0.127081436746643,0.334,0.298
"1906",0.16,0.194389019213668,0.0844072339336254,0.202150875958567,0.040991902053195,0.0475627244838666,0.131,0.0852210508034357,0.0825107626371276,0.0451744157456362,0.0245676244645957,0.0749517044450461,0.131349701047157,0.2315,0.3175,0.162644659032493,0.154217203357637,0.466362389120716,0.177,0.093,0.0830599359640103,0.115252694762272,0.124785397006077,0.428905210476952,0.085883027790599,0.0443235420032691,0.115721110902136,0.185,0.164702059069415,0.121539162841456,0.105186035890116,0.135,0.149267052498636,0.249,0.067,0.642,0.061853174864934,0,0.0345818978032554,0.104557148799449,0.137771398880308,0.131042815850948,0.210235822589923,0.375,0.208069565574554,0.265670254589977,0.0898483385235546,0.328352421647554,0.29060249819829,0.285022892264672,0.151555349953857,0.0668381297120471,0.245732047853469,0.0634465681366975,0.0447766451129811,0.163936101840529,0.146,0.1625,0.08,0.054,0.107460740618663,0.121989320620226,0.24949402964172,0.179465371635743,0.35118440251264,0.072153284882226,0.0583627631694785,0.178276368447503,0.121184343876334,0.159254885558535,0.273507148779098,0.131992000747488,0.161659038105517,0.469713363603004,0.389518199772881,0.236899714762066,0.0676068457160357,0.158152739318057,0.0210962535370825,0.197032607452486,0.0393170813177614,0.199295693988569,0.0926552789251194,0.269440252086263,0.207206069715188,0.109065360294571,0.131908215004981,0.12758388087184,0.326,0.176
"1907",0.126,0.190266836967053,0.0855601666891313,0.202150880321435,0.0420992563010281,0.0495158976942398,0.084,0.0862737505042336,0.0839700906725753,0.0477431031472365,0.0254393940469011,0.0760426040993256,0.130023846134177,0.2415,0.232,0.163205301149167,0.154217353167216,0.462200477328416,0.081,0.1915,0.0836143490699012,0.115776891221542,0.125507298840302,0.427202919546766,0.0876632224121813,0.0455611905197806,0.11587262623312,0.131,0.164702059689982,0.123019812468566,0.107125529743508,0.212,0.150363771762493,0.181,0.135,0.533,0.0632018144777052,1.67036372667288e-05,0.0382444186266919,0.103946335129159,0.138191287007438,0.132201546886567,0.216591554752885,0.287,0.206433331672003,0.262458300005874,0.0906080979362659,0.32821011326486,0.291201245453775,0.285275146778365,0.160233774916287,0.068134302603366,0.246990708138231,0.0642505100438368,0.0470726161533738,0.163995357939782,0.139,0.17,0.061,0.09,0.108540756418114,0.121989236724785,0.250064878810367,0.179888411805239,0.356169923212416,0.0736852002528078,0.0597749118917744,0.178276362572878,0.121184342862491,0.15979201866159,0.27350715042652,0.131992382020399,0.162056258930162,0.464081453387043,0.391676652687812,0.238172067348142,0.0702698044735467,0.158267375455903,0.0256167524203965,0.197475662809216,0.0410385394432359,0.195289462650376,0.0926552815723596,0.268420214368876,0.205316648320077,0.110025392999486,0.132368987711309,0.128086211652957,0.2795,0.158
"1908",0.115,0.18615331547865,0.0867145870101677,0.202150884684683,0.0432078484093277,0.051469529854108,0.151,0.0873258239770238,0.0854296545438496,0.0503089453253323,0.0263119637674272,0.0771325868623421,0.128700979952477,0.2275,0.2735,0.204,0.154217503142919,0.458046322485276,0.064,0.1055,0.0841691207825941,0.116303468199138,0.126226502623293,0.425496686227294,0.0894442689431611,0.04679934247254,0.116026396156897,0.157,0.164702060312578,0.124501427036834,0.10906497712873,0.221,0.151458951566798,0.141,0.04,0.558,0.0645498362715377,0.00375843140175276,0.041907395122542,0.103335875710326,0.138613133167262,0.208,0.219,0.475,0.204797290429467,0.259254335840466,0.0913678911494452,0.328063497173391,0.291792939775496,0.285522969074803,0.168893641379812,0.145,0.248239919569684,0.0650626914280987,0.0493708773871348,0.164055726451368,0.198,0.2125,0.08,0.086,0.17,0.121989152836681,0.250631673648107,0.18031128453262,0.361123087057003,0.0752129621275753,0.0611837432057583,0.178276356694407,0.121184341850373,0.160326218529278,0.273507152075531,0.13199276347178,0.162450525730428,0.458461804611459,0.393813915732921,0.239438570157735,0.0729272799478423,0.158384289461288,0.0301339339544207,0.197918576886542,0.0427622549089687,0.191299552921866,0.0926552842264377,0.26740150867725,0.203433816841117,0.110986322593964,0.132829551963366,0.128588391308632,0.3045,0.269
"1909",0.134,0.182050619938014,0.0878708667881172,0.202150889048405,0.0443179878432104,0.0534237357008451,0.158,0.0883771146648046,0.0868895132099071,0.0528712309740477,0.0271855336607294,0.0782214235112799,0.127381849684878,0.2635,0.183,0.083,0.154217653326275,0.453901863828587,0.047,0.1,0.0847243407537896,0.116833020824639,0.126942333842242,0.423785524921217,0.0912263803608877,0.0480381237206095,0.116182984321664,0.13,0.164702060937711,0.125984247781547,0.111004366428739,0.224,0.152552207046662,0.133,0.059,0.502,0.065897085791697,0.00749186266019883,0.0455709412089092,0.102725859105814,0.139037426867956,0.287,0.213,0.3695,0.20316149001195,0.256060359698428,0.0921277266132094,0.327911496445953,0.292375817930011,0.285765251099669,0.177530309719706,0.138,0.2494773199345,0.0658851721587641,0.0516720013626065,0.164117485478372,0.139,0.27,0.064,0.093,0.251,0.121989068957748,0.251193400572214,0.180733947957357,0.366035804832602,0.076735532132575,0.0625884277593525,0.178276350811127,0.121184340840407,0.160856751852755,0.27350715372653,0.13199314514625,0.162841100000219,0.452857482636344,0.395924691440754,0.240697760746725,0.075577901318119,0.248,0.034646968801833,0.198361314364616,0.0444887920500246,0.187330045205458,0.0926552868890633,0.293,0.201559222757345,0.111948373300397,0.133289855647588,0.129090382057507,0.2735,0.265
"1910",0.146,0.177960915534698,0.0890293779143624,0.202150893412696,0.045429984067793,0.0553786299718249,0.198,0.0894274660105738,0.0883497256297045,0.043,0.0280603037613628,0.0793088848233233,0.126067202514198,0.189,0.1365,0.2045,0.154217803758815,0.432,0.072,0.15,0.0852800986351882,0.117366144227626,0.127654117984341,0.422068450031212,0.0930097696427104,0.0492776601230508,0.116342954375618,0.203,0.164702061565889,0.127468515937997,0.112943686026493,0.321,0.153643153337198,0.11,0.175,0.3685,0.0672434085834484,0.0112153381113968,0.0492351708038968,0.102116373878488,0.139464657617692,0.177,0.1925,0.4595,0.201525978584455,0.252878369184434,0.0928876127776757,0.327753034155353,0.292948116683879,0.286000884798652,0.186139140311244,0.113,0.250700547019351,0.0667200121051134,0.0539765606281306,0.164180913123876,0.058,0.1705,0.033,0.094,0.1035,0.12198898508982,0.25174904599996,0.181156360218921,0.370899987325415,0.0782518718938535,0.0639881362004788,0.178276344922076,0.132,0.16138288532318,0.273507155379915,0.131993527088426,0.163227243233441,0.447271552821793,0.398003682343855,0.241948176670991,0.0782202977635727,0.225,0.0391550276253107,0.198803839923584,0.0462187152014679,0.183385019903575,0.0926552895619459,0.216,0.199694513547799,0.112911769341174,0.133749846650405,0.161,0.2655,0.337
"1911",0.089,0.173886367458254,0.0901904922802861,0.202150897777652,0.0465441465481919,0.0573343274044211,0.179,0.0904767214573298,0.0898103507621985,0.034,0.0289364741038826,0.0803947415756565,0.124757785623259,0.137,0.0755,0.117,0.171,0.23,0.06,0.1255,0.0858364840784906,0.117903433537682,0.128361180536781,0.420344475959958,0.0947946497659787,0.0505180775389262,0.116506869966959,0.12,0.164702062197619,0.12895447274147,0.114882924304949,0.2135,0.154731405573518,0.023,0.112,0.3395,0.0685886501920573,0.0149271984541388,0.0529001978256085,0.101507508591211,0.139895314924644,0.156,0.194333333333333,0.2845,0.199890804311988,0.245,0.0936475580929611,0.327587033374396,0.293508072803659,0.286228762117436,0.194715493529698,0.069,0.251907238610911,0.0675692711364274,0.0562851277320495,0.164246287490964,0.17,0.212,0.102,0.0725,0.1125,0.12198890123473,0.25229759634862,0.181578479456784,0.375707545321646,0.0797609430374571,0.0653820391770594,0.178276339026294,0.359,0.161903885631712,0.273507157036082,0.131993909342927,0.163608216923998,0.441707080527901,0.400045590974769,0.243188355486412,0.0808530984633999,0.358,0.0436572810875317,0.199246118243598,0.0479525886983635,0.179468557418635,0.257,0.243,0.141,0.113876734938687,0.134209472858252,0.136,0.309,0.239
"1912",0.2375,0.169829140898237,0.0913545817772707,0.202150902143366,0.047660784749524,0.0592909427360075,0.254,0.0915247244480704,0.0912714475663457,0.037,0.029814244722844,0.0814787645454638,0.123454346194881,0.141,0.1125,0.1335,0.189,0.2725,0.057,0.089,0.086393586735397,0.13,0.129062846986754,0.418612617110134,0.0965812337080418,0.0517595018272975,0.116675294743884,0.285,0.164702062833408,0.130442359427258,0.116822069647065,0.2695,0.126,0.05,0.1,0.6155,0.069932656162789,0.0186257843872168,0.0565661361921473,0.100899351806849,0.140329888296987,0.226,0.338666666666667,0.456,0.19825601535955,0.44,0.0944075710091824,0.32741241717589,0.294053923055909,0.286447775001708,0.203254729750343,0.068,0.253095032495852,0.0684350091219868,0.0585982752227052,0.164313886682718,0.112,0.2565,0.054,0.1235,0.163,0.121988817394315,0.252838038035466,0.182000263810416,0.380450389607495,0.0812617071894323,0.0667693073370162,0.178276333122818,0.194,0.162419019469507,0.273507158695429,0.131994291954369,0.163983282565795,0.436167131114761,0.402045119866041,0.244416834748867,0.0834749325967965,0.16,0.0481528998511733,0.199688114004806,0.0496909768757758,0.17558473815306,0.163,0.448,0.252,0.108,0.13466868215756,0.154,0.3645,0.331
"1913",0.0895,0.165791401044199,0.092522018296699,0.202150906509934,0.0487802081369057,0.0612485907039579,0.137,0.0925713184257939,0.0927330750011026,0.011,0.0306938156528023,0.0825607245099294,0.198,0.0915,0.0825,0.1465,0.266,0.2335,0.094,0.0965,0.0869514962576082,0.066,0.129758442821451,0.41687188788442,0.0983697344462492,0.0530020588472267,0.116848792354591,0.072,0.164702063473764,0.131932417230649,0.118761110435798,0.151,0.039,0.018,0.098,0.281,0.0712752720409088,0.0223094366094227,0.0602330998216169,0.100291992088264,0.140768867242893,0.17,0.222333333333333,0.272,0.196621659892147,0.2115,0.0951676599764568,0.327228108632639,0.29458390420719,0.286656815397153,0.211752209348453,0.055,0.254261566460846,0.0693192859310723,0.0609165756484398,0.164383988802224,0.079,0.217,0.018,0.0535,0.118,0.121988733570406,0.253369357477771,0.18242167141929,0.385120430969167,0.0827531259758255,0.0681491113282713,0.178276327210686,0.116,0.162927553527725,0.273507160358353,0.149,0.164351701652738,0.430654769942468,0.403996971550216,0.245632152014236,0.0860844293429588,0.17,0.0526410545789132,0.200129791887357,0.0514344440687694,0.171737642509271,0.044,0.329,0.16,0.242,0.135127422434762,0.101,0.233,0.349
"1914",0.0955,0.161775313085694,0.0936931737299535,0.20215091087745,0.0499027261754537,0.0632073860456461,0.149,0.0936163468334984,0.0941952920254261,0.015,0.0315753869283125,0.0836403922462376,0.158,0.076,0.027,0.102,0.211,0.1715,0.04,0.141,0.0875103022968246,0.065,0.130447293528064,0.415121302685493,0.10016036495795,0.0542458744577758,0.117027926447278,0.071,0.164702064119194,0.133424887386933,0.120700035054105,0.117,0.06,0.01,0.108,0.191,0.0726163433716822,0.0259764958195485,0.0639012026321206,0.099685517998322,0.202,0.088,0.162333333333333,0.167,0.194987786074782,0.182,0.0959278334449011,0.327033030817451,0.295096253024058,0.286854775249457,0.220203292699301,0.024,0.255404478292566,0.0702241614329644,0.0632406015575955,0.164456871952563,0.124,0.155,0.049,0.052,0.1195,0.121988649764839,0.253890541092809,0.182842660422875,0.389709580192864,0.0842341610226832,0.0695206217987468,0.224,0.161,0.163428754497523,0.273507162025253,0.136,0.164712735678732,0.395,0.405895848559837,0.246832844838398,0.088680217881083,0.175,0.0571209159334291,0.2005711165714,0.0531835546124089,0.167931350889687,0.08,0.243666666666667,0.106,0.086,0.135585641576292,0.067,0.1705,0.232
"1915",0.22,0.157783042212275,0.094868419968417,0.20215091524601,0.0510286483302847,0.0651674434984459,0.199,0.0946596531141818,0.0956581575982727,0.064,0.03245915858393,0.0847175385315727,0.129,0.1035,0.0425,0.207,0.126,0.2715,0.029,0.097,0.0880700945047468,0.116,0.131128724593784,0.413359875916033,0.101953338220494,0.0554910745180069,0.117213260670143,0.256,0.164702064770205,0.134920011131398,0.122638831884945,0.151,0.11,0.014,0.1085,0.471,0.0739557157003745,0.0296253027163864,0.0675705585417619,0.0990800180998865,0.454,0.192,0.252,0.363,0.193354442072458,0.359,0.0966880998646325,0.326826106803132,0.295589206273075,0.287040546504307,0.228603340178162,0.067,0.256521405777685,0.071151695496944,0.0655709254985143,0.164532814236819,0.157,0.226,0.082,0.1195,0.2,0.121988565979448,0.254400575297853,0.183263188960644,0.394209748064787,0.0857037739560519,0.0708830093963646,0.292,0.147,0.163921889070059,0.273507163696526,0.145,0.165065646137682,0.284,0.40773645342745,0.248017450777233,0.0912609273903654,0.22,0.0615916545773984,0.201012052737086,0.054938872841759,0.264,0.04,0.341333333333333,0.24,0.09,0.136043287468581,0.105,0.331,0.349
"1916",0.162,0.153816753613496,0.0960481289034719,0.202150919615708,0.0521582840665152,0.067128877799731,0.144,0.0957010807108424,0.0971217306785991,0.085,0.0333453306542099,0.0857919341431189,0.062,0.1025,0.0375,0.1375,0.101,0.2715,0.071,0.06,0.0886309625330752,0.137,0.131802061505804,0.411586621978718,0.103748867211231,0.0567377848869819,0.117405358671384,0.223,0.164702065427305,0.136418029699334,0.124577489311274,0.113,0.059,0.049,0.093,0.4545,0.075293234572251,0.0332541979987281,0.0712412814686442,0.0984755809558219,0.258,0.139,0.337,0.3905,0.19172167605018,0.3155,0.097448467685768,0.326606259662487,0.296061000720797,0.287213021107388,0.236947712160308,0.034,0.257609986702875,0.0721039479922916,0.0679081200195383,0.164612093758077,0.079,0.242,0.065,0.123,0.089,0.121988482216067,0.254898446510176,0.183683215172068,0.398612845371139,0.087160926401978,0.0722354447690468,0.374,0.185,0.164406223936491,0.273507165372569,0.117,0.165409694523492,0.412,0.4095134886856,0.249184507386619,0.081,0.177,0.0660524411734988,0.201452565064563,0.0567009630918842,0.289,0.068,0.391666666666667,0.216,0.19,0.136500307998062,0.057,0.3285,0.366
"1917",0.1705,0.149878612478909,0.0972326724265009,0.202150923986639,0.053291942849262,0.0690918036868751,0.181,0.059,0.0985860702253619,0.077,0.0342341031737074,0.0868633498580605,0.039,0.074,0.0155,0.096,0.232,0.2415,0.092,0.079,0.0891929960335105,0.142,0.132466629751315,0.409800555276227,0.105547164907509,0.0579861314237628,0.1176047840992,0.159,0.164702066091002,0.137919184326031,0.12651599571605,0.0915,0.047,0.039,0.099,0.3245,0.0766287455325771,0.0368615223653658,0.0749134853308708,0.0978722951289924,0.29,0.144,0.272,0.292,0.190089536172951,0.2985,0.0982089453584244,0.326372412468324,0.296509873133784,0.287371091004387,0.245231769021015,0.041,0.258667858854809,0.0730829787882879,0.0702527576690096,0.164694988619418,0.03,0.158,0.021,0.096,0.018,0.12198839847653,0.255383141147053,0.184102697196617,0.402910782898124,0.0886045799865079,0.0735770985647154,0.281,0.143,0.164881025787978,0.27350716705378,0.078,0.165744142330068,0.483,0.411221656866831,0.250332552222436,0.223,0.131,0.0705024463844079,0.20189261823398,0.058470389697849,0.393,0.078,0.348333333333333,0.191,0.163,0.136956651051169,0.031,0.2645,0.252
"1918",0.029,0.145970783998068,0.0984224224288867,0.202150928358898,0.0544299341436416,0.0710563358972522,0.094,0.07,0.100051235197518,0.02,0.0351256761769778,0.0879315564535817,0.013,0.0525,0.015,0.184,0.147,0.177,0.049,0.1075,0.089756284657753,0.1,0.133121754817508,0.408000690211238,0.107348444286678,0.0592362399874117,0.1335,0.1025,0.164702066761802,0.139423716246777,0.12845433948223,0.0755,0.08,0.015,0.138,0.2075,0.0779620941266181,0.0404456165150915,0.0785872840465453,0.0972702491822624,0.27,0.116,0.265,0.2425,0.188458070605775,0.231,0.098969541332719,0.326123488293448,0.296934060278595,0.287513648140988,0.253450871135555,0.032,0.25969266002016,0.0740908477542137,0.0726054109952704,0.164781776923927,0.038,0.1345,0.011,0.063,0.085,0.146,0.255853645625755,0.184521593173764,0.407095471431942,0.0900336963356881,0.0749071414312925,0.2275,0.084,0.165345561315677,0.273507168740555,0.164,0.166068251051315,0.33,0.412855660503688,0.251460122840564,0.134,0.12,0.0749408408728033,0.202332176925487,0.0602477169947182,0.1455,0.075,0.289,0.105,0.127,0.137412264514333,0.022,0.2415,0.28
"1919",0.0515,0.142095433360526,0.0996177508020119,0.20215093273258,0.0555725674147707,0.0730225891682359,0.068,0.06,0.101517284554023,0.049,0.0360202496985762,0.0889963247068669,0.009,0.054,0.022,0.1255,0.154,0.17875,0.019,0.065,0.0903209180575034,0.111,0.09,0.406186041186431,0.109152918326088,0.0604882364369904,0.1285,0.108,0.164702067440214,0.140931866696861,0.130392508992772,0.058,0.058,0.019,0.146,0.2575,0.0792931258996394,0.0440048211466971,0.0822627915337709,0.096669531678496,0.189,0.074,0.257,0.2275,0.186827327513657,0.083,0.0997302640587685,0.325858410210666,0.297331798921789,0.287639584462879,0.211,0.026,0.260682027985599,0.0751296147593495,0.0749666525466626,0.164872736774686,0.059,0.0845,0.016,0.059,0.1915,0.108,0.256308946363556,0.184939861242978,0.411158821758797,0.0914472370755651,0.0762247440167001,0.185,0.211,0.165799097210745,0.273507170433294,0.1,0.166381282181138,0.294,0.414410202128716,0.252565756796881,0.059,0.0855,0.0793667953013625,0.202771205819233,0.0620335093175563,0.207,0.068,0.264666666666667,0.121,0.128,0.137867096273988,0.037,0.1855,0.115
"1920",0.084,0.138254725755837,0.100819029437259,0.202150937107779,0.0567201521277659,0.0749906782372,0.1215,0.048,0.102984277253835,0.073,0.0369180237730578,0.0900574253951002,0.018,0.058,0.0435,0.0735,0.155,0.2195,0.066,0.052,0.0908869858844621,0.1765,0.113,0.404355622604485,0.110960800003087,0.0617422466315611,0.0655,0.283,0.164702068126744,0.142443876911574,0.132330492630634,0.091,0.075,0.041,0.118,0.439,0.0806216863969064,0.0475374769589746,0.0859401217106512,0.0960702311805574,0.191,0.083,0.275,0.2065,0.185197355061598,0.2185,0.10049112198669,0.325576101292783,0.297701325829925,0.287747791915745,0.2365,0.027,0.261633600537801,0.0762013396729761,0.0773370548715286,0.16496814627478,0.051,0.1425,0.033,0.081,0.204,0.128,0.25674802977773,0.185357459543732,0.415092744664891,0.0928441638321852,0.0775290769688602,0.2225,0.15,0.166240900164343,0.273507172132393,0.076,0.166682497213442,0.21,0.415879984274459,0.253647991647268,0.098,0.0895,0.0837794803327632,0.203209669595367,0.0638283310014279,0.216,0.047,0.282,0.121,0.114,0.138321094216566,0.023,0.235,0.249
"1921",0.0535,0.134450826373554,0.102026630226011,0.202150941484591,0.0578729977477438,0.0769607178415184,0.0845,0.049,0.10445227225591,0.037,0.0378191984349779,0.091114629295466,0.009,0.045,0.0535,0.086,0.103,0.185,0.047,0.0195,0.066,0.1525,0.095,0.402508448868078,0.112772302295025,0.0629983964301856,0.036,0.191,0.1647020688219,0.143959988126203,0.134268278778772,0.1045,0.102,0.04,0.178,0.3275,0.0819476211636843,0.051041924650716,0.0896193884952895,0.095472436251311,0.212,0.074,0.235333333333333,0.243,0.183568201414605,0.1935,0.101252123566601,0.325275484612607,0.298040877769561,0.287837162445272,0.253,0.032,0.262545015463437,0.0773080823643741,0.0797171905182102,0.165068283527292,0.07,0.107,0.065,0.068,0.162,0.171,0.25716988228555,0.185774346215497,0.418889150936426,0.094223438231595,0.0788193109356949,0.151,0.105,0.166670236867626,0.27350717383825,0.174,0.166971157642132,0.287,0.417259709473463,0.254705364947603,0.092,0.1225,0.0881780666296828,0.203647532934038,0.0656327463813976,0.1475,0.029,0.237666666666667,0.1,0.112,0.138774206228499,0.01,0.2055,0.221
"1922",0.1585,0.130685900403229,0.10324092505965,0.202150945863111,0.0590314137398211,0.0789328227185646,0.1,0.062,0.105921328519205,0.045,0.0387239737188915,0.0921677071851484,0.008,0.0435,0.079,0.1125,0.116,0.21525,0.043,0.0315,0.071,0.1415,0.104,0.400643534379888,0.114587638179252,0.064256811691926,0.0735,0.211,0.16470206952619,0.14548044157604,0.136205855820145,0.1415,0.031,0.026,0.1475,0.338,0.0832707757452385,0.0545165049207133,0.0933007058057892,0.0948762354536209,0.267,0.066,0.251666666666667,0.2665,0.18193991473768,0.2265,0.102013277248617,0.324955483242944,0.298348691507256,0.287906587997146,0.2995,0.058,0.263413910549179,0.0784519027028241,0.0821076320350497,0.165173426635304,0.01,0.1665,0.096,0.0785,0.0945,0.146,0.257573490304288,0.186190479397744,0.422539951359606,0.0955840218998409,0.0800946165651261,0.192,0.119,0.167086374011754,0.273507175551262,0.079,0.167246524961113,0.238,0.418544080258271,0.255736414253765,0.087,0.101,0.0925617248547991,0.204084760515397,0.0674473197925299,0.198,0.036,0.23,0.077,0.099,0.139226380196222,0.011,0.214,0.296
"1923",0.0495,0.126962113034417,0.104462285829559,0.202150950243433,0.0601957095691145,0.0809071076057127,0.0705,0.086,0.107391505002676,0.016,0.0396325496593541,0.0932164298413317,0.043,0.051,0.0895,0.0885,0.081,0.216,0.027,0.0295,0.0415,0.1065,0.084,0.398759893542595,0.116407020633117,0.0655176182758443,0.03,0.1545,0.16470207024012,0.147005478496371,0.138143212137709,0.1195,0.163,0.077,0.123,0.422,0.0845909956868345,0.0579595584677586,0.0969841875602538,0.0942817173503514,0.269,0.055,0.266666666666667,0.215,0.180312543195826,0.1815,0.102774591482857,0.324615020256599,0.298623003809569,0.287954960517052,0.304,0.024,0.264237923581702,0.0796348605576069,0.0845089519703891,0.165283853701901,0.097,0.1705,0.069,0.0805,0.0635,0.063,0.257957840251219,0.186605817229944,0.426037056720631,0.0969248764629693,0.081354164505076,0.2055,0.122,0.167488578287884,0.273507177271827,0.046,0.167507860664291,0.246,0.419727799161429,0.256739677121634,0.025,0.0425,0.0969296256707897,0.204521317019591,0.0692726155698895,0.2195,0.031,0.261333333333333,0.079,0.116,0.139677564006165,0.017,0.175,0.193
"1924",0.088,0.123281629456671,0.10569108442712,0.202150954625651,0.0613661947007404,0.0828836872403364,0.0805,0.086,0.103,0.02,0.0405451262909207,0.0942605680412003,0.043,0.0545,0.101,0.0365,0.104,0.246166666666667,0.065,0.0325,0.022,0.1025,0.148,0.396856540758878,0.11823066263397,0.0667809420410024,0.0365,0.1995,0.164702070964199,0.148535340122488,0.140080336114422,0.1855,0.07,0.053,0.0755,0.5435,0.0859081265337375,0.0613694259906438,0.100669947676787,0.0936889705043667,0.23,0.052,0.380666666666667,0.264,0.178686134954049,0.292,0.103536074719437,0.324253018726378,0.298862051443059,0.287981171950678,0.382,0.0425,0.265014692347676,0.0808590157980032,0.0869217228725706,0.165399842830166,0.083,0.304,0.137,0.122,0.104,0.211,0.258321918543616,0.187020317851568,0.429372377805706,0.0982449635470267,0.0825971254034666,0.1955,0.089,0.167876116387174,0.273507179000342,0.018,0.167754426245569,0.136,0.420805568715481,0.257713691107089,0.033,0.1205,0.101280939740332,0.20495716712677,0.071109198048541,0.134,0.153,0.324333333333333,0.1015,0.064,0.140127705544763,0.032,0.2055,0.097
"1925",0.0695,0.119646614859543,0.106927692743717,0.202150959009862,0.0625431785998157,0.0848626763598093,0.072,0.0655,0.096,0.053,0.0414619036481465,0.0952998925619384,0.031,0.0425,0.1065,0.079,0.047,0.228333333333333,0.052,0.027,0.0265,0.1675,0.091,0.394932490431414,0.102,0.0680469088464625,0.0915,0.209,0.164702071698933,0.150070267689679,0.142017216133242,0.0995,0.054,0.11,0.0675,0.4855,0.087222013831213,0.0647444481881609,0.104358100073491,0.0930980834785312,0.176,0.06,0.256,0.23,0.177060738177351,0.261,0.104297735408474,0.323868401725089,0.299064071174285,0.287984114243708,0.275666666666667,0.0645,0.265741854633775,0.0821264282932936,0.0893465172899362,0.269,0.04,0.1625,0.1185,0.085,0.0985,0.087,0.258664711598752,0.187433939402088,0.432537825401032,0.0995432447780595,0.0838226699082198,0.1755,0.101,0.168248255000783,0.273507180737206,0.024,0.167985483198854,0.123,0.421772091452971,0.25865699376601,0.024,0.118,0.105614837726104,0.205392275517084,0.0729576315635489,0.128,0.036,0.22,0.0655,0.068,0.140576752698447,0.076,0.1155,0.128
"1926",0.0605,0.116059234432588,0.108172482670731,0.20215096339616,0.0637269707314568,0.0868441897015054,0.093,0.0975,0.056,0.026,0.0423830817655867,0.0963341741807302,0.022,0.067,0.116,0.103,0.044,0.2615,0.034,0.065,0.033,0.1895,0.169,0.392986756962884,0.069,0.0693156445512864,0.061,0.101,0.164702072444831,0.151610502433233,0.143953840577126,0.2,0.235,0.089,0.1195,0.369,0.0885325031245262,0.0680829657591018,0.108048758668471,0.0925091448357089,0.227,0.046,0.316333333333333,0.252,0.214,0.175,0.105059582000085,0.323460092325538,0.299227299769806,0.287962679341829,0.342333333333333,0.0475,0.266417048226672,0.0834391579127587,0.0917839077708281,0.279,0.012,0.269,0.1455,0.0935,0.128,0.0725,0.258985205833899,0.187846640020975,0.435525310292811,0.100818681782114,0.0850299686672578,0.1545,0.1,0.168604260819868,0.273507182482815,0.034,0.168200293018051,0.158,0.422622069906446,0.259568122654276,0.025,0.0785,0.109930490290782,0.205826606870682,0.0748184804499778,0.161,0.016,0.231666666666667,0.0775,0.031,0.141024653353651,0.039,0.177,0.234
"1927",0.094,0.112521653365358,0.109425826099546,0.202150967784639,0.0649178805607805,0.0888283420027983,0.112,0.091,0.096,0.06,0.0433088606777966,0.0973631836747599,0.039,0.0775,0.1015,0.0985,0.073,0.279333333333333,0.09,0.0265,0.006,0.1715,0.171,0.391018354755965,0.1,0.0705872750145361,0.079,0.1965,0.164702073202399,0.214,0.145890197829032,0.236,0.144,0.051,0.085,0.447,0.0898394399589424,0.0713833194022588,0.111742037379829,0.0919222431387642,0.2,0.053,0.396,0.219,0.449,0.238,0.105821622944387,0.32302701360053,0.29934997399618,0.287915759190727,0.413333333333333,0.0585,0.267037910913039,0.0847992645256793,0.0942344668635883,0.236,0.086,0.2425,0.1655,0.121,0.0735,0.0855,0.259282387666333,0.188258377847699,0.438326743267247,0.102070236185237,0.0862181923285025,0.1195,0.162,0.168943400535587,0.273507184237566,0.028,0.168398117197064,0.216,0.423350206608449,0.260445615327766,0.004,0.138,0.114227068097046,0.206260125867713,0.0766923090428925,0.164,0.01,0.309333333333333,0.1185,0.093,0.141471355396806,0.07,0.2155,0.218
"1928",0.0585,0.109036036847407,0.110688094921544,0.202150972175395,0.0661162175529033,0.044,0.1135,0.082,0.051,0.043,0.0442394404193314,0.098386691821212,0.027,0.0735,0.0795,0.099,0.082,0.351,0.098,0.043,0.0255,0.1335,0.1105,0.389026298213337,0.09,0.0718619260952737,0.104,0.1665,0.164702073972145,0.193,0.147826276271917,0.2025,0.123,0.047,0.0845,0.529,0.0911426698797272,0.0746438498164235,0.115438050125669,0.0913374669505614,0.216,0.054,0.342333333333333,0.22,0.186,0.1855,0.106583866691497,0.322568088622872,0.299430330619966,0.287842245736087,0.456333333333333,0.05,0.267602080479548,0.086208808001336,0.0966987671165589,0.207,0.054,0.251,0.1745,0.1125,0.0525,0.19,0.259555243513325,0.188669111021733,0.440934035110541,0.103296869613475,0.087386511539876,0.1405,0.112,0.169264940839099,0.273507186001858,0.023,0.168578217229799,0.138,0.423951204091525,0.26128800934236,0.021,0.096,0.118503741807571,0.206692797188326,0.0785796816773573,0.197,0.014,0.290666666666667,0.0525,0.068,0.141916806714347,0.032,0.209,0.215
"1929",0.087,0.105604550068287,0.111959661028107,0.202150976568522,0.0673222911729419,0.056,0.1185,0.0605,0.093,0.074,0.0451750210247462,0.0994044693972705,0.036,0.0895,0.09,0.112,0.08,0.299166666666667,0.126,0.0255,0.044,0.1955,0.0895,0.387009601737678,0.14,0.0731397236525611,0.0655,0.1545,0.164702074754576,0.177,0.07,0.2125,0.122,0.029,0.1185,0.475,0.0924420384321458,0.0778628977003882,0.119136910824095,0.0907549048339645,0.265,0.095,0.371666666666667,0.1345,0.016,0.1445,0.107346321691532,0.32208224046537,0.299466606407724,0.287741030923596,0.439333333333333,0.066,0.268107194712872,0.0876698482090095,0.0991773810780822,0.189,0.037,0.2435,0.1125,0.096,0.0605,0.1705,0.259802759792149,0.189078797682547,0.443339096608896,0.104497543692874,0.0885340969493003,0.0975,0.064,0.169568148421561,0.273507187776088,0.041,0.16873985461016,0.128,0.424419764888219,0.262093842253936,0.046,0.106,0.122759682085036,0.207124585512671,0.080481162688437,0.1805,0.0695,0.328666666666667,0.094,0.076,0.142360955192704,0.044,0.2065,0.205
"1930",0.047,0.102229358217553,0.113240896310619,0.202150980964116,0.068536410886013,0.029,0.1075,0.075,0.069,0.034,0.0461158025285962,0.10041628718012,0.038,0.0775,0.0645,0.1725,0.064,0.245666666666667,0.056,0.0345,0.0425,0.109,0.0755,0.384967279731667,0.066,0.0744207935454604,0.0555,0.104,0.164702075550199,0.167,0.047,0.1755,0.101,0.0625,0.1625,0.2805,0.0937373911614635,0.0810388037529447,0.122838733393209,0.090174645351838,0.246,0.075,0.244666666666667,0.145,0.196,0.117,0.108108996394609,0.32156839220083,0.299457038126011,0.287611006698939,0.308,0.051,0.268550891399684,0.0891844450179805,0.1016708812965,0.171,0.039,0.224,0.1115,0.0575,0.036,0.1075,0.260023922920078,0.189487395969613,0.445533838548515,0.105671220049481,0.0896601192046975,0.073,0.058,0.169852289974132,0.273507189560654,0.024,0.168882290832053,0.14,0.424750591531076,0.262861651618374,0.028,0.0495,0.126994059592119,0.207555455520897,0.082397316411196,0.1855,0.051,0.198333333333333,0.1775,0.059,0.142803748718312,0.051,0.1445,0.202
"1931",0.0745,0.0989126264847579,0.114532172660462,0.20215098536227,0.0697588861572331,0.062,0.105,0.063,0.076,0.096,0.0470619849654367,0.101421915946944,0.027,0.078,0.076,0.19,0.059,0.208333333333333,0.081,0.0535,0.025,0.125,0.0685,0.382898346597983,0.155,0.0757052616330335,0.062,0.148,0.164702076359523,0.171,0.05,0.17,0.099,0.0435,0.093,0.2645,0.0950285736129457,0.0841699086728851,0.053,0.089596777067046,0.17,0.088,0.207,0.1505,0.342,0.143,0.108871899250845,0.321025466902059,0.299399862541388,0.287451065007803,0.317333333333333,0.0375,0.268930808326657,0.0907546582975295,0.104179840320155,0.101,0.041,0.223,0.1305,0.0635,0.0705,0.0775,0.260217719314386,0.189894864022402,0.447510171715599,0.106816860309342,0.0907637489539896,0.0955,0.05,0.170116632187969,0.273507191355953,0.018,0.169004787389382,0.047,0.424938386552639,0.263589974991554,0.05,0.136,0.131206044991496,0.207985371893153,0.0843287071806991,0.1345,0.018,0.156666666666667,0.116,0.053,0.143245135177603,0.147,0.1295,0.171
"1932",0.0565,0.0956565200594543,0.115833861969018,0.202150989763081,0.0709900264517189,0.0485,0.0855,0.085,0.089,0.073,0.0480137683698229,0.102421126474928,0.0595,0.075,0.0675,0.181,0.091,0.271,0.069,0.0645,0.0345,0.1385,0.0765,0.380801816739304,0.109,0.0769932537743424,0.064,0.1245,0.164702077183055,0.145,0.08,0.1915,0.124,0.0855,0.1445,0.3935,0.0963154313318578,0.0872545531590014,0.057,0.0890213885424528,0.16,0.06,0.328666666666667,0.1625,0.277,0.175,0.109635038710357,0.320452387641863,0.299293316420412,0.287260097795873,0.446,0.065,0.269244583280463,0.0923825479169375,0.106704830697388,0.145,0.013,0.226,0.113,0.062,0.0455,0.0715,0.260383135392346,0.190301159980385,0.449260006896352,0.107933426098503,0.0918441568450986,0.1,0.06,0.17036044175423,0.273507193162382,0.036,0.169106605776054,0.054,0.424977852485455,0.264277349929354,0.027,0.092,0.135394808945846,0.208414299309588,0.0862758993320108,0.1625,0.01,0.198333333333333,0.0835,0.054,0.14368506245701,0.086,0.1215,0.18
"1933",0.0365,0.174,0.11714633612767,0.202150994166642,0.072230141234587,0.0285,0.08,0.054,0.047,0.041,0.0489713527763099,0.103413689541255,0.046,0.066,0.0485,0.177,0.062,0.2055,0.052,0.0565,0.0225,0.1605,0.0515,0.37867670455831,0.104,0.0782848958284492,0.0175,0.0865,0.164702078021301,0.122,0.076,0.1845,0.084,0.0475,0.1405,0.3145,0.0975978098634651,0.0902910779100856,0.053,0.143,0.148,0.03,0.222333333333333,0.1295,0.28,0.0945,0.110398423223263,0.319848077493048,0.299135636529643,0.287036997008836,0.251,0.0565,0.269489854047774,0.0940701737454849,0.109246424976543,0.088,0.019,0.181,0.05,0.0595,0.0265,0.1045,0.260519157571231,0.190706241983033,0.450775254876976,0.109019879043012,0.0929005135259465,0.0535,0.054,0.170582985364074,0.273507194980339,0.02,0.169187007485972,0.032,0.424863691862068,0.264922313987655,0.031,0.0595,0.139559522117847,0.208842202450351,0.0882394572001957,0.101,0.007,0.154666666666667,0.053,0.025,0.144123478442964,0.052,0.1125,0.121
"1934",0.062,0.065,0.118469967027801,0.202150998573049,0.0734795399709541,0.023,0.0645,0.068,0.0355,0.073,0.049934938219453,0.10439937592311,0.0755,0.075,0.075,0.159,0.115,0.230166666666667,0.084,0.064,0.036,0.161,0.0435,0.376522024457679,0.114,0.0795803136544157,0.0815,0.104,0.16470207887477,0.167,0.174,0.3275,0.161,0.0265,0.142,0.4035,0.098875554753033,0.0932778236249296,0.051,0.139,0.142,0.105,0.276333333333333,0.2245,0.214,0.172,0.111162061239678,0.31921145952842,0.298925059635639,0.286780654592377,0.323666666666667,0.0385,0.269664258415264,0.0958195956524523,0.11180519570596,0.064,0.049,0.178,0.0935,0.19,0.028,0.0825,0.260624772268315,0.191110068169818,0.452047826443673,0.110075180768914,0.0939319896444554,0.091,0.052,0.170783529708658,0.273507196810222,0.007,0.169245254013042,0.068,0.424590607215021,0.265523404722335,0.1,0.1425,0.111,0.209269045995593,0.0902199451203184,0.1415,0.024,0.105,0.059,0.0455,0.1445603310219,0.143,0.109,0.359
"1935",0.0665,0.054,0.119805126560793,0.202151002982396,0.0747385321259368,0.0435,0.0635,0.0665,0.0705,0.0775,0.0509047247338073,0.105377956397677,0.077,0.082,0.1015,0.167,0.104,0.255166666666667,0.075,0.043,0.0375,0.1585,0.0615,0.374336790840089,0.134,0.080879633111304,0.035,0.117,0.213,0.185,0.2265,0.3665,0.129,0.06,0.115,0.429,0.100148511545827,0.0962131310023256,0.064,0.133,0.174,0.078,0.305666666666667,0.3205,0.09,0.157,0.111925961209721,0.318541456820786,0.298659822504959,0.286489962492182,0.414,0.0405,0.269765434169604,0.0976328735071207,0.114381715433983,0.127,0.043,0.2215,0.0785,0.112,0.028,0.148,0.26069896590087,0.19151259668021,0.453069632382645,0.111098292902256,0.0949377558485474,0.097,0.048,0.170961341479141,0.273507198652428,0.049,0.16928060685117,0.195,0.424153301076861,0.266079159689273,0.081,0.1505,0.214,0.209694794625462,0.0922179274274435,0.1835,0.0115,0.162666666666667,0.1095,0.0585,0.144995568080249,0.173,0.1485,0.365
"1936",0.038,0.046,0.12115218661803,0.202151007394779,0.0760074271646516,0.0165,0.0365,0.072,0.0435,0.058,0.0518809123539281,0.10634920174214,0.0455,0.066,0.098,0.101,0.075,0.178,0.03,0.09,0.034,0.1545,0.035,0.372120018108221,0.119,0.0821829800581761,0.017,0.062,0.034,0.111,0.1205,0.1275,0.115,0.0515,0.0885,0.204,0.101416525787112,0.0990953407410653,0.055,0.118,0.091,0.053,0.105333333333333,0.214,0.244,0.078,0.112690131583507,0.317836992442951,0.298338161904163,0.286163812653937,0.141,0.0585,0.269791019097468,0.0995120671787705,0.116976556708953,0.065,0.044,0.1405,0.0715,0.0395,0.0265,0.067,0.26074072488617,0.191913785653681,0.453832583480096,0.112088177069084,0.0959169827861443,0.0655,0.034,0.171115687366681,0.273507200507354,0.044,0.169292327494259,0.147,0.423546475980132,0.266588116444349,0.033,0.0805,0.262,0.210119413020107,0.0942339684566355,0.0965,0.014,0.0523333333333333,0.026,0.031,0.145429137504445,0.088,0.079,0.256
"1937",0.0815,0.041,0.122511519090893,0.202151011810292,0.0772865345522154,0.0815,0.049,0.0725,0.094,0.106,0.0528637011143706,0.107312882733684,0.0565,0.067,0.1475,0.162,0.121,0.248666666666667,0.073,0.06,0.0415,0.241,0.067,0.369870720664751,0.239,0.0834904803540941,0.092,0.183,0.079,0.179,0.21,0.2225,0.159,0.052,0.1245,0.416,0.102679443022154,0.101922793539941,0.121,0.083,0.178,0.195,0.335,0.348,0.162,0.2095,0.113454580811155,0.317096989467723,0.297958314599809,0.285801097023328,0.379,0.056,0.269738650985528,0.101459236536683,0.119590292079212,0.127,0.034,0.1875,0.1885,0.1665,0.0745,0.0995,0.260749035641489,0.192313593229703,0.454328590522227,0.113043794895445,0.0968688411051684,0.1265,0.034,0.171245834062434,0.273507202375399,0.014,0.169279677436215,0.293,0.422764834457378,0.267048812543443,0.108,0.147,0.153,0.210542865859678,0.0962686325429592,0.157,0.0195,0.123333333333333,0.0985,0.07,0.145860987180919,0.204,0.1625,0.321
"1938",0.0925,0.09,0.123883495870765,0.20215101622903,0.0785761637537446,0.0745,0.061,0.068,0.0905,0.1155,0.0538532910496899,0.108268770149493,0.036,0.0715,0.142,0.1635,0.092,0.3135,0.094,0.125,0.048,0.255,0.14,0.36758791291236,0.144,0.0848022598581198,0.0545,0.2145,0.098,0.209,0.234,0.2285,0.097,0.066,0.0815,0.4605,0.103937108796217,0.104693830097744,0.132,0.153,0.14,0.127,0.426666666666667,0.404,0.163,0.273,0.114219317342781,0.316320370967907,0.297518517358455,0.285400707546041,0.42,0.0935,0.269605967620456,0.103476441450137,0.122223494093103,0.208,0.037,0.2715,0.1615,0.1315,0.094,0.075,0.260722884584099,0.192711977547746,0.454549564295241,0.113964108007386,0.0977925014535416,0.1355,0.064,0.171351048257561,0.273507204256959,0.04,0.169241918170944,0.302,0.421803079041145,0.267459785542433,0.144,0.1905,0.161,0.210965117824324,0.098322484021479,0.1885,0.0255,0.182,0.1395,0.0735,0.146291064996106,0.164,0.2175,0.306
"1939",0.029,0.056,0.125268488849029,0.202151020651088,0.0798766242343559,0.051,0.0575,0.0565,0.0595,0.0555,0.0548498821944413,0.109216634766751,0.052,0.072,0.122,0.101,0.039,0.3095,0.066,0.09,0.0285,0.1275,0.1185,0.365270609253726,0.099,0.0861184444293152,0.033,0.142,0.143,0.201,0.1485,0.308,0.103,0.0455,0.063,0.507,0.105189368654568,0.107406791113268,0.042,0.135,0.116,0.07,0.445666666666667,0.3115,0.1355,0.2055,0.114984349628502,0.31550606001631,0.297017006946661,0.284961536167762,0.262666666666667,0.028,0.269390606788926,0.105565741788416,0.124876735298967,0.159,0.013,0.261,0.0915,0.1195,0.054,0.137,0.260661258131274,0.193108896747281,0.45448741558534,0.114848078030952,0.098687134479186,0.126,0.039,0.171430596643218,0.273507206152433,0.073,0.16917831119235,0.279,0.420655912263976,0.2678195729972,0.1,0.136,0.101,0.211386133594194,0.100396087227259,0.155,0.021,0.110666666666667,0.0625,0.078,0.146719318836436,0.105,0.203,0.249
"1940",0.0605,0.142,0.126666869917068,0.20215102507656,0.081188225459166,0.031,0.059,0.092,0.036,0.0535,0.05585367458318,0.110156247362642,0.0305,0.077,0.074,0.136,0.124,0.227166666666667,0.04,0.08,0.04,0.117,0.067,0.362917824091528,0.039,0.0874391599267425,0.0215,0.1,0.132,0.199,0.106,0.2725,0.067,0.033,0.1345,0.254,0.106436068142472,0.110060017285303,0.068,0.157,0.094,0.062,0.294333333333333,0.288,0.114,0.1605,0.115749686118434,0.314652979685737,0.296452020130985,0.284482474834177,0.213333333333333,0.031,0.26909020627761,0.107729197420798,0.127550588245147,0.134,0.013,0.2385,0.094,0.0685,0.04,0.115,0.260563142700287,0.19350430896778,0.454134055178728,0.11569466659219,0.0995519108300235,0.0685,0.049,0.171483745910563,0.273507208062217,0.035,0.169088117994338,0.221,0.419318036658417,0.268126712463621,0.073,0.095,0.119,0.211805877849438,0.102490006495365,0.1335,0.0235,0.0976666666666667,0.056,0.043,0.147145696588344,0.109,0.169,0.264
"1941",0.0475,0.07,0.128079010966264,0.202151029505543,0.0825112768932915,0.045,0.0555,0.073,0.048,0.054,0.0568648682504612,0.111087378714351,0.0345,0.0925,0.059,0.2045,0.131,0.193333333333333,0.066,0.1245,0.037,0.114,0.068,0.360528571828444,0.077,0.0887645322094635,0.0465,0.098,0.044,0.187,0.0665,0.2085,0.109,0.041,0.115,0.138,0.107677052805194,0.112651849312642,0.048,0.13,0.078,0.072,0.208333333333333,0.2455,0.137,0.1485,0.116515335262697,0.313760053048995,0.295821793677987,0.283962415490972,0.181,0.0495,0.268702403873181,0.109968868216566,0.130245625479985,0.091,0.041,0.1625,0.104,0.092,0.068,0.0775,0.260427524708411,0.193898172348715,0.453481393861605,0.116502835317147,0.100386001153976,0.078,0.044,0.171509762750755,0.273507209986709,0.103,0.168970600070814,0.211,0.417784154757013,0.268379741497577,0.066,0.0535,0.084,0.212224315270204,0.104604806160861,0.1145,0.0245,0.082,0.0615,0.0565,0.147570146138262,0.086,0.1335,0.254
"1942",0.0525,0.044,0.129505283887999,0.20215103393813,0.083846088001849,0.065,0.057,0.04,0.085,0.068,0.05788366323084,0.112009799599062,0.042,0.1035,0.06,0.135,0.086,0.223375,0.076,0.1185,0.0275,0.2065,0.104,0.358101866867153,0.161,0.0900946871365403,0.0555,0.147,0.051,0.273,0.0855,0.2595,0.08,0.055,0.093,0.4035,0.108912168187999,0.115180627894077,0.062,0.077,0.079,0.071,0.311,0.384,0.142,0.1655,0.117281305511405,0.312826203178891,0.295124564354225,0.283400250083833,0.3,0.0735,0.26822483736231,0.112286814044998,0.132962419551822,0.133,0.024,0.1735,0.1405,0.1265,0.044,0.0545,0.260253390572921,0.194290445029555,0.452521342420175,0.117271545831869,0.101188576098966,0.1055,0.039,0.171507913854952,0.273507211926308,0.089,0.168825018915682,0.259,0.416048969092307,0.268577197654947,0.126,0.0585,0.062,0.212641410536642,0.106741050558812,0.1395,0.037,0.0683333333333333,0.067,0.064,0.147992615372622,0.088,0.142,0.356
"1943",0.0345,0.148,0.130946060573657,0.202151038374416,0.0851929682499551,0.019,0.055,0.081,0.011,0.039,0.0589102595588717,0.112923280793959,0.0505,0.0715,0.0485,0.21,0.056,0.202,0.033,0.0655,0.052,0.1545,0.067,0.355636723610334,0.0835,0.0914297505670348,0.011,0.068,0.084,0.179,0.067,0.2945,0.055,0.0735,0.1095,0.327,0.110141259836153,0.117644693728399,0.0635,0.057,0.06,0.04,0.311666666666667,0.3705,0.137,0.119,0.118047605314676,0.31185035314823,0.294358568926258,0.282794870558446,0.284,0.0425,0.267655144531671,0.114685094775377,0.135701543009002,0.105,0.005,0.159,0.0605,0.0425,0.033,0.0895,0.260039726711088,0.194681085149773,0.451245811640641,0.117999759762403,0.101958806312916,0.104,0.047,0.171477465914311,0.273507213881409,0.065,0.168650636022848,0.164,0.414107182196846,0.268717618491609,0.0655,0.049,0.161,0.213057128328902,0.108899304024281,0.099,0.0445,0.082,0.062,0.053,0.148413052177858,0.031,0.1575,0.336
"1944",0.023,0.064,0.13240171291462,0.202151042814496,0.0865522271027265,0.0105,0.048,0.0345,0.027,0.0235,0.0599448572691115,0.113827593076227,0.042,0.053,0.0455,0.2015,0.068,0.170375,0.033,0.0625,0.045,0.0965,0.085,0.353132156460666,0.0455,0.0927698483600091,0.038,0.0705,0.049,0.164,0.046,0.211,0.136,0.046,0.0645,0.163,0.111364173294921,0.054,0.037,0.046,0.044,0.034,0.186333333333333,0.2025,0.254,0.067,0.118814243122627,0.31083142602982,0.293522044160645,0.282145168860496,0.163333333333333,0.0305,0.266990963167937,0.117165770276983,0.138463568399866,0.06,0.015,0.1415,0.0635,0.0515,0.025,0.0755,0.259785519540186,0.19507005084884,0.449646712309204,0.118686438734794,0.102695862443746,0.0735,0.029,0.171417685619991,0.273507215852411,0.02,0.168446712886216,0.091,0.411953496603172,0.268799541563445,0.0495,0.033,0.122,0.213471433327132,0.111080130892334,0.1005,0.05,0.0716666666666667,0.032,0.032,0.148831404440401,0.029,0.115,0.233
"1945",0.089,0.032,0.133872612802271,0.202151047258466,0.0879241740252798,0.0995,0.048,0.0505,0.0845,0.116,0.0609876563961145,0.114722507223049,0.0545,0.0565,0.05,0.13,0.076,0.213,0.131,0.152,0.0355,0.1905,0.053,0.350587179820828,0.1855,0.0941151063745251,0.0695,0.136,0.107,0.197,0.0375,0.273,0.114,0.0695,0.0375,0.2285,0.112580754109569,0.055,0.0855,0.0405,0.063,0.1,0.390333333333333,0.245,0.226,0.1175,0.119581227385376,0.309768344896465,0.292613226823945,0.28145003693567,0.224,0.059,0.266229931057779,0.119730900419097,0.141249068272756,0.035,0.062,0.145,0.1415,0.1575,0.029,0.0705,0.259489755477489,0.195457300266227,0.447715955212067,0.11933054437509,0.10339891513938,0.098,0.037,0.17132783966315,0.273507217839711,0.034,0.168212510999692,0.146,0.409582614843833,0.268821504426332,0.1475,0.0815,0.094,0.213884290211482,0.113284095498036,0.1385,0.044,0.0843333333333333,0.0905,0.0805,0.149247620046685,0.091,0.167,0.245
"1946",0.0245,0.034,0.135359132127992,0.202151051706419,0.0893091184827316,0.05,0.037,0.072,0.043,0.0275,0.0620388569744361,0.11560779401161,0.04,0.043,0.047,0.092,0.026,0.20925,0.063,0.085,0.0245,0.1355,0.0785,0.348000808093498,0.137,0.0954656504696448,0.025,0.0795,0.03,0.165,0.0605,0.248,0.058,0.116,0.0415,0.34,0.113790847825361,0.085,0.0615,0.044,0.066,0.0715,0.367,0.318,0.208,0.1205,0.120348566553038,0.308660032820972,0.291630353682716,0.280708366729653,0.285333333333333,0.05,0.265369685987871,0.122382545070999,0.144058615176014,0.043,0.027,0.1465,0.0905,0.0625,0.024,0.06,0.25915142094027,0.195842791541405,0.445445451135433,0.119931038309337,0.104067135047739,0.133,0.045,0.171207194734945,0.273507219843708,0.034,0.16794729185718,0.156,0.406989239451371,0.26878204463615,0.092,0.055,0.097,0.214295663662101,0.11551176217645,0.1545,0.0645,0.0996666666666667,0.0995,0.0515,0.149661646883143,0.045,0.2055,0.31
"1947",0.0425,0.054,0.136861642783166,0.202151056158451,0.0907073699401986,0.068,0.0485,0.0525,0.051,0.025,0.0630986590386313,0.116483224219094,0.0325,0.0415,0.049,0.1,0.024,0.2515,0.147,0.107,0.0665,0.1425,0.0855,0.345372055681355,0.1895,0.0968216065044303,0.07,0.1235,0.062,0.169,0.063,0.2525,0.205,0.0695,0.0935,0.398,0.114994299987563,0.116,0.0995,0.0765,0.051,0.0925,0.486333333333333,0.2635,0.148,0.154,0.121116269075732,0.307505412876148,0.290571661503518,0.279919050188132,0.36,0.06,0.264407865744885,0.125122764101969,0.146892781657983,0.053,0.026,0.1545,0.0825,0.074,0.017,0.053,0.258769502345802,0.196226482813845,0.442827110865503,0.120486882163581,0.104699692816746,0.1065,0.046,0.171055017526535,0.273507221864797,0.025,0.167650316952587,0.122,0.404168072958331,0.268679699748779,0.0725,0.066,0.118,0.214705518359138,0.117763695262642,0.147,0.0515,0.0916666666666667,0.0765,0.0635,0.150073432836206,0.071,0.2265,0.295
"1948",0.0465,0.022,0.138380516659175,0.202151060614657,0.0921192378627974,0.06,0.0345,0.071,0.051,0.035,0.0641672626232554,0.117348568622686,0.042,0.034,0.074,0.1515,0.082,0.22025,0.08,0.1,0.055,0.152,0.1525,0.342699936987078,0.12,0.0981831003379434,0.0605,0.099,0.045,0.16,0.0515,0.228,0.15,0.0385,0.0625,0.386,0.116190956141441,0.137,0.1235,0.064,0.054,0.0735,0.435,0.2585,0.148,0.1555,0.121884343403574,0.306303408134799,0.289435387052909,0.279080979256792,0.475,0.068,0.263342108115494,0.127953617381289,0.149752140267004,0.072,0.043,0.134,0.0875,0.093,0.055,0.0475,0.258342986111359,0.196608332223018,0.439852845188481,0.120997037563869,0.105295759094322,0.1,0.028,0.170870574729078,0.273507223903378,0.014,0.167320847779816,0.118,0.40111381789726,0.268513007320097,0.088,0.0445,0.123,0.215113818982743,0.120040459091676,0.1285,0.087,0.113,0.081,0.0735,0.150482925792308,0.113,0.1845,0.309
"1949",0.0425,0.028,0.139916125647403,0.202151065075131,0.0935450317156447,0.0755,0.0435,0.0625,0.0415,0.048,0.0652448677628636,0.118203597999569,0.0245,0.038,0.067,0.0645,0.028,0.24075,0.057,0.082,0.0675,0.1045,0.1465,0.339983466413345,0.1295,0.0995502578292463,0.0455,0.128,0.008,0.151,0.0455,0.3045,0.122,0.037,0.0525,0.3805,0.11738066183226,0.112,0.099,0.089,0.073,0.073,0.548333333333333,0.3245,0.124,0.1485,0.122652797986681,0.30505294166973,0.288219767097448,0.27819304588132,0.705333333333333,0.0455,0.26217005088637,0.13087716477824,0.152637263551419,0.048,0.041,0.164,0.0605,0.0845,0.047,0.0305,0.257870858654213,0.196988297908397,0.436514564890569,0.121460466136248,0.10585450452839,0.0855,0.036,0.170653133033731,0.273507225959846,0.035,0.166958145832773,0.058,0.3978211768007,0.268280504905984,0.089,0.046,0.118,0.215520530213065,0.122342617998617,0.1155,0.051,0.179,0.126,0.058,0.150890073637882,0.112,0.185,0.344
"1950",0.029,0.042,0.031,0.202151069539969,0.029,0.073,0.0525,0.058,0.0515,0.05,0.0663316744920111,0.119048083126928,0.0295,0.0365,0.045,0.0725,0.043,0.253,0.038,0.076,0.0365,0.1635,0.3275,0.485,0.0935,0.100923204837401,0.058,0.115,0.011,0.165,0.057,0.2875,0.064,0.06,0.1155,0.327,0.118563262605285,0.1085,0.079,0.1135,0.081,0.0835,0.535666666666667,0.2565,0.1075,0.178,0.12342164127517,0.303752936553749,0.286923038403694,0.277254142007401,0.794,0.063,0.260889331844187,0.133895466162101,0.155548724059572,0.076,0.029,0.1885,0.0515,0.0655,0.0775,0.0465,0.257352106391638,0.197366338009451,0.432804180757969,0.121876129506762,0.106375099766871,0.0795,0.051,0.170401959131653,0.273507228034601,0.037,0.166561472605363,0.05,0.394284852201197,0.26798073006232,0.108,0.028,0.088,0.215925616730253,0.124670736318529,0.0945,0.051,0.202666666666667,0.084,0.029,0.151294824259359,0.09,0.2035,0.309
"1951",0.0425,0.028,0.023,0.202151074009264,0.029,0.086,0.0605,0.0455,0.0685,0.04,0.0674278828452531,0.119881794781948,0.0255,0.047,0.054,0.076,0.032,0.249125,0.034,0.063,0.027,0.1615,0.2345,0.2031,0.1065,0.102302067221469,0.024,0.0905,0.02,0.196,0.0595,0.3155,0.08,0.0225,0.0625,0.414,0.119738604005782,0.1075,0.1095,0.0775,0.075,0.084,0.583,0.2145,0.076,0.149,0.124190881719158,0.302402315859662,0.285543437738206,0.276263159580721,0.691333333333333,0.09,0.259497588775616,0.137010581402154,0.158487094339803,0.062,0.061,0.1655,0.08,0.0855,0.065,0.068,0.256785715740907,0.197742410665653,0.428713603576883,0.12224298930146,0.106856715457688,0.0705,0.05,0.170116319714002,0.273507230128039,0.018,0.166130089591491,0.042,0.390499546631295,0.267612220344983,0.09,0.0465,0.048,0.216329043214456,0.127025378386477,0.089,0.051,0.266333333333333,0.092,0.0545,0.151697125543174,0.046,0.241,0.292
"1952",0.038,0.028,0.024,0.202151078483113,0.048,0.0655,0.0575,0.042,0.0445,0.0225,0.0685336928571448,0.120704503741812,0.014,0.052,0.0355,0.0275,0.02,0.201375,0.032,0.053,0.04,0.1185,0.1885,0.4999,0.0755,0.103686970840513,0.0595,0.076,0.026,0.128,0.043,0.286,0.115,0.0195,0.0775,0.259,0.120906531579015,0.065,0.05,0.084,0.079,0.0785,0.451666666666667,0.233,0.088,0.09,0.124960527768762,0.301000002660274,0.284079201867543,0.275218990546967,0.534333333333333,0.0465,0.25799245946733,0.140224570367679,0.161452946940455,0.024,0.038,0.1785,0.069,0.052,0.034,0.035,0.256170673119294,0.198116474016473,0.424234744133515,0.122560007146388,0.107298522248762,0.049,0.055,0.169795481471935,0.273507232240558,0.034,0.165663258285062,0.029,0.38645996262354,0.267173513309853,0.0535,0.0335,0.075,0.216730774345824,0.129407108537525,0.073,0.0405,0.219,0.0615,0.0315,0.152096925375758,0.05,0.1505,0.204
"1953",0.0405,0.007,0.062,0.20215108296161,0.011,0.042,0.041,0.0625,0.0545,0.0285,0.0696493045622414,0.121515980783705,0.025,0.0325,0.0215,0.0255,0.017,0.2005,0.051,0.063,0.0555,0.1335,0.173,0.4639,0.1265,0.105078041553595,0.0215,0.083,0.023,0.123,0.018,0.2315,0.061,0.0555,0.066,0.196,0.122066890870251,0.037,0.0445,0.045,0.056,0.0635,0.346333333333333,0.1475,0.171,0.057,0.125730587874099,0.299544920028392,0.282528567558263,0.274120526851824,0.378666666666667,0.0495,0.256371581706001,0.143539492927957,0.16444685440987,0.008,0.026,0.135,0.0735,0.0495,0.035,0.052,0.255505964944071,0.198488486201383,0.419359513214067,0.122826144667591,0.107699690788016,0.049,0.026,0.169438711096612,0.273507234372555,0.017,0.165160240179982,0.014,0.382160802710476,0.266663146512809,0.0515,0.0255,0.071,0.217130774804506,0.131816491106739,0.0755,0.04,0.133666666666667,0.036,0.017,0.152494171643544,0.054,0.1475,0.181
"1954",0.059,0.043,0.082,0.202151087444849,0.031,0.056,0.034,0.0575,0.07,0.0645,0.0707749179950981,0.122315996684811,0.0135,0.033,0.0225,0.0295,0.017,0.193875,0.05,0.0815,0.0085,0.1105,0.152,0.35315,0.1015,0.106475405219776,0.066,0.11,0.073,0.145,0.029,0.272,0.025,0.031,0.043,0.212,0.123219527424754,0.063,0.067,0.051,0.053,0.074,0.258666666666667,0.128,0.1555,0.059,0.126501070485287,0.298035991036823,0.280889771576925,0.272966660440977,0.234666666666667,0.0565,0.254632593278304,0.146957408952268,0.16746938929639,0.012,0.051,0.123,0.085,0.077,0.0355,0.0585,0.254790577632513,0.198858405359853,0.41407982160474,0.123040363491117,0.108059391723372,0.0705,0.042,0.169045275279189,0.273507236524429,0.011,0.164620296770154,0.03,0.377596769424647,0.266079657509731,0.06,0.04,0.055,0.21752900927065,0.134254090429182,0.061,0.045,0.120666666666667,0.044,0.027,0.152888812232965,0.088,0.1415,0.145
"1955",0.063,0.009,0.059,0.202151091932926,0.013,0.0925,0.028,0.0375,0.107,0.0695,0.0719107331902701,0.123104322222314,0.0325,0.026,0.0215,0.043,0.051,0.18175,0.06,0.055,0.0545,0.2635,0.1645,0.43925,0.1315,0.107879187698119,0.0575,0.0975,0.085,0.158,0.0545,0.25,0.098,0.0215,0.0655,0.243,0.124364286787791,0.1065,0.0675,0.0355,0.061,0.092,0.280666666666667,0.1985,0.146,0.0865,0.127271984052442,0.296472138758371,0.279161050690089,0.271756283260114,0.244,0.063,0.252773131970909,0.150480378309894,0.170521124148358,0.01,0.064,0.131,0.1295,0.107,0.0145,0.0375,0.254023497601892,0.199226189631356,0.408387580091738,0.123201625243012,0.108376795702751,0.107,0.033,0.168614440710825,0.273507238696576,0.019,0.164042689549485,0.015,0.372762565298599,0.265421583856498,0.081,0.038,0.081,0.217925442424408,0.136720470839919,0.0965,0.043,0.077,0.031,0.044,0.153280795030454,0.092,0.1755,0.234
"1956",0.0425,0.043,0.065,0.202151096425936,0.008,0.0605,0.0285,0.071,0.0465,0.0395,0.0730569501823126,0.065,0.013,0.0385,0.019,0.07,0.03,0.186625,0.041,0.083,0.063,0.249,0.1915,0.4713,0.1095,0.109289514847686,0.0215,0.082,0.058,0.185,0.06,0.2465,0.012,0.0235,0.0635,0.2575,0.039,0.068,0.0565,0.037,0.051,0.079,0.396333333333333,0.2145,0.1485,0.1215,0.12804333702568,0.294852286265845,0.277340641664313,0.27048828725492,0.299,0.039,0.25079083557049,0.154110460870115,0.173602631514114,0.017,0.025,0.1415,0.077,0.096,0.026,0.034,0.253203711269482,0.199591797155362,0.402274699461262,0.123308891549323,0.108651073374076,0.12,0.026,0.168145474082677,0.273507240889394,0.038,0.163426680011879,0.025,0.367652892864875,0.264687463108989,0.0865,0.031,0.13,0.218320038945927,0.139216196674015,0.0835,0.042,0.0976666666666667,0.04,0.037,0.153670067922443,0.055,0.1895,0.174
"1957",0.0545,0.023,0.139,0.202151100923973,0.013,0.079,0.029,0.077,0.064,0.08,0.0742137690057808,0.057,0.009,0.0305,0.018,0.0695,0.089,0.200875,0.06,0.1085,0.0235,0.227,0.1745,0.5548,0.134,0.110706512527538,0.0765,0.086,0.069,0.194,0.065,0.2755,0.022,0.0195,0.105,0.3515,0.045,0.085,0.052,0.029,0.071,0.0735,0.561333333333333,0.1475,0.1345,0.129,0.12881513785512,0.29317535663205,0.275426781266156,0.269161564371081,0.496666666666667,0.034,0.248683341863719,0.157849716502211,0.176714483942002,0.003,0.035,0.149,0.0715,0.1155,0.019,0.0645,0.252330205052555,0.199955186071342,0.395733090499517,0.123361124036095,0.108881395385268,0.1485,0.029,0.167637642085905,0.27350724310328,0.032,0.162771529651242,0.015,0.362262454656022,0.263875832823084,0.085,0.0415,0.111,0.218712763515357,0.141741832266535,0.0985,0.058,0.098,0.035,0.045,0.154056578795365,0.067,0.1865,0.238
"1958",0.0585,0.029,0.072,0.202151105427132,0.01,0.098,0.034,0.067,0.0695,0.0565,0.0753813896952299,0.069,0.0125,0.037,0.014,0.069,0.072,0.208625,0.041,0.078,0.049,0.1565,0.199,0.6107,0.131,0.112130306596738,0.0565,0.0955,0.086,0.183,0.053,0.2365,0.015,0.036,0.127,0.3145,0.05,0.091,0.0565,0.0345,0.047,0.0895,0.542333333333333,0.1475,0.1135,0.1235,0.129587394990878,0.291440272929791,0.273417706262176,0.267775006554282,0.584,0.0395,0.246448288637269,0.161700205075463,0.179857253980364,0.003,0.036,0.131,0.0915,0.092,0.0165,0.045,0.251401965368386,0.200316314518768,0.388754663992702,0.123357284329375,0.109066932384251,0.12,0.026,0.167090211411665,0.273507245338632,0.025,0.162076499961478,0.022,0.356585953204583,0.262985230554661,0.0925,0.0315,0.138,0.219103580812847,0.144297941952542,0.0695,0.1265,0.154333333333333,0.043,0.074,0.078,0.081,0.2295,0.212
"1959",0.0245,0.022,0.034,0.202151109935504,0.006,0.045,0.0325,0.1315,0.0145,0.03,0.076560003950442,0.076,0.0195,0.0385,0.015,0.1045,0.035,0.187,0.013,0.042,0.042,0.112,0.2015,0.4008,0.1135,0.11356101767022,0.028,0.047,0.028,0.116,0.0445,0.2155,0.017,0.0135,0.103,0.252,0.01,0.0705,0.0485,0.015,0.029,0.038,0.440333333333333,0.1625,0.085,0.076,0.035,0.289646003103843,0.271311726886993,0.266327551919141,0.573666666666667,0.034,0.244083412103368,0.165663900631266,0.18303149032136,0.005,0.015,0.124,0.015,0.04,0.0195,0.0385,0.250418020866861,0.2006751423813,0.381331667777597,0.123296377320792,0.109206889575282,0.0885,0.053,0.166502479305651,0.273507247595832,0.019,0.16134088320758,0.023,0.350618311770914,0.262014254794772,0.074,0.0265,0.081,0.219492456990207,0.146885066553141,0.0445,0.1105,0.156666666666667,0.0235,0.014,0.075,0.017,0.182,0.156
"1960",0.071,0.028,0.061,0.202151114449089,0.015,0.0905,0.036,0.1635,0.061,0.0915,0.077749611771417,0.165,0.0175,0.044,0.0135,0.088,0.069,0.16925,0.037,0.082,0.052,0.1495,0.1465,0.41125,0.108,0.114998645747985,0.0725,0.0655,0.098,0.152,0.0685,0.254,0.032,0.1055,0.125,0.347,0.032,0.075,0.1085,0.038,0.038,0.0635,0.508,0.1685,0.043,0.115,0.095,0.287792547154205,0.269108843140607,0.264819200465655,0.592,0.048,0.241588712262015,0.169740803169619,0.186237192964991,0.008,0.022,0.138,0.0695,0.092,0.0265,0.0165,0.24937837154798,0.201031669658938,0.373464101854201,0.123178403010345,0.109301266958361,0.08,0.034,0.165874445767864,0.273507249874878,0.04,0.160564679389548,0.03,0.344359530355014,0.260962905543417,0.129,0.0715,0.202,0.219879392047437,0.149503206068332,0.042,0.099,0.216333333333333,0.028,0.067,0.065,0.053,0.1735,0.168
"1961",0.0235,0.02,0.032,0.202151118967796,0.008,0.064,0.034,0.138,0.069,0.169,0.078950021458373,0.042,0.0105,0.046,0.0255,0.053,0.036,0.16125,0.111,0.0485,0.0085,0.081,0.1625,0.3669,0.111,0.116443070215096,0.084,0.057,0.069,0.114,0.0535,0.2565,0.043,0.018,0.0875,0.242,0.028,0.0745,0.089,0.0535,0.028,0.0855,0.412666666666667,0.1585,0.119,0.117,0.064,0.285880937136103,0.266810744788398,0.263251014079211,0.467,0.05,0.238966452900984,0.173928938649129,0.189473813219096,0.007,0.023,0.136,0.031,0.069,0.0345,0.054,0.248283988761856,0.201385936468021,0.365159718385737,0.123004356506405,0.10935085932923,0.0605,0.032,0.165206813552609,0.273507252175391,0.025,0.15974859624239,0.081,0.33781468569653,0.259832584309545,0.0775,0.046,0.402,0.220264419832727,0.152151819677011,0.0455,0.0455,0.186,0.0275,0.0515,0.061,0.038,0.1285,0.174
"1962",0.0845,0.016,0.198,0.202151123491531,0.022,0.196,0.031,0.154,0.28,0.3225,0.0801610329767547,0.117,0.0255,0.0545,0.0375,0.138,0.168,0.11625,0.177,0.1595,0.0195,0.095,0.1095,0.47905,0.201,0.117894165212494,0.0975,0.2165,0.3015,0.17,0.1185,0.2135,0.043,0.109,0.085,0.161,0.1985,0.246,0.246,0.041,0.039,0.253,0.288666666666667,0.12,0.1155,0.0915,0.124,0.283912249976733,0.264419195063808,0.261624100814122,0.301333333333333,0.074,0.2362189962336,0.178226247200513,0.192740778535332,0.053,0.212,0.1055,0.14,0.125,0.0415,0.052,0.247135886091216,0.201737984669079,0.356426606586002,0.122775276182928,0.109356496039967,0.125,0.03,0.164500315968729,0.273507254496972,0.072,0.158893372272199,0.113,0.330989075262915,0.258624753537276,0.1245,0.0975,0.314,0.220647575665929,0.154830343044113,0.0455,0.0715,0.136666666666667,0.0445,0.1215,0.06,0.055,0.1355,0.135
"1963",0.1425,0.019,0.289,0.202151128020198,0.006,0.231,0.043,0.1305,0.341,0.311,0.0813824462920069,0.196,0.059,0.0865,0.08,0.0995,0.226,0.125625,0.186,0.238,0.0485,0.1635,0.1555,0.50785,0.2545,0.119351804881115,0.1445,0.2295,0.2835,0.142,0.163,0.208,0.028,0.1685,0.076,0.3425,0.19,0.353,0.388,0.0535,0.059,0.3715,0.393333333333333,0.116,0.153,0.1085,0.161,0.281887562603287,0.261935957200279,0.259939568724701,0.229,0.216,0.233348704473193,0.182630668954493,0.196037516365357,0.236,0.144,0.1025,0.16,0.1445,0.0295,0.038,0.245935077118787,0.20208785612264,0.347272855668794,0.122492200413866,0.109319006442649,0.1995,0.052,0.163755686325066,0.273507256839224,0.103,0.157999745985073,0.105,0.323887996521625,0.257340875670732,0.14,0.1985,0.568,0.221028894866892,0.157538211834574,0.0425,0.119,0.211666666666667,0.123,0.193,0.041,0.096,0.124,0.131
"1964",0.148,0.006,0.238,0.202151132553702,0.018,0.217,0.077,0.171,0.2615,0.2315,0.0826140613695743,0.267,0.049,0.112,0.1465,0.167,0.223,0.129625,0.175,0.2235,0.0195,0.148,0.096,0.3202,0.276,0.120815863361898,0.1455,0.1795,0.2095,0.246,0.177,0.2715,0.028,0.096,0.0225,0.242,0.1995,0.271,0.3415,0.0275,0.122,0.371,0.397333333333333,0.1115,0.13,0.177,0.169,0.27980795194296,0.25936279443125,0.285,0.349333333333333,0.1765,0.230357939833088,0.187140144041787,0.199363454160829,0.24,0.104,0.1215,0.21,0.119,0.058,0.0455,0.244682575427295,0.202435592689233,0.337706554847911,0.122156167573173,0.109239219889355,0.23,0.068,0.162973657930461,0.273507259201749,0.075,0.157068455887104,0.15,0.316516746940115,0.255982413154032,0.124,0.244,0.453,0.221408412755467,0.16027486171333,0.085,0.1525,0.194333333333333,0.235,0.1825,0.052,0.087,0.106,0.103
"1965",0.19,0.013,0.238,0.20215113709195,0.118,0.2135,0.073,0.197,0.2925,0.224,0.015,0.185,0.0495,0.15,0.2175,0.251,0.161,0.182,0.073,0.255,0.0335,0.1265,0.1445,0.36125,0.293,0.12228621479578,0.082,0.1845,0.287,0.373,0.194,0.299,0.033,0.1975,0.0665,0.2675,0.2945,0.347,0.2715,0.0305,0.299,0.6175,0.369333333333333,0.145,0.086,0.2505,0.094,0.277674494922946,0.256701469990164,0.246,0.333,0.247,0.339,0.191752612593115,0.202718019373407,0.189,0.009,0.1255,0.8155,0.143,0.197,0.0555,0.243379394599467,0.202781236229387,0.327735793337149,0.121768216034803,0.109117965732163,0.3045,0.065,0.162154964093758,0.27350726158415,0.115,0.156100240484389,0.291,0.308880623985841,0.254550828431298,0.2065,0.2715,0.329,0.221786164651505,0.163039728345315,0.0995,0.114,0.170333333333333,0.126,0.5225,0.044,0.349,0.1305,0.145
"1966",0.163,0.018,0.159,0.202151141634845,0.091,0.1205,0.103,0.176,0.169,0.175,0.016,0.144,0.0225,0.1355,0.1785,0.1955,0.178,0.15775,0.091,0.1645,0.0405,0.1265,0.1745,0.23015,0.187,0.1237627333237,0.0965,0.113,0.1525,0.4545,0.1525,0.2265,0.2,0.159,0.0515,0.2295,0.266,0.3705,0.388,0.0245,0.444,0.3465,0.393,0.123,0.082,0.16,0.102,0.275488268470437,0.253953747110462,0.247,0.416333333333333,0.188,0.325,0.196466014739196,0.206100639454747,0.354,0.037,0.1495,0.4365,0.0995,0.1665,0.028,0.24202654821803,0.20312482860363,0.317368660350307,0.123,0.10895607332315,0.245,0.105,0.161300338123797,0.27350726398603,0.118,0.155095838283022,0.2465,0.300984925126259,0.25304758394665,0.1525,0.2955,0.34,0.222162185874858,0.165832247395465,0.1225,0.055,0.210666666666667,0.123,0.209,0.055,0.215,0.1125,0.153
"1967",0.187,0.025,0.106,0.202151146182294,0.092,0.0695,0.0855,0.1615,0.196,0.1935,0.032,0.165,0.16,0.117,0.146,0.284,0.206,0.139,0.043,0.2095,0.0785,0.1165,0.134,0.23975,0.2015,0.125245293086596,0.107,0.112,0.173,0.438,0.153,0.243,0.4,0.1675,0.1195,0.1755,0.1965,0.276,0.384,0.0325,0.277,0.314,0.339666666666667,0.1565,0.039,0.1535,0.211,0.273250349512627,0.251121389025584,0.219,0.558,0.1485,0.48,0.201278290610748,0.209510741856509,0.377,0.066,0.142,0.286,0.112,0.438,0.015,0.240625049865711,0.203466411672492,0.306613245101182,0.073,0.108754372014395,0.2255,0.075,0.160410513329421,0.273507266406991,0.146,0.154055987789098,0.3195,0.292834947828822,0.236,0.1825,0.3195,0.328,0.222536511745375,0.168651854528715,0.121,0.0825,0.161333333333333,0.103,0.1655,0.059,0.116,0.1125,0.142
"1968",0.17,0.006,0.1295,0.2021511507342,0.097,0.1295,0.0875,0.1285,0.211,0.197,0.022,0.219,0.252,0.139,0.1075,0.286,0.234,0.176,0.041,0.256,0.2375,0.1485,0.1065,0.3319,0.184,0.056,0.124,0.1805,0.169,0.564,0.179,0.2315,0.313,0.139,0.161,0.3625,0.15,0.294,0.359,0.023,0.195,0.377,0.498333333333333,0.151,0.1085,0.249,0.075,0.270961814976712,0.248206158968972,0.213,0.600333333333333,0.1905,0.395,0.206187380338493,0.212947754030349,0.356,0.211,0.132,0.418,0.1425,0.2715,0.0205,0.257,0.203806027296501,0.295477636803572,0.169,0.092,0.297,0.059,0.159486223019471,0.273507268846635,0.091,0.152981427508712,0.281,0.284435989560987,0.168,0.167,0.2775,0.308,0.222909177582907,0.171497985410002,0.123,0.117,0.125333333333333,0.0495,0.1395,0.05,0.109,0.153,0.174
"1969",0.1185,0.004,0.0475,0.20215115529047,0.034,0.0725,0.102,0.1125,0.209,0.235,0.049,0.199,0.1935,0.152,0.109,0.2855,0.253,0.185125,0.04,0.287,0.251,0.1115,0.0895,0.36855,0.126,0.0505,0.109,0.108,0.1475,0.456,0.162,0.28,0.402,0.12,0.148,0.272,0.2395,0.321,0.3985,0.0235,0.264,0.3365,0.337666666666667,0.1225,0.1065,0.2525,0.052,0.268623741789883,0.245209820174067,0.223,0.553,0.205,0.189,0.137,0.216411103427926,0.282,0.216,0.136,0.3955,0.11,0.209,0.0095,0.197,0.204143717336187,0.283969924671274,0.152,0.1485,0.2985,0.051,0.158528200502791,0.273507271304565,0.097,0.151872895947959,0.2215,0.275793347790208,0.145,0.121,0.2695,0.413,0.223280218707306,0.174370075704259,0.129,0.094,0.222666666666667,0.0525,0.101,0.059,0.076,0.1435,0.192
"1970",0.116,0.03,0.081,0.202151159851008,0.054,0.0565,0.103,0.106,0.114,0.1995,0.047,0.159,0.2145,0.1165,0.066,0.367,0.142,0.17025,0.049,0.2225,0.221,0.083,0.0665,0.1532,0.085,0.048,0.046,0.0965,0.055,0.3715,0.152,0.233,0.238,0.0855,0.152,0.168,0.183,0.239,0.1625,0.022,0.5155,0.22,0.188,0.08,0.102,0.184,0.0625,0.266237206879336,0.24213413587431,0.211,0.259,0.183,0.25,0.076,0.219900217500897,0.147,0.147,0.1325,0.25,0.1325,0.2305,0.0115,0.1625,0.204479523652077,0.272098197918086,0.139,0.1465,0.253,0.065,0.157537179088221,0.273507273780384,0.054,0.150731131612934,0.1365,0.266912319983942,0.162,0.1115,0.182,0.391,0.13,0.177267561076423,0.0845,0.1145,0.151666666666667,0.0275,0.094,0.057,0.06,0.117,0.151
"1971",0.1415,0.013,0.109,0.20215116441572,0.041,0.0675,0.1355,0.08,0.1225,0.178,0.031,0.199,0.076,0.1055,0.08,0.352,0.147,0.159375,0.071,0.238,0.2365,0.0555,0.148,0.3914,0.133,0.051,0.076,0.12,0.236,0.2595,0.1075,0.2975,0.258,0.078,0.0795,0.293,0.17,0.292,0.2735,0.02,0.382,0.234,0.344,0.097,0.124,0.1745,0.1095,0.263803287172264,0.238980869303142,0.214,0.398333333333333,0.139,0.308,0.106,0.223414523700921,0.178,0.127,0.142,0.1995,0.1245,0.3445,0.0425,0.1445,0.2048134881047,0.259870545757806,0.214,0.1635,0.2985,0.082,0.156513892084603,0.273507276273693,0.123,0.149556873009731,0.1735,0.257798203609643,0.159,0.1335,0.2125,0.427,0.125,0.18018987719143,0.0865,0.118,0.242333333333333,0.09,0.092,0.051,0.094,0.1575,0.127
"1972",0.0815,0.025,0.0395,0.202151168984511,0.017,0.0475,0.114,0.0785,0.1765,0.1785,0.036,0.166,0.073,0.0945,0.0585,0.243,0.17,0.155375,0.06,0.197,0.116,0.0475,0.1145,0.2941,0.0785,0.0345,0.077,0.1485,0.2125,0.1815,0.16,0.208,0.348,0.0955,0.0795,0.2735,0.199,0.2925,0.276,0.0185,0.2065,0.202,0.303333333333333,0.073,0.081,0.208,0.1195,0.261323059595859,0.235751783694005,0.1905,0.519,0.1565,0.181,0.101,0.107,0.301,0.119,0.1045,0.202,0.136,0.133,0.0125,0.126,0.205145652554586,0.24729505740423,0.143,0.199,0.279,0.074,0.155459072800781,0.273507278784095,0.132,0.148350858644447,0.2875,0.248456296134767,0.175,0.163,0.217,0.052,0.126,0.183136459714214,0.049,0.15,0.171666666666667,0.061,0.1105,0.044,0.112,0.1545,0.084
"1973",0.114,0.025,0.058,0.202151173557286,0.042,0.049,0.181,0.136,0.097,0.155,0.01,0.177,0.1195,0.09,0.0475,0.3115,0.172,0.108375,0.086,0.2005,0.1375,0.0405,0.109,0.40275,0.086,0.0345,0.088,0.0945,0.214,0.1845,0.106,0.3325,0.29,0.0845,0.0865,0.353,0.123,0.2145,0.3395,0.016,0.1485,0.2265,0.481333333333333,0.0905,0.0715,0.1825,0.1315,0.258797601077318,0.23244864228034,0.326,0.765,0.1395,0.239,0.1,0.123,0.258,0.073,0.1605,0.244,0.1255,0.303,0.0895,0.1585,0.087,0.234379822071157,0.221,0.1655,0.3115,0.125,0.154373454545595,0.273507281311194,0.124,0.147113827023175,0.3245,0.238891895026768,0.189,0.168,0.207,0.157,0.148,0.094,0.0855,0.1415,0.397333333333333,0.1275,0.109,0.05,0.111,0.1505,0.148
"1974",0.1145,0.058,0.0635,0.202151178133949,0.026,0.1855,0.255,0.142,0.159,0.1755,0.122,0.219,0.1165,0.0835,0.083,0.2805,0.158,0.094,0.123,0.269,0.106,0.098,0.155,0.3638,0.1315,0.0755,0.1175,0.136,0.321,0.269,0.239,0.378,0.211,0.1285,0.139,0.4485,0.212,0.191,0.436,0.011,0.372,0.338,0.475666666666667,0.1645,0.1255,0.1345,0.1555,0.316,0.229073208295587,0.337,0.708333333333333,0.187,0.248,0.386,0.335,0.266,0.107,0.2405,0.4275,0.182,0.289,0.208,0.2525,0.173,0.221132928972383,0.46,0.27,0.347,0.122,0.153257770627888,0.27350728385459,0.255,0.145846516652011,0.291,0.229110297753103,0.3065,0.2925,0.2965,0.296,0.156,0.134,0.1745,0.233,0.612666666666667,0.1715,0.1915,0.054,0.173,0.2555,0.221
"1975",0.1185,0.015,0.048,0.202151182714407,0.013,0.321,0.301,0.1475,0.2285,0.3205,0.0925,0.249,0.102,0.111,0.1885,0.213,0.214,0.1485,0.098,0.238,0.146,0.1295,0.1935,0.31145,0.1865,0.1185,0.2,0.3165,0.4875,0.449,0.4395,0.4745,0.278,0.173,0.0965,0.4775,0.1865,0.207,0.4035,0.008,0.576,0.3735,0.521666666666667,0.184,0.164,0.09,0.15,0.256,0.368,0.332,0.764666666666667,0.2015,0.334,0.29,0.491,0.329,0.233,0.3945,0.4795,0.1735,0.2975,0.1735,0.3745,0.208,0.207562467321708,0.397,0.3585,0.4675,0.145,0.152112754356501,0.273507286413888,0.361,0.144549666037049,0.082,0.746,0.361,0.45,0.3835,0.335,0.204,0.185,0.321,0.189,0.480666666666667,0.1125,0.3125,0.067,0.322,0.271,0.29
"1976",0.147,0.026,0.0895,0.202151187298565,0.154,0.3235,0.3775,0.232,0.2825,0.3105,0.0695,0.213,0.077,0.1225,0.1775,0.3155,0.284,0.163,0.1135,0.2785,0.0655,0.2285,0.1795,0.3575,0.256,0.253,0.202,0.329,0.4275,0.4465,0.564,0.4135,0.273,0.2195,0.1475,0.3825,0.1855,0.286,0.402,0.0085,0.6725,0.5155,0.462333333333333,0.204,0.108,0.1075,0.0965,0.161,0.254,0.3975,0.696,0.2725,0.33,0.292,0.382,0.489,0.213,0.464,0.3805,0.189,0.376,0.215,0.3825,0.186,0.193676526332927,0.27,0.3825,0.377,0.142,0.150939139040277,0.273507288988689,0.32,0.143224013684385,0.267,0.597,0.468,0.522,0.4675,0.499,0.418,0.295,0.4865,0.181,0.449666666666667,0.086,0.291,0.124,0.445,0.199,0.306
"1977",0.082,0.013,0.0545,0.202151191886326,0.295,0.2895,0.3145,0.186,0.2305,0.2315,0.038,0.129,0.065,0.1175,0.218,0.34,0.258,0.18725,0.086,0.1955,0.101,0.176,0.0855,0.33355,0.2605,0.243,0.1285,0.348,0.3095,0.495,0.336,0.27,0.31,0.1745,0.0935,0.1735,0.142,0.257,0.351,0.0175,0.541,0.3895,0.288333333333333,0.1245,0.113,0.082,0.1105,0.149,0.2755,0.381,0.402666666666667,0.33,0.396,0.405,0.483,0.529,0.164,0.473,0.335,0.153,0.5055,0.169,0.4305,0.157,0.17948319521984,0.32,0.355,0.3435,0.075,0.149737657988058,0.273507291578595,0.227,0.141870298100114,0.193,0.56,0.4595,0.369,0.389,0.593,0.386,0.192,0.3685,0.163,0.165333333333333,0.05,0.314,0.105,0.334,0.19,0.301
"1978",0.089,0.013,0.103,0.202151196477598,0.287,0.3505,0.3805,0.131,0.302,0.2895,0.0865,0.185,0.064,0.1085,0.1435,0.3865,0.269,0.20775,0.092,0.235,0.1115,0.241,0.0835,0.4186,0.312,0.271,0.229,0.376,0.3865,0.6085,0.3885,0.287,0.255,0.181,0.113,0.391,0.1315,0.297,0.523,0.1205,0.5255,0.3485,0.417333333333333,0.154,0.149,0.116,0.1405,0.158,0.361,0.338,0.478333333333333,0.416,0.567,0.581,0.5845,0.588,0.184,0.35,0.38,0.1985,0.479,0.1475,0.386,0.14,0.993,0.248,0.315,0.4285,0.131,0.168,0.27350729418321,0.346,0.14048925779033,0.2975,0.582,0.387,0.3315,0.4115,0.61,0.381,0.391,0.3615,0.074,0.22,0.084,0.3105,0.1275,0.347,0.2655,0.271
"1979",0.1025,0.035,0.0515,0.202151201072284,0.2865,0.3625,0.334,0.1295,0.3435,0.318,0.1465,0.155,0.0835,0.091,0.1365,0.33,0.224,0.184,0.108,0.281,0.1215,0.21,0.0815,0.3305,0.423,0.298,0.2895,0.4515,0.379,0.5255,0.404,0.1925,0.36,0.157,0.118,0.364,0.1225,0.3165,0.4895,0.1165,0.5405,0.374,0.320666666666667,0.135,0.1355,0.174,0.1765,0.211,0.3645,0.467,0.599666666666667,0.4495,0.353,0.264,0.4905,0.612,0.227,0.315,0.426,0.234,0.4125,0.1715,0.3335,0.161,0.659,0.36,0.307,0.403,0.191,0.346,0.273507296802135,0.344,0.139081631261128,0.2395,0.571,0.462,0.3475,0.4465,0.58,0.472,0.4425,0.2885,0.329,0.202,0.0835,0.273,0.353,0.393,0.197,0.276
"1980",0.064,0.068,0.0895,0.20215120567029,0.2565,0.2525,0.4515,0.263,0.377,0.2125,0.197,0.124,0.109,0.094,0.0955,0.3565,0.166,0.156625,0.0835,0.2955,0.108,0.2735,0.0605,0.23,0.3635,0.2765,0.2145,0.4505,0.3125,0.4715,0.3655,0.295,0.385,0.193,0.268,0.532,0.121,0.307,0.4,0.2125,0.5225,0.3755,0.622666666666667,0.1195,0.132,0.11,0.151,0.266,0.362,0.397,0.899,0.3105,0.311,0.472,0.249,0.692,0.364,0.473,0.483,0.215,0.4685,0.271,0.4255,0.167,0.76,0.329,0.3085,0.3955,0.31,0.271,0.273507299434974,0.284,0.137648157018603,0.161,0.462,0.5015,0.3505,0.3675,0.747,0.406,0.5755,0.2825,0.4,0.347666666666667,0.194,0.295,0.5555,0.335,0.1525,0.195
"1981",0.078,0.048,0.093,0.202151210271521,0.198,0.1975,0.431,0.206,0.294,0.236,0.1605,0.074,0.065,0.1,0.104,0.3825,0.15,0.141875,0.0745,0.2525,0.0945,0.218,0.068,0.1563,0.303,0.34,0.1695,0.3055,0.307,0.36,0.302,0.3,0.362,0.166,0.238,0.2405,0.104,0.2285,0.2765,0.212,0.335,0.2815,0.424666666666667,0.113,0.145,0.117,0.128,0.189,0.2995,0.262,0.589,0.1975,0.153,0.4935,0.277,0.475,0.303,0.391,0.3525,0.196,0.532,0.1515,0.3305,0.239,0.854,0.357,0.2965,0.3295,0.286,0.259,0.273507302081328,0.276,0.183,0.137,0.4,0.429,0.3635,0.2855,0.377,0.35,0.498,0.281,0.2485,0.233333333333333,0.269,0.282,0.588,0.313,0.154,0.212
"1982",0.0415,0.052,0.017,0.202151214875882,0.278,0.231,0.4035,0.198,0.2615,0.236,0.1665,0.103,0.096,0.108,0.1355,0.3615,0.155,0.204625,0.0525,0.2585,0.164,0.2905,0.0845,0.38695,0.4035,0.3655,0.221,0.4625,0.4,0.482,0.3,0.3035,0.334,0.1345,0.111,0.3665,0.132,0.265,0.3645,0.2225,0.524,0.419,0.553333333333333,0.201,0.155,0.224,0.077,0.207,0.3865,0.353,0.821333333333333,0.2475,0.296,0.619,0.52,0.377,0.319,0.497,0.501,0.2335,0.477,0.193,0.366,0.351,0.49,0.156,0.3035,0.4345,0.365,0.2135,0.2735073047408,0.348,0.2295,0.3095,0.434,0.3815,0.373,0.3255,0.47,0.36,0.474,0.4675,0.2035,0.334333333333333,0.215,0.3055,0.3785,0.354,0.3125,0.348
"1983",0.0425,0.046,0.026,0.202151219483279,0.0855,0.189,0.3845,0.165,0.179,0.1575,0.1295,0.065,0.0995,0.08,0.074,0.3055,0.108,0.135125,0.0645,0.147,0.106,0.2015,0.08,0.19255,0.252,0.251,0.211,0.3195,0.2315,0.345,0.2795,0.275,0.379,0.14,0.1975,0.223,0.0505,0.1895,0.319,0.1175,0.4135,0.296,0.363,0.196,0.112,0.0945,0.0535,0.192,0.2155,0.235,0.488333333333333,0.2035,0.144,0.293,0.263,0.371,0.242,0.335,0.332,0.162,0.206,0.1885,0.214,0.389,0.5345,0.265,0.153,0.331,0.196,0.258,0.273507307412993,0.214,0.326,0.229,0.294,0.255,0.2945,0.207,0.483,0.3195,0.295,0.387,0.2305,0.241333333333333,0.1765,0.256,0.342,0.205,0.235,0.246
"1984",0.0605,0.027,0.038,0.202151224093616,0.1905,0.1475,0.412,0.1995,0.2365,0.245,0.1475,0.098,0.0825,0.0825,0.0495,0.374,0.089,0.12375,0.065,0.121,0.1125,0.085,0.109,0.1163,0.241,0.2825,0.2035,0.2235,0.1785,0.297,0.254,0.2745,0.307,0.107,0.1795,0.098,0.093,0.131,0.255,0.0905,0.304,0.1305,0.170333333333333,0.264,0.1075,0.083,0.0605,0.19,0.291,0.1825,0.215333333333333,0.2485,0.123,0.2775,0.2925,0.357,0.168,0.271,0.11,0.073,0.433,0.193,0.241,0.379,0.5955,0.338,0.1475,0.316,0.089,0.2095,0.273507310097509,0.253,0.287,0.1335,0.258,0.1975,0.2425,0.19,0.506,0.2505,0.2355,0.4075,0.1615,0.0843333333333333,0.074,0.217,0.297,0.201,0.1705,0.251
"1985",0.077,0.023,0.0445,0.202151228706799,0.189,0.1805,0.4005,0.159,0.2925,0.1975,0.1565,0.117,0.0945,0.0685,0.0625,0.351,0.125,0.14,0.06,0.1085,0.1565,0.208,0.1025,0.25735,0.3735,0.253,0.2175,0.433,0.2325,0.319,0.341,0.2235,0.197,0.09,0.161,0.2105,0.04,0.186,0.3695,0.061,0.263,0.235,0.270666666666667,0.246,0.1295,0.1505,0.0695,0.166,0.248,0.363,0.501333333333333,0.388,0.251,0.523,0.725,0.44,0.205,0.296,0.3255,0.0965,0.331,0.2025,0.2375,0.286,0.6055,0.261,0.192,0.3045,0.13,0.2305,0.273507312793951,0.258,0.305,0.152,0.297,0.2815,0.289,0.2455,0.553,0.2465,0.4335,0.4885,0.126,0.091,0.0875,0.3005,0.2725,0.248,0.263,0.342
"1986",0.0435,0.007,0.024,0.202151233322733,0.132,0.1375,0.4295,0.1235,0.216,0.1095,0.144,0.053,0.0865,0.054,0.0495,0.2335,0.125,0.140875,0.0565,0.154,0.1115,0.1885,0.107,0.2925,0.382,0.226,0.3005,0.404,0.245,0.2295,0.2955,0.2455,0.241,0.0625,0.0665,0.265,0.0535,0.1455,0.354,0.0855,0.2785,0.3205,0.380333333333333,0.1305,0.131,0.1835,0.052,0.214,0.234,0.247,0.550333333333333,0.3295,0.209,0.391,0.6425,0.391,0.199,0.2695,0.346,0.115,0.199,0.3155,0.2695,0.376,0.6615,0.176,0.138,0.2785,0.14,0.282,0.27350731550192,0.225,0.2235,0.213,0.301,0.3265,0.2855,0.2465,0.318,0.2875,0.407,0.541,0.231,0.256666666666667,0.128,0.314,0.2425,0.077,0.3005,0.304
"1987",0.103,0.059,0.036,0.202151237941322,0.1555,0.1195,0.435,0.1575,0.316,0.2285,0.129,0.075,0.0725,0.0645,0.0415,0.235,0.158,0.13625,0.0645,0.1575,0.057,0.2105,0.081,0.30745,0.416,0.2825,0.287,0.499,0.2535,0.2975,0.246,0.22,0.2,0.04,0.1365,0.457,0.102,0.11,0.323,0.092,0.2915,0.336,0.528,0.1475,0.1235,0.166,0.0825,0.181,0.204,0.206,0.652,0.2935,0.234,0.57,0.7875,0.4,0.22,0.2595,0.2665,0.152,0.42,0.3175,0.266,0.325,0.2895,0.079,0.149,0.322,0.147,0.218,0.27350731822102,0.201,0.211,0.2515,0.2655,0.2835,0.25,0.3115,0.493,0.195,0.4355,0.46,0.2275,0.321,0.185,0.2175,0.2535,0.272,0.326,0.338
"1988",0.0575,0.06,0.0295,0.128,0.056,0.0535,0.32,0.111,0.1435,0.077,0.1675,0.039,0.033,0.0505,0.0295,0.3295,0.071,0.121875,0.049,0.082,0.05,0.0995,0.0505,0.0831,0.1445,0.144,0.1885,0.236,0.1025,0.193,0.095,0.179,0.108,0.045,0.1685,0.1015,0.045,0.0745,0.1965,0.071,0.2755,0.2,0.144666666666667,0.1155,0.1185,0.0625,0.072,0.15,0.1565,0.0845,0.166666666666667,0.193,0.097,0.2605,0.2025,0.205,0.113,0.255,0.1375,0.1,0.554,0.1885,0.146,0.315,0.139,0.015,0.0885,0.2125,0.118,0.2465,0.273507320950854,0.084,0.155,0.279,0.1085,0.1485,0.098,0.1615,0.556,0.1335,0.235,0.345,0.1505,0.143,0.105,0.122,0.2415,0.141,0.173,0.202
"1989",0.068,0.123,0.053,0.146,0.1805,0.1845,0.262,0.129,0.311,0.209,0.2035,0.119,0.032,0.0645,0.041,0.187,0.095,0.14475,0.0505,0.1245,0.0705,0.192,0.098,0.2099,0.291,0.266,0.2685,0.2345,0.1615,0.2685,0.1365,0.2085,0.146,0.0325,0.105,0.14,0.161,0.116,0.29,0.1125,0.351,0.333,0.229,0.1485,0.1015,0.147,0.048,0.19,0.131,0.1255,0.240666666666667,0.2585,0.153,0.683,0.5255,0.254,0.185,0.2175,0.141,0.1145,0.386,0.2315,0.1465,0.211,0.5175,0.3,0.157,0.2745,0.071,0.2465,0.154,0.107,0.135,0.2215,0.1455,0.103,0.187,0.2365,0.462,0.123,0.3525,0.476,0.144,0.116,0.0965,0.1995,0.232,0.267,0.225,0.268
"1990",0.234,0.121,0.143,0.171,0.1855,0.1725,0.401,0.138,0.383,0.1675,0.1535,0.111,0.0275,0.0735,0.022,0.1665,0.07,0.139375,0.14,0.163,0.0645,0.455,0.077,0.3504,0.193,0.274,0.2235,0.4385,0.2235,0.218,0.1935,0.287,0.277,0.058,0.1035,0.3575,0.0875,0.2035,0.341,0.1445,0.2675,0.226,0.586666666666667,0.102,0.103,0.2395,0.0675,0.186,0.134,0.1485,0.565,0.1855,0.189,0.747,0.6925,0.392,0.162,0.236,0.224,0.116,0.157,0.17,0.145,0.188,0.5965,0.224,0.1535,0.137,0.081,0.204,0.121,0.141,0.1535,0.202,0.129,0.095,0.1565,0.2675,0.604,0.0805,0.5015,0.3775,0.111,0.240333333333333,0.1225,0.241,0.248,0.197,0.1725,0.199
"1991",0.2745,0.138,0.2425,0.22,0.202,0.253,0.448,0.211,0.4095,0.2245,0.195,0.372,0.031,0.076,0.1095,0.2185,0.115,0.1335,0.2095,0.2315,0.0345,0.1875,0.075,0.2196,0.2375,0.271,0.2255,0.276,0.204,0.3675,0.252,0.2285,0.131,0.0625,0.0705,0.2355,0.1025,0.187,0.339,0.1785,0.2775,0.157,0.358333333333333,0.1315,0.1,0.132,0.046,0.108,0.0615,0.141,0.442,0.1565,0.114,0.478,0.415,0.389,0.094,0.284,0.215,0.102,0.1815,0.2785,0.095,0.157,0.551,0.066,0.1495,0.0635,0.144,0.1275,0.082,0.116,0.112,0.168,0.1095,0.065,0.061,0.1945,0.344,0.043,0.441,0.4355,0.109,0.203333333333333,0.1635,0.2505,0.151,0.132,0.193,0.257
"1992",0.422,0.115,0.83,0.251,0.381,0.5145,0.6515,0.4735,0.7195,0.3425,0.253,0.52,0.0265,0.1305,0.198,0.215,0.254,0.242875,0.583,0.4885,0.0285,0.4685,0.0885,0.2297,0.4245,0.5275,0.115,0.4425,0.427,0.53,0.4455,0.3185,0.131,0.118,0.1035,0.3215,0.2785,0.2585,0.479,0.2025,0.358,0.262,0.528333333333333,0.2005,0.1015,0.3295,0.1535,0.16,0.1075,0.1595,0.572,0.246,0.278,0.801,0.7515,0.523,0.29,0.489,0.3625,0.3065,0.464,0.1525,0.1625,0.166,0.6765,0.226,0.2455,0.0645,0.284,0.128,0.077,0.202,0.123,0.2885,0.174,0.0685,0.13,0.3405,0.441,0.0675,0.607,0.644,0.154,0.236666666666667,0.1985,0.455,0.1885,0.28,0.1935,0.251
"1993",0.293,0.116,0.5135,0.332,0.275,0.3095,0.783,0.2115,0.4555,0.222,0.251,0.399,0.024,0.162,0.2,0.3805,0.166,0.222,0.556,0.457,0.0615,0.4445,0.1075,0.27805,0.4135,0.47,0.3485,0.4415,0.2325,0.484,0.3605,0.4235,0.11,0.1035,0.087,0.3125,0.178,0.239,0.4165,0.218,0.42,0.1725,0.555,0.2145,0.0505,0.3105,0.0905,0.176,0.125,0.143,0.845333333333333,0.1535,0.213,0.896,0.756,0.417,0.146,0.4845,0.2825,0.106,0.3185,0.205,0.1825,0.143,0.6625,0.304,0.1665,0.0755,0.327,0.1305,0.08,0.125,0.149,0.3445,0.221,0.08,0.09,0.306,0.523,0.079,0.71,0.5565,0.1345,0.357666666666667,0.267,0.3035,0.1665,0.269,0.212,0.276
"1994",0.2675,0.138,0.2615,0.206,0.223,0.225,0.5055,0.126,0.183,0.1865,0.1125,0.255,0.02,0.1595,0.143,0.267,0.191,0.165625,0.4435,0.306,0.104,0.292,0.094,0.1131,0.2615,0.2005,0.177,0.2825,0.2335,0.4725,0.2235,0.2855,0.082,0.065,0.0545,0.087,0.095,0.1065,0.2795,0.237,0.3405,0.1515,0.145666666666667,0.1205,0.062,0.1405,0.0625,0.104,0.092,0.065,0.209333333333333,0.074,0.146,0.344,0.291,0.35,0.131,0.3125,0.2665,0.082,0.353,0.1415,0.148,0.083,0.448,0.12,0.1095,0.0605,0.169,0.1315,0.094,0.084,0.143,0.2545,0.145,0.092,0.06,0.278,0.259,0.131,0.3855,0.4665,0.14,0.204333333333333,0.1905,0.277,0.1425,0.197,0.1825,0.22
"1995",0.394,0.11,0.2805,0.3525,0.3015,0.437,0.5895,0.338,0.164,0.0725,0.224,0.283,0.0305,0.184,0.1315,0.3805,0.235,0.1835,0.4845,0.366,0.1525,0.411,0.0605,0.133,0.295,0.133,0.153,0.384,0.2295,0.5475,0.302,0.225,0.102,0.0725,0.1675,0.102,0.2865,0.2065,0.377,0.381,0.3825,0.274,0.221666666666667,0.1385,0.062,0.25,0.1335,0.086,0.1215,0.1275,0.435666666666667,0.231,0.178,0.6525,0.668,0.36,0.203,0.343,0.3075,0.1245,0.262,0.11,0.139,0.08,0.4975,0.073,0.0795,0.086,0.165,0.1875,0.104,0.073,0.163,0.249,0.2035,0.0955,0.077,0.354,0.236,0.1155,0.5225,0.492,0.192,0.224666666666667,0.1445,0.329,0.1315,0.275,0.16,0.228
"1996",0.2515,0.106,0.156,0.0855,0.202,0.2555,0.513,0.1755,0.0985,0.0645,0.14,0.188,0.0605,0.214,0.109,0.257,0.183,0.18,0.462,0.2455,0.2865,0.256,0.0595,0.20125,0.2945,0.0545,0.3035,0.143,0.1465,0.425,0.161,0.296,0.029,0.0555,0.1405,0.1225,0.1975,0.14,0.37,0.2385,0.299,0.183,0.164666666666667,0.0595,0.0305,0.2635,0.0645,0.11,0.165,0.07,0.226,0.1735,0.118,0.3985,0.345,0.19,0.117,0.386,0.185,0.0495,0.129,0.0685,0.188,0.083,0.301,0.03,0.0445,0.0655,0.18,0.0935,0.104,0.05,0.1655,0.172,0.209,0.093,0.047,0.2555,0.199,0.1465,0.285,0.465,0.1335,0.233,0.172,0.187,0.1135,0.094,0.1515,0.184
"1997",0.18,0.103,0.206,0.1595,0.2,0.339,0.458,0.174,0.1595,0.114,0.102,0.229,0.1755,0.3065,0.115,0.166,0.142,0.18425,0.3615,0.247,0.3035,0.292,0.047,0.12485,0.38,0.092,0.31,0.264,0.1695,0.3145,0.1655,0.236,0.19,0.042,0.13,0.098,0.3075,0.1495,0.4425,0.2375,0.2965,0.3005,0.181333333333333,0.101,0.0895,0.1975,0.1255,0.144,0.1725,0.1,0.211333333333333,0.1915,0.114,0.3645,0.2615,0.202,0.189,0.3615,0.276,0.097,0.151,0.0785,0.186,0.056,0.299,0.03,0.0425,0.073,0.094,0.0815,0.11,0.078,0.2355,0.1815,0.244,0.098,0.0305,0.2655,0.314,0.158,0.3145,0.4335,0.1945,0.225333333333333,0.135,0.1845,0.092,0.121,0.094,0.209
"1998",0.2275,0.181,0.248,0.228,0.189,0.328,0.605,0.17,0.191,0.179,0.0845,0.166,0.195,0.3145,0.128,0.194,0.146,0.300625,0.3175,0.392,0.181,0.357,0.0675,0.3603,0.4765,0.1215,0.2595,0.171,0.199,0.613,0.178,0.2765,0.183,0.05,0.2005,0.2005,0.268,0.1275,0.494,0.1595,0.3185,0.178,0.230666666666667,0.156,0.079,0.349,0.134,0.148,0.173,0.059,0.333,0.17,0.229,0.9245,0.5235,0.245,0.105,0.526,0.3365,0.0675,0.2175,0.079,0.18,0.09,0.307,0.019,0.041,0.099,0.122,0.141,0.132,0.055,0.1835,0.256,0.2415,0.107,0.0405,0.2585,0.358,0.204,0.4075,0.433,0.115,0.271333333333333,0.2045,0.1635,0.0685,0.083,0.195,0.226
"1999",0.3095,0.153,0.2515,0.159,0.187,0.329,0.4955,0.1495,0.1935,0.1685,0.0755,0.135,0.158,0.2615,0.1105,0.134,0.258,0.22225,0.259,0.2255,0.141,0.3075,0.0815,0.2871,0.37,0.135,0.222,0.1525,0.2205,0.3815,0.2005,0.254,0.116,0.0575,0.153,0.135,0.167,0.122,0.375,0.1065,0.2495,0.159,0.273,0.159,0.1015,0.3435,0.142,0.158,0.201,0.091,0.424333333333333,0.1175,0.237,0.6435,0.2975,0.287,0.089,0.3135,0.2395,0.0505,0.1995,0.073,0.193,0.082,0.3115,0.021,0.0325,0.1115,0.088,0.092,0.1225,0.129,0.171,0.2025,0.3325,0.098,0.0325,0.281,0.47,0.2005,0.304,0.417,0.0705,0.298666666666667,0.2595,0.2215,0.081,0.095,0.186,0.282
"2000",0.258,0.139,0.2685,0.262,0.1795,0.375,0.568,0.148,0.1455,0.2405,0.03,0.121,0.172,0.245,0.129,0.149,0.189,0.2435,0.2455,0.217,0.27,0.3,0.0895,0.18465,0.3105,0.1705,0.188,0.2095,0.2365,0.296,0.224,0.3325,0.098,0.0675,0.1685,0.125,0.2025,0.1365,0.38,0.133,0.2795,0.1665,0.157333333333333,0.1845,0.0855,0.3435,0.146,0.233,0.2715,0.049,0.34,0.206,0.158,0.7895,0.2215,0.149,0.099,0.291,0.2435,0.0595,0.2485,0.061,0.2185,0.074,0.314,0.01,0.0175,0.0745,0.137,0.0915,0.163,0.08,0.145,0.239,0.25,0.143,0.02,0.227,0.468,0.2295,0.3615,0.4705,0.1135,0.185,0.2265,0.1655,0.084,0.08,0.149,0.248
"2001",0.279,0.034,0.2665,0.166,0.2015,0.3195,0.5705,0.162,0.1655,0.203,0.035,0.142,0.142,0.357,0.1535,0.0615,0.266,0.265375,0.34,0.3325,0.2575,0.311,0.1245,0.2839,0.4145,0.197,0.2025,0.2835,0.261,0.411,0.2025,0.329,0.34,0.0575,0.1165,0.1725,0.128,0.1605,0.387,0.0805,0.3365,0.2095,0.345666666666667,0.2245,0.047,0.3175,0.23,0.229,0.242,0.0545,0.539333333333333,0.207,0.137,0.534,0.3805,0.247,0.119,0.3355,0.281,0.085,0.249,0.105,0.1955,0.101,0.362,0.037,0.019,0.128,0.138,0.101,0.143,0.069,0.0635,0.306,0.2575,0.1495,0.0135,0.284,0.136,0.2345,0.368,0.549,0.128,0.229666666666667,0.234,0.2275,0.0975,0.097,0.221,0.359
"2002",0.2615,0.178,0.1665,0.2405,0.1185,0.2885,0.39,0.109,0.1925,0.191,0.031,0.086,0.1385,0.311,0.106,0.157,0.155,0.2385,0.24,0.3765,0.1675,0.2705,0.085,0.16235,0.2735,0.1335,0.201,0.2185,0.205,0.381,0.201,0.375,0.14,0.0335,0.2065,0.153,0.1395,0.1145,0.3565,0.0465,0.274,0.15,0.281333333333333,0.199,0.0465,0.2125,0.17,0.167,0.208,0.036,0.408666666666667,0.1025,0.098,0.48,0.449,0.224,0.108,0.4075,0.2575,0.0955,0.2165,0.0845,0.178,0.118,0.2435,0.029,0.022,0.1055,0.156,0.0955,0.156,0.076,0.0615,0.185,0.2225,0.1215,0.0095,0.219,0.639,0.194,0.2885,0.4195,0.0585,0.22,0.25,0.2055,0.0665,0.072,0.1665,0.275
"2003",0.277,0.252,0.236,0.2805,0.1675,0.2505,0.3995,0.1055,0.2395,0.1885,0.063,0.092,0.094,0.336,0.0735,0.0985,0.196,0.2595,0.2195,0.2905,0.172,0.2765,0.0635,0.09645,0.284,0.1225,0.1575,0.2635,0.175,0.4035,0.2395,0.322,0.147,0.0595,0.0985,0.108,0.1835,0.082,0.4655,0.0325,0.2325,0.158,0.179333333333333,0.132,0.083,0.1815,0.127,0.1975,0.2135,0.0305,0.366333333333333,0.1235,0.093,0.4545,0.3475,0.185,0.095,0.374,0.2715,0.0925,0.1845,0.0675,0.144,0.119,0.163,0.014,0.035,0.102,0.079,0.0945,0.3835,0.057,0.0425,0.194,0.271,0.1385,0.005,0.2425,0.699,0.178,0.2755,0.423,0.102,0.169666666666667,0.1965,0.191,0.056,0.118,0.1655,0.23
"2004",0.205,0.112,0.229,0.14,0.1125,0.1725,0.3385,0.1075,0.248,0.1115,0.1555,0.093,0.0975,0.3905,0.0965,0.109,0.197,0.254375,0.1855,0.175,0.176,0.2435,0.0665,0.1721,0.239,0.1005,0.1375,0.232,0.139,0.32,0.2445,0.3095,0.138,0.0795,0.1605,0.182,0.071,0.0905,0.404,0.0485,0.244,0.0755,0.229666666666667,0.1135,0.1045,0.2335,0.107,0.19,0.2145,0.052,0.496666666666667,0.117,0.077,0.451,0.3805,0.237,0.045,0.3345,0.209,0.0725,0.152,0.0665,0.163,0.092,0.1405,0.004,0.018,0.1235,0.073,0.044,0.2635,0.046,0.053,0.2145,0.248,0.138,0.017,0.1595,0.645,0.155,0.268,0.3395,0.097,0.190333333333333,0.2125,0.116,0.0565,0.057,0.151,0.253
"2005",0.163,0.351,0.223,0.1385,0.2035,0.227,0.3695,0.0715,0.176,0.1695,0.257,0.125,0.093,0.3745,0.1145,0.107,0.164,0.251125,0.188,0.298,0.1845,0.273,0.052,0.17305,0.283,0.15,0.2255,0.2765,0.1455,0.2855,0.24,0.2525,0.024,0.0785,0.1165,0.159,0.113,0.0835,0.369,0.0105,0.239,0.111,0.228,0.1675,0.081,0.1365,0.1625,0.2765,0.199,0.032,0.392666666666667,0.106,0.078,0.48,0.4115,0.182,0.083,0.2895,0.1835,0.128,0.181,0.037,0.154,0.1,0.1705,0.004,0.032,0.1365,0.085,0.081,0.235,0.049,0.066,0.1705,0.2675,0.154,0.0265,0.231,0.376,0.165,0.2195,0.371,0.158,0.187,0.264,0.226,0.0595,0.048,0.1705,0.179
"2006",0.2315,0.111,0.2045,0.1235,0.1365,0.182,0.4385,0.081,0.186,0.1655,0.262,0.078,0.0775,0.3365,0.1025,0.1035,0.121,0.241625,0.2375,0.2955,0.0775,0.286,0.045,0.3327,0.3135,0.142,0.154,0.247,0.124,0.2815,0.2555,0.2925,0.02,0.074,0.1255,0.1845,0.114,0.093,0.37,0.006,0.2105,0.154,0.275,0.2245,0.066,0.2895,0.166,0.2405,0.1455,0.043,0.326666666666667,0.139,0.088,0.569,0.298,0.184,0.062,0.4765,0.1855,0.081,0.1935,0.0405,0.176,0.13,0.205,0.017,0.013,0.1565,0.058,0.0315,0.1965,0.014,0.0205,0.172,0.241,0.151,0.016,0.184,0.158,0.1205,0.2595,0.4495,0.0575,0.233,0.2845,0.1865,0.0445,0.051,0.185,0.231
"2007",0.132,0.097,0.157,0.087,0.0975,0.1515,0.454,0.0195,0.1235,0.1265,0.1395,0.044,0.076,0.305,0.0495,0.096,0.114,0.197125,0.19,0.3075,0.1165,0.2065,0.0395,0.1816,0.333,0.1275,0.1315,0.1645,0.098,0.3225,0.235,0.2525,0.032,0.039,0.096,0.101,0.0635,0.0545,0.3505,0.0075,0.2035,0.0575,0.131666666666667,0.187,0.064,0.283,0.0995,0.1575,0.166,0.015,0.132666666666667,0.1405,0.063,0.33,0.241,0.203,0.057,0.5005,0.096,0.0285,0.187,0.019,0.1425,0.089,0.1365,0.029,0.026,0.1005,0.086,0.0275,0.2165,0.027,0.022,0.184,0.235,0.1395,0.01,0.1395,0.093,0.15,0.163,0.429,0.0415,0.135666666666667,0.204,0.13,0.0485,0.031,0.1375,0.191
"2008",0.1615,0.088,0.2335,0.1,0.217,0.218,0.2855,0.1015,0.203,0.1495,0.1295,0.019,0.075,0.313,0.052,0.1255,0.234,0.237625,0.2,0.2945,0.088,0.287,0.031,0.33455,0.309,0.108,0.093,0.2565,0.1785,0.318,0.2455,0.254,0.03,0.0425,0.096,0.1125,0.102,0.075,0.358,0.006,0.2215,0.045,0.189,0.181,0.0575,0.205,0.1325,0.143,0.195,0.015,0.157666666666667,0.161,0.09,0.378,0.2665,0.109,0.058,0.243,0.1185,0.0365,0.258,0.027,0.1515,0.074,0.192,0.1,0.028,0.1135,0.051,0.015,0.3525,0.028,0.021,0.2155,0.225,0.093,0.131035400756113,0.1885,0.224,0.1265,0.2235,0.3655,0.037,0.116,0.1795,0.187,0.047,0.069,0.153,0.255
"2009",0.167,0.048,0.0885,0.088,0.105,0.177,0.3925,0.0595,0.1845,0.13,0.084,0.04,0.053,0.3185,0.045,0.0905,0.122,0.2385,0.186,0.2705,0.071,0.2835,0.032,0.3325,0.303,0.1055,0.12,0.1905,0.139,0.3745,0.2265,0.2405,0.063,0.0465,0.073,0.1915,0.0805,0.0785,0.3945,0.0055,0.2045,0.0285,0.218,0.1825,0.1105,0.3155,0.0685,0.1505,0.144,0.13933005092548,0.342333333333333,0.135,0.092,0.494,0.3015,0.123,0.047,0.23,0.1005,0.046,0.283,0.015,0.1055,0.083,0.14,0.041,0.0355,0.115,0.03,0.019,0.2095,0.022,0.035,0.2285,0.217,0.1,0.129505132909836,0.181,0.371,0.126,0.1485,0.406,0.032,0.129,0.2115,0.142,0.0445,0.065,0.1365,0.188
"2010",0.138,0.025,0.1505,0.076,0.107,0.1445,0.5615,0.07,0.127,0.0815,0.0245,0.021,0.0425,0.3345,0.027,0.1025,0.125,0.218875,0.2105,0.295,0.0295,0.3065,0.028,0.3202,0.288,0.1035,0.1005,0.2835,0.078,0.2645,0.1975,0.292,0.039,0.0315,0.041,0.267,0.0705,0.108,0.352,0.007,0.2435,0.046,0.215,0.153,0.06,0.2375,0.0655,0.1265,0.232,0.13618731935876,0.336333333333333,0.124,0.072,0.5335,0.3535,0.144,0.041,0.4195,0.133,0.0445,0.332,0.0105,0.119,0.058,0.218,0.092,0.028,0.0985,0.037,0.043,0.1715,0.009,0.0515,0.1545,0.2215,0.1285,0.12796801095954,0.1925,0.14,0.1375,0.172,0.4125,0.0425,0.148666666666667,0.202,0.187,0.0455,0.048,0.155,0.265
"2011",0.1115,0.009,0.1465,0.0455,0.0815,0.083,0.4185,0.046,0.1265,0.063,0.0495,0.012,0.022,0.4075,0.0265,0.0225,0.023,0.217875,0.125,0.1425,0.0165,0.2275,0.028,0.1327,0.059,0.0765,0.109,0.1125,0.0765,0.2065,0.128,0.2695,0.054,0.035,0.052,0.129,0.071,0.0835,0.2515,0.007,0.2065,0.0115,0.122666666666667,0.113,0.018,0.1305,0.052,0.1165,0.218,0.133040155574783,0.231,0.1515,0.122,0.268,0.1305,0.096,0,0.2935,0.1055,0.0345,0.095,0.009,0.107,0.058,0.125,0.097,0.0605,0.119,0.034,0.011,0.249,0.132039220785615,0.028,0.1925,0.3285,0.0875,0.126425405726029,0.13,0.252,0.1325,0.1345,0.339,0.033,0.109,0.18,0.106,0.0355,0.046,0.119,0.195
"2012",0.0875,0.007,0.0765,0.0415,0.0565,0.076,0.293,0.058,0.1295,0.079,0.0355,0.024,0.019,0.289,0.025,0.0605,0.03,0.230125,0.086,0.103,0.018,0.2205,0.036,0.0818,0.0825,0.1265,0.0735,0.1065,0.0765,0.1845,0.1745,0.156,0.011,0.017,0.0365,0.084,0.0665,0.0665,0.2535,0.01,0.1595,0.077,0.0503333333333333,0.1105,0.0485,0.071,0.0555,0.115,0.1535,0.129889667627864,0.09,0.128,0.066,0.082,0.053,0.109,0.052,0.2835,0.0815,0.031,0.047,0.0095,0.079,0.051,0.0545,0.007,0.09,0.0785,0.028,0.0215,0.1575,0.132039739075855,0.0295,0.1495,0.19,0.074,0.124878688030107,0.078,0.261,0.127,0.0995,0.229,0.0565,0.043,0.071,0.0955,0.029,0.03,0.1105,0.138
"2013",0.055,0.022,0.049,0.058,0.074,0.0685,0.48,0.0475,0.144,0.201086897465922,0.031,0.018,0.0165,0.3325,0.0225,0.0555,0.027,0.226875,0.051,0.0895,0.025,0.3105,0.0345,0.0208,0.089,0.1655,0.057,0.152,0.0455,0.2975,0.1875,0.167,0.051,0.0145,0.034,0.102,0.079,0.148,0.3435,0.0055,0.255,0.059,0.0673333333333333,0.165,0.044,0.1485,0.1015,0.2185,0.2065,0.126736963572316,0.0963333333333333,0.2505,0.09,0.0835,0.045,0.194,0.074,0.272,0.106,0.0355,0.051,0.02,0.0965,0.035,0.0855,0.0624422832138368,0.011,0.082,0.033,0.0235,0.145,0.132040257455331,0.0315,0.1985,0.3135,0.103,0.123329228692577,0.041,0.033,0.1785,0.3335,0.339,0.0345,0.0496666666666667,0.086,0.0625,0.0255,0.175015873669867,0.1055,0.2
"2014",0.0345,0.117889121226469,0.272250891295143,0.019,0.007,0.27804329844955,0.098,0.172253563824985,0.0165,0.2014690898799,0.152781298529994,0.153736032416083,0.115390182783897,0.109,0.0195,0.017,0.154240454781402,0.113875,0.292498421500084,0.046,0.056,0.05,0.0335,0.0772269517667648,0.3144105487694,0.075,0.228064684118125,0.297833350833389,0.164702212494438,0.175,0.0325,0.077,0.202176640936942,0.123470744386464,0.157570326340047,0.008,0.181205179543701,0.017,0.0245,0.007,0.0715,0.207774733094045,0.194537396993486,0.074,0.03,0.258938025312728,0.0145,0.0485,0.07,0.123583151462455,0.298774288793205,0.018,0.014,0.501033787279319,0.390236981519181,0.037,0.160583767465036,0.1285,0.265543278619087,0.143157904502322,0.304611970384747,0.006,0.045,0.022,0,0.0607823235823669,0.0696499542779225,0.041,0.029,0.0923949561580653,0.047,0.132040775879425,0.0788035768635778,0.0795,0.053,0.0445,0.121778398534243,0.267504185240412,0.368087774661594,0.055,0.0135,0.098,0.0926558559256591,0.215981639135315,0.283686849822174,0.250930237884498,0.0225,0.175402067698041,0.0355,0.1
